{"mean":{"confidence_interval":{"confidence_level":0.95,"lower_bound":-0.0076282324755291035,"upper_bound":0.0032657571603571796},"point_estimate":-0.0027555007552138022,"standard_error":0.0027227499106106715},"median":{"confidence_interval":{"confidence_level":0.95,"lower_bound":-0.005463674584827438,"upper_bound":0.0012347458693094723},"point_estimate":-0.0022270779326860612,"standard_error":0.0017436425784539645}}