{"mean":{"confidence_interval":{"confidence_level":0.95,"lower_bound":-0.009505486107243308,"upper_bound":-0.004538045593976475},"point_estimate":-0.006869441493915107,"standard_error":0.0012662485495366332},"median":{"confidence_interval":{"confidence_level":0.95,"lower_bound":-0.006873274724242595,"upper_bound":-0.00270850952485735},"point_estimate":-0.004889352681228587,"standard_error":0.0011663988284347367}}