./logs/programs/OneDrive/Local/Microsoft/OneDrive/logs/ListSync/Business1/Nucleus-2025-12-23.1618.7692.3.aodl┋20251223T161840.364000000┋2025-12-24T00:18:40.364+08:00 OneAuthAuthenticator.cpp:Nucleus::Auth::OneAuthAuthenticator::GetAuthParameters;
⇳
./logs/programs/OneDrive/Local/Microsoft/OneDrive/logs/ListSync/Business1/Nucleus-2025-12-23.1618.7692.3.aodl┋20251223T161840.364000000┋2025-12-24T00:18:40.364+08:00 OneAuthAuthenticator.cpp:Nucleus::Auth::OneAuthAuthenticator::AcquireTokenSilentlyInternal;
⇳
./logs/programs/OneDrive/Local/Microsoft/OneDrive/logs/ListSync/Business1/Nucleus-2025-12-23.1618.7692.3.aodl┋20251223T161840.364000000┋2025-12-24T00:18:40.364+08:00 AuthenticationProvider.cpp:Nucleus::Auth::AuthenticationProvider::HandleAcquireTokenSilentlyException;
⇳
./logs/programs/OneDrive/Local/Microsoft/OneDrive/logs/ListSync/Business1/Nucleus-2025-12-23.1618.7692.3.aodl┋20251223T161840.365000000┋2025-12-24T00:18:40.365+08:00 AuthenticationScenarioTelemetry.cpp:Nucleus::Auth::AuthenticationScenarioTelemetry::Report; AuthSignIn AuthAcquireTokenSilently UnexpectedFailure No available AAD accounts, aborting sign in. https://onedrive.live.com OneAuth
⇳
./logs/programs/OneDrive/Local/Microsoft/OneDrive/logs/ListSync/Business1/Nucleus-2025-12-23.1618.7692.3.aodl┋20251223T161840.365000000┋2025-12-24T00:18:40.365+08:00 LoggingTelemetrySession.cpp:LoggingTelemetrySession::ApplyASHATransform; AuthSignIn UnexpectedFailure
⇳
./logs/programs/OneDrive/Local/Microsoft/OneDrive/logs/ListSync/Business1/Nucleus-2025-12-23.1618.7692.3.aodl┋20251223T161840.365000000┋2025-12-24T00:18:40.365+08:00 LogUploaderServiceApi.cpp:LogUpload::LogUploaderService::LogUploaderServiceApi::GetAuthHeader;
⇳
./logs/programs/OneDrive/Local/Microsoft/OneDrive/logs/ListSync/Business1/Nucleus-2025-12-23.1618.7692.3.aodl┋20251223T161840.365000000┋2025-12-24T00:18:40.365+08:00 LogUploaderServiceApi.cpp:LogUpload::LogUploaderService::LogUploaderServiceApi::GetLogBatchUploadLocation;
⇳
./logs/programs/OneDrive/Local/Microsoft/OneDrive/logs/ListSync/Business1/Nucleus-2025-12-23.1618.7692.3.aodl┋20251223T161840.365000000┋2025-12-24T00:18:40.365+08:00 NucleusLogUploader.cpp:Nucleus::System::NucleusEnvironmentLogUploaderConfig::Report; LogUpload LogUpload Success
⇳
./logs/programs/OneDrive/Local/Microsoft/OneDrive/logs/ListSync/Business1/Nucleus-2025-12-23.1618.7692.3.aodl┋20251223T161840.365000000┋2025-12-24T00:18:40.365+08:00 LogUploader2.cpp:LogUpload::LogUploader2::LogBatchIsReady;
⇳
./logs/programs/OneDrive/Local/Microsoft/OneDrive/logs/ListSync/Business1/Nucleus-2025-12-23.1618.7692.3.aodl┋20251223T161850.371000000┋2025-12-24T00:18:50.371+08:00 WorkerThreadPool.cpp:WorkerThreadPool::OnThreadExiting; AuthenticationProviderThreadPool
⇳
./logs/programs/OneDrive/Local/Microsoft/OneDrive/logs/ListSync/Business1/Nucleus-2025-12-23.1618.7692.3.aodl┋20251223T161850.371000000┋2025-12-24T00:18:50.371+08:00 WorkerThreadPool.cpp:WorkerThreadPool::OnThreadExiting; AuthenticationProviderThreadPool
⇳
./logs/programs/OneDrive/Local/Microsoft/OneDrive/logs/ListSync/Business1/Nucleus-2025-12-23.1618.7692.3.aodl┋20251223T164457.487000000┋2025-12-24T00:44:57.487+08:00 WorkerThreadPool.cpp:WorkerThreadPool::AddThread; Nucleus Shared Worker Thread
⇳
./logs/programs/OneDrive/Local/Microsoft/OneDrive/logs/ListSync/Business1/Nucleus-2025-12-23.1618.7692.3.aodl┋20251223T164457.487000000┋2025-12-24T00:44:57.487+08:00 WorkerThreadPool.cpp:WorkerThreadPool::WorkerMainLoop; Nucleus Shared Worker Thread
⇳
./logs/programs/OneDrive/Local/Microsoft/OneDrive/logs/ListSync/Business1/Nucleus-2025-12-23.1618.7692.3.aodl┋20251223T164457.488000000┋2025-12-24T00:44:57.488+08:00 ListSyncEngine.cpp:Nucleus::Sync::ListSync::ListSyncEngine::PollForDriveTokenRefreshAsync::<lambda_1>::operator ();
⇳
./logs/programs/OneDrive/Local/Microsoft/OneDrive/logs/ListSync/Business1/Nucleus-2025-12-23.1618.7692.3.aodl┋20251223T164457.488000000┋2025-12-24T00:44:57.488+08:00 ScenarioTracking.cpp:LogNewTraceCreated; RetriableTaskExecution/ c647e70a-d05a-4e3a-b665-6a3ad3e57f98/
⇳
./logs/programs/OneDrive/Local/Microsoft/OneDrive/logs/ListSync/Business1/Nucleus-2025-12-23.1618.7692.3.aodl┋20251223T164457.488000000┋2025-12-24T00:44:57.488+08:00 WorkerThreadPool.cpp:WorkerThreadPool::AddThread; Nucleus Database Worker Thread
⇳
./logs/programs/OneDrive/Local/Microsoft/OneDrive/logs/ListSync/Business1/Nucleus-2025-12-23.1618.7692.3.aodl┋20251223T164457.488000000┋2025-12-24T00:44:57.488+08:00 WorkerThreadPool.cpp:WorkerThreadPool::WorkerMainLoop; Nucleus Database Worker Thread
⇳
./logs/programs/OneDrive/Local/Microsoft/OneDrive/logs/ListSync/Business1/Nucleus-2025-12-23.1618.7692.3.aodl┋20251223T164457.488000000┋2025-12-24T00:44:57.488+08:00 ListSyncEngine.cpp:Nucleus::Sync::ListSync::ListSyncEngine::RefreshDriveTokensForListCollectionWithRandomization;
⇳
./logs/programs/OneDrive/Local/Microsoft/OneDrive/logs/ListSync/Business1/Nucleus-2025-12-23.1618.7692.3.aodl┋20251223T164457.488000000┋2025-12-24T00:44:57.488+08:00 WorkerThreadPool.cpp:WorkerThreadPool::AddThread; Nucleus Shared Worker Thread
⇳
./logs/programs/OneDrive/Local/Microsoft/OneDrive/logs/ListSync/Business1/Nucleus-2025-12-23.1618.7692.3.aodl┋20251223T164457.488000000┋2025-12-24T00:44:57.488+08:00 WorkerThreadPool.cpp:WorkerThreadPool::AddThread; Nucleus Shared Worker Thread
⇳
./logs/programs/OneDrive/Local/Microsoft/OneDrive/logs/ListSync/Business1/Nucleus-2025-12-23.1618.7692.3.aodl┋20251223T164457.488000000┋2025-12-24T00:44:57.488+08:00 WorkerThreadPool.cpp:WorkerThreadPool::WorkerMainLoop; Nucleus Shared Worker Thread
⇳
./logs/programs/OneDrive/Local/Microsoft/OneDrive/logs/ListSync/Business1/Nucleus-2025-12-23.1618.7692.3.aodl┋20251223T164457.488000000┋2025-12-24T00:44:57.488+08:00 WorkerThreadPool.cpp:WorkerThreadPool::WorkerMainLoop; Nucleus Shared Worker Thread
⇳
./logs/programs/OneDrive/Local/Microsoft/OneDrive/logs/ListSync/Business1/Nucleus-2025-12-23.1618.7692.3.aodl┋20251223T164527.502000000┋2025-12-24T00:45:27.502+08:00 WorkerThreadPool.cpp:WorkerThreadPool::OnThreadExiting; Nucleus Database Worker Thread
⇳
./logs/programs/OneDrive/Local/Microsoft/OneDrive/logs/ListSync/Business1/Nucleus-2025-12-23.1618.7692.3.aodl┋20251223T164527.502000000┋2025-12-24T00:45:27.502+08:00 WorkerThreadPool.cpp:WorkerThreadPool::OnThreadExiting; Nucleus Database Worker Thread
⇳
./logs/programs/OneDrive/Local/Microsoft/OneDrive/logs/ListSync/Business1/Nucleus-2025-12-23.1618.7692.3.aodl┋20251223T164527.502000000┋2025-12-24T00:45:27.502+08:00 WorkerThreadPool.cpp:WorkerThreadPool::OnThreadExiting; Nucleus Shared Worker Thread
⇳
./logs/programs/OneDrive/Local/Microsoft/OneDrive/logs/ListSync/Business1/Nucleus-2025-12-23.1618.7692.3.aodl┋20251223T164527.502000000┋2025-12-24T00:45:27.502+08:00 WorkerThreadPool.cpp:WorkerThreadPool::OnThreadExiting; Nucleus Shared Worker Thread
⇳
./logs/programs/OneDrive/Local/Microsoft/OneDrive/logs/ListSync/Business1/Nucleus-2025-12-23.1618.7692.3.aodl┋20251223T164527.502000000┋2025-12-24T00:45:27.502+08:00 WorkerThreadPool.cpp:WorkerThreadPool::OnThreadExiting; Nucleus Shared Worker Thread
⇳
./logs/programs/OneDrive/Local/Microsoft/OneDrive/logs/ListSync/Business1/Nucleus-2025-12-23.1618.7692.3.aodl┋20251223T164527.502000000┋2025-12-24T00:45:27.502+08:00 WorkerThreadPool.cpp:WorkerThreadPool::OnThreadExiting; Nucleus Shared Worker Thread
⇳
./logs/programs/OneDrive/Local/Microsoft/OneDrive/logs/ListSync/Business1/Nucleus-2025-12-23.1618.7692.3.aodl┋20251223T171457.487000000┋2025-12-24T01:14:57.487+08:00 WorkerThreadPool.cpp:WorkerThreadPool::AddThread; Nucleus Shared Worker Thread
⇳
./logs/programs/OneDrive/Local/Microsoft/OneDrive/logs/ListSync/Business1/Nucleus-2025-12-23.1618.7692.3.aodl┋20251223T171457.487000000┋2025-12-24T01:14:57.487+08:00 WorkerThreadPool.cpp:WorkerThreadPool::WorkerMainLoop; Nucleus Shared Worker Thread
⇳
./logs/programs/OneDrive/Local/Microsoft/OneDrive/logs/ListSync/Business1/Nucleus-2025-12-23.1618.7692.3.aodl┋20251223T171457.488000000┋2025-12-24T01:14:57.488+08:00 ListSyncEngine.cpp:Nucleus::Sync::ListSync::ListSyncEngine::PollForDriveTokenRefreshAsync::<lambda_1>::operator ();
⇳
./logs/programs/OneDrive/Local/Microsoft/OneDrive/logs/ListSync/Business1/Nucleus-2025-12-23.1618.7692.3.aodl┋20251223T171457.488000000┋2025-12-24T01:14:57.488+08:00 ScenarioTracking.cpp:LogNewTraceCreated; RetriableTaskExecution/ b4a0e222-cf15-482d-91d7-8786f16018f8/
⇳
./logs/programs/OneDrive/Local/Microsoft/OneDrive/logs/ListSync/Business1/Nucleus-2025-12-23.1618.7692.3.aodl┋20251223T171457.488000000┋2025-12-24T01:14:57.488+08:00 WorkerThreadPool.cpp:WorkerThreadPool::AddThread; Nucleus Database Worker Thread
⇳
./logs/programs/OneDrive/Local/Microsoft/OneDrive/logs/ListSync/Business1/Nucleus-2025-12-23.1618.7692.3.aodl┋20251223T171457.488000000┋2025-12-24T01:14:57.488+08:00 WorkerThreadPool.cpp:WorkerThreadPool::WorkerMainLoop; Nucleus Database Worker Thread
⇳
./logs/programs/OneDrive/Local/Microsoft/OneDrive/logs/ListSync/Business1/Nucleus-2025-12-23.1618.7692.3.aodl┋20251223T171457.488000000┋2025-12-24T01:14:57.488+08:00 ListSyncEngine.cpp:Nucleus::Sync::ListSync::ListSyncEngine::RefreshDriveTokensForListCollectionWithRandomization;
⇳
./logs/programs/OneDrive/Local/Microsoft/OneDrive/logs/ListSync/Business1/Nucleus-2025-12-23.1618.7692.3.aodl┋20251223T171457.488000000┋2025-12-24T01:14:57.488+08:00 WorkerThreadPool.cpp:WorkerThreadPool::AddThread; Nucleus Shared Worker Thread
⇳
./logs/programs/OneDrive/Local/Microsoft/OneDrive/logs/ListSync/Business1/Nucleus-2025-12-23.1618.7692.3.aodl┋20251223T171457.488000000┋2025-12-24T01:14:57.488+08:00 WorkerThreadPool.cpp:WorkerThreadPool::AddThread; Nucleus Shared Worker Thread
⇳
./logs/programs/OneDrive/Local/Microsoft/OneDrive/logs/ListSync/Business1/Nucleus-2025-12-23.1618.7692.3.aodl┋20251223T171457.488000000┋2025-12-24T01:14:57.488+08:00 WorkerThreadPool.cpp:WorkerThreadPool::WorkerMainLoop; Nucleus Shared Worker Thread
⇳
./logs/programs/OneDrive/Local/Microsoft/OneDrive/logs/ListSync/Business1/Nucleus-2025-12-23.1618.7692.3.aodl┋20251223T171457.488000000┋2025-12-24T01:14:57.488+08:00 WorkerThreadPool.cpp:WorkerThreadPool::WorkerMainLoop; Nucleus Shared Worker Thread
⇳
./logs/programs/OneDrive/Local/Microsoft/OneDrive/logs/ListSync/Business1/Nucleus-2025-12-23.1618.7692.3.aodl┋20251223T171527.503000000┋2025-12-24T01:15:27.503+08:00 WorkerThreadPool.cpp:WorkerThreadPool::OnThreadExiting; Nucleus Database Worker Thread
⇳
./logs/programs/OneDrive/Local/Microsoft/OneDrive/logs/ListSync/Business1/Nucleus-2025-12-23.1618.7692.3.aodl┋20251223T171527.504000000┋2025-12-24T01:15:27.504+08:00 WorkerThreadPool.cpp:WorkerThreadPool::OnThreadExiting; Nucleus Database Worker Thread
⇳
./logs/programs/OneDrive/Local/Microsoft/OneDrive/logs/ListSync/Business1/Nucleus-2025-12-23.1618.7692.3.aodl┋20251223T171527.504000000┋2025-12-24T01:15:27.504+08:00 WorkerThreadPool.cpp:WorkerThreadPool::OnThreadExiting; Nucleus Shared Worker Thread
⇳
./logs/programs/OneDrive/Local/Microsoft/OneDrive/logs/ListSync/Business1/Nucleus-2025-12-23.1618.7692.3.aodl┋20251223T171527.504000000┋2025-12-24T01:15:27.504+08:00 WorkerThreadPool.cpp:WorkerThreadPool::OnThreadExiting; Nucleus Shared Worker Thread
⇳
./logs/programs/OneDrive/Local/Microsoft/OneDrive/logs/ListSync/Business1/Nucleus-2025-12-23.1618.7692.3.aodl┋20251223T171527.504000000┋2025-12-24T01:15:27.504+08:00 WorkerThreadPool.cpp:WorkerThreadPool::OnThreadExiting; Nucleus Shared Worker Thread
⇳
./logs/programs/OneDrive/Local/Microsoft/OneDrive/logs/ListSync/Business1/Nucleus-2025-12-23.1618.7692.3.aodl┋20251223T171527.504000000┋2025-12-24T01:15:27.504+08:00 WorkerThreadPool.cpp:WorkerThreadPool::OnThreadExiting; Nucleus Shared Worker Thread
⇳
./logs/programs/OneDrive/Local/Microsoft/OneDrive/logs/ListSync/Business1/Nucleus-2025-12-23.1618.7692.3.aodl┋20251223T171840.371000000┋2025-12-24T01:18:40.371+08:00 LogUploader2.cpp:LogUpload::LogUploader2::LogBatchIsReady;
⇳
./logs/programs/OneDrive/Local/Microsoft/OneDrive/logs/ListSync/Business1/Nucleus-2025-12-23.1618.7692.3.aodl┋20251223T171840.371000000┋2025-12-24T01:18:40.371+08:00 LogUploader2.cpp:LogUpload::LogUploader2::LogBatchIsReady;
⇳
./logs/programs/OneDrive/Local/Microsoft/OneDrive/logs/ListSync/Business1/Nucleus-2025-12-23.1618.7692.3.aodl┋20251223T171840.371000000┋2025-12-24T01:18:40.371+08:00 LogUploader2.cpp:LogUpload::LogUploader2::ReportStateIfNeeded;
⇳
./logs/programs/OneDrive/Local/Microsoft/OneDrive/logs/ListSync/Business1/Nucleus-2025-12-23.1618.7692.3.aodl┋20251223T171840.435000000┋2025-12-24T01:18:40.435+08:00 LogUploader2.cpp:LogUpload::LogUploader2::LogBatchIsReady;
⇳
./logs/programs/OneDrive/Local/Microsoft/OneDrive/logs/ListSync/Business1/Nucleus-2025-12-23.1618.7692.3.aodl┋20251223T171840.435000000┋2025-12-24T01:18:40.435+08:00 LogUploader2.cpp:LogUpload::LogUploader2::LogBatchIsReady;
⇳
./logs/programs/OneDrive/Local/Microsoft/OneDrive/logs/ListSync/Business1/Nucleus-2025-12-23.1618.7692.3.aodl┋20251223T171840.499000000┋2025-12-24T01:18:40.499+08:00 LogUploader2.cpp:LogUpload::LogUploader2::LogBatchIsReady;
⇳
./logs/programs/OneDrive/Local/Microsoft/OneDrive/logs/ListSync/Business1/Nucleus-2025-12-23.1618.7692.3.aodl┋20251223T171840.499000000┋2025-12-24T01:18:40.499+08:00 LogUploader2.cpp:LogUpload::LogUploader2::LogBatchIsReady;
⇳
./logs/programs/OneDrive/Local/Microsoft/OneDrive/logs/ListSync/Business1/Nucleus-2025-12-23.1618.7692.3.aodl┋20251223T171840.563000000┋2025-12-24T01:18:40.563+08:00 LogUploader2.cpp:LogUpload::LogUploader2::LogBatchIsReady;
⇳
./logs/programs/OneDrive/Local/Microsoft/OneDrive/logs/ListSync/Business1/Nucleus-2025-12-23.1618.7692.3.aodl┋20251223T171840.563000000┋2025-12-24T01:18:40.563+08:00 LogUploader2.cpp:LogUpload::LogUploader2::LogBatchIsReady;
⇳
./logs/programs/OneDrive/Local/Microsoft/OneDrive/logs/ListSync/Business1/Nucleus-2025-12-23.1618.7692.3.aodl┋20251223T171840.627000000┋2025-12-24T01:18:40.627+08:00 LogUploader2.cpp:LogUpload::LogUploader2::LogBatchIsReady;
⇳
./logs/programs/OneDrive/Local/Microsoft/OneDrive/logs/ListSync/Business1/Nucleus-2025-12-23.1618.7692.3.aodl┋20251223T171840.627000000┋2025-12-24T01:18:40.627+08:00 LogUploader2.cpp:LogUpload::LogUploader2::LogBatchIsReady;
⇳
./logs/programs/OneDrive/Local/Microsoft/OneDrive/logs/ListSync/Business1/Nucleus-2025-12-23.1618.7692.3.aodl┋20251223T171840.690000000┋2025-12-24T01:18:40.690+08:00 LogUploader2.cpp:LogUpload::LogUploader2::LogBatchIsReady;
⇳
./logs/programs/OneDrive/Local/Microsoft/OneDrive/logs/ListSync/Business1/Nucleus-2025-12-23.1618.7692.3.aodl┋20251223T171840.690000000┋2025-12-24T01:18:40.690+08:00 LogUploader2.cpp:LogUpload::LogUploader2::LogBatchIsReady;
⇳
./logs/programs/OneDrive/Local/Microsoft/OneDrive/logs/ListSync/Business1/Nucleus-2025-12-23.1618.7692.3.aodl┋20251223T171840.754000000┋2025-12-24T01:18:40.754+08:00 LogUploader2.cpp:LogUpload::LogUploader2::LogBatchIsReady;
⇳
./logs/programs/OneDrive/Local/Microsoft/OneDrive/logs/ListSync/Business1/Nucleus-2025-12-23.1618.7692.3.aodl┋20251223T171840.754000000┋2025-12-24T01:18:40.754+08:00 LogUploader2.cpp:LogUpload::LogUploader2::LogBatchIsReady;
⇳
./logs/programs/OneDrive/Local/Microsoft/OneDrive/logs/ListSync/Business1/Nucleus-2025-12-23.1618.7692.3.aodl┋20251223T171840.818000000┋2025-12-24T01:18:40.818+08:00 LogUploader2.cpp:LogUpload::LogUploader2::LogBatchIsReady;
⇳
./logs/programs/OneDrive/Local/Microsoft/OneDrive/logs/ListSync/Business1/Nucleus-2025-12-23.1618.7692.3.aodl┋20251223T171840.818000000┋2025-12-24T01:18:40.818+08:00 LogUploader2.cpp:LogUpload::LogUploader2::LogBatchIsReady;
⇳
./logs/programs/OneDrive/Local/Microsoft/OneDrive/logs/ListSync/Business1/Nucleus-2025-12-23.1618.7692.3.aodl┋20251223T171840.881000000┋2025-12-24T01:18:40.881+08:00 LogUploader2.cpp:LogUpload::LogUploader2::LogBatchIsReady;
⇳
./logs/programs/OneDrive/Local/Microsoft/OneDrive/logs/ListSync/Business1/Nucleus-2025-12-23.1618.7692.3.aodl┋20251223T171840.881000000┋2025-12-24T01:18:40.881+08:00 LogUploader2.cpp:LogUpload::LogUploader2::LogBatchIsReady;
⇳
./logs/programs/OneDrive/Local/Microsoft/OneDrive/logs/ListSync/Business1/Nucleus-2025-12-23.1618.7692.3.aodl┋20251223T171840.945000000┋2025-12-24T01:18:40.945+08:00 LogUploader2.cpp:LogUpload::LogUploader2::LogBatchIsReady;
⇳
./logs/programs/OneDrive/Local/Microsoft/OneDrive/logs/ListSync/Business1/Nucleus-2025-12-23.1618.7692.3.aodl┋20251223T171840.945000000┋2025-12-24T01:18:40.945+08:00 LogUploader2.cpp:LogUpload::LogUploader2::LogBatchIsReady;
⇳
./logs/programs/OneDrive/Local/Microsoft/OneDrive/logs/ListSync/Business1/Nucleus-2025-12-23.1618.7692.3.aodl┋20251223T171841.009000000┋2025-12-24T01:18:41.009+08:00 LogUploader2.cpp:LogUpload::LogUploader2::ScanForUnuploadedLogs;
⇳
./logs/programs/OneDrive/Local/Microsoft/OneDrive/logs/ListSync/Business1/Nucleus-2025-12-23.1618.7692.3.aodl┋20251223T171841.009000000┋2025-12-24T01:18:41.009+08:00 LogUploader2.cpp:LogUpload::LogUploader2::ClearUploadQueue;
⇳
./logs/programs/OneDrive/Local/Microsoft/OneDrive/logs/ListSync/Business1/Nucleus-2025-12-23.1618.7692.3.aodl┋20251223T171841.009000000┋2025-12-24T01:18:41.009+08:00 LogUploader2.cpp:LogUpload::LogUploader2::GetLastActiveLogInformation;
⇳
./logs/programs/OneDrive/Local/Microsoft/OneDrive/logs/ListSync/Business1/Nucleus-2025-12-23.1618.7692.3.aodl┋20251223T171841.009000000┋2025-12-24T01:18:41.009+08:00 LogUploader2.cpp:LogUpload::LogUploader2::ScanForUnuploadedLogsHelper;
⇳
./logs/programs/OneDrive/Local/Microsoft/OneDrive/logs/ListSync/Business1/Nucleus-2025-12-23.1618.7692.3.aodl┋20251223T171841.010000000┋2025-12-24T01:18:41.010+08:00 LogUploader2.cpp:LogUpload::LogUploader2::ScanForUnuploadedLogsHelper;
⇳
./logs/programs/OneDrive/Local/Microsoft/OneDrive/logs/ListSync/Business1/Nucleus-2025-12-23.1618.7692.3.aodl┋20251223T171841.010000000┋2025-12-24T01:18:41.010+08:00 LogUploader2.cpp:LogUpload::LogUploader2::PersistSettings;
⇳
./logs/programs/OneDrive/Local/Microsoft/OneDrive/logs/ListSync/Business1/Nucleus-2025-12-23.1618.7692.3.aodl┋20251223T171841.010000000┋2025-12-24T01:18:41.010+08:00 LogUploader2.cpp:LogUpload::LogUploader2::ScanForUnuploadedLogs;
⇳
./logs/programs/OneDrive/Local/Microsoft/OneDrive/logs/ListSync/Business1/Nucleus-2025-12-23.1618.7692.3.aodl┋20251223T171841.010000000┋2025-12-24T01:18:41.010+08:00 LogUploader2.cpp:LogUpload::LogUploader2::LogBatchIsReady;
⇳
./logs/programs/OneDrive/Local/Microsoft/OneDrive/logs/ListSync/Business1/Nucleus-2025-12-23.1618.7692.3.aodl┋20251223T171841.010000000┋2025-12-24T01:18:41.010+08:00 LogUploader2.cpp:LogUpload::LogUploader2::ReportStateIfNeeded;
⇳
./logs/programs/OneDrive/Local/Microsoft/OneDrive/logs/ListSync/Business1/Nucleus-2025-12-23.1618.7692.3.aodl┋20251223T171841.010000000┋2025-12-24T01:18:41.010+08:00 LogUploader2.cpp:LogUpload::LogUploader2::LogBatchIsReady;
⇳
./logs/programs/OneDrive/Local/Microsoft/OneDrive/logs/ListSync/Business1/Nucleus-2025-12-23.1618.7692.3.aodl┋20251223T171841.010000000┋2025-12-24T01:18:41.010+08:00 LogUploader2.cpp:LogUpload::LogUploader2::LogBatchIsReady;
⇳
./logs/programs/OneDrive/Local/Microsoft/OneDrive/logs/ListSync/Business1/Nucleus-2025-12-23.1618.7692.3.aodl┋20251223T171841.010000000┋2025-12-24T01:18:41.010+08:00 LogUploader2.cpp:LogUpload::LogUploader2::LogBatchIsReady;
⇳
./logs/programs/OneDrive/Local/Microsoft/OneDrive/logs/ListSync/Business1/Nucleus-2025-12-23.1618.7692.3.aodl┋20251223T171841.010000000┋2025-12-24T01:18:41.010+08:00 LogUploader2.cpp:LogUpload::LogUploader2::StartNextLogUploadBatchIfAble;
⇳
./logs/programs/OneDrive/Local/Microsoft/OneDrive/logs/ListSync/Business1/Nucleus-2025-12-23.1618.7692.3.aodl┋20251223T171841.010000000┋2025-12-24T01:18:41.010+08:00 LogUploader2.cpp:LogUpload::LogUploader2::LogBatchIsReady;
⇳
./logs/programs/OneDrive/Local/Microsoft/OneDrive/logs/ListSync/Business1/Nucleus-2025-12-23.1618.7692.3.aodl┋20251223T171841.010000000┋2025-12-24T01:18:41.010+08:00 LogUploader2.cpp:LogUpload::LogUploader2::StartNextLogUploadBatchIfAble;
⇳
./logs/programs/OneDrive/Local/Microsoft/OneDrive/logs/ListSync/Business1/Nucleus-2025-12-23.1618.7692.3.aodl┋20251223T171841.010000000┋2025-12-24T01:18:41.010+08:00 LogUploader2.cpp:LogUpload::LogUploader2::BuildLogBatchQueue; Nucleus-2025-12-21.1214.9352.1.odlgz
⇳
./logs/programs/OneDrive/Local/Microsoft/OneDrive/logs/ListSync/Business1/Nucleus-2025-12-23.1618.7692.3.aodl┋20251223T171841.010000000┋2025-12-24T01:18:41.010+08:00 LogUploader2.cpp:LogUpload::LogUploader2::BuildLogBatchQueue; Nucleus-2025-12-21.1217.11120.1.odlgz
⇳
./logs/programs/OneDrive/Local/Microsoft/OneDrive/logs/ListSync/Business1/Nucleus-2025-12-23.1618.7692.3.aodl┋20251223T171841.010000000┋2025-12-24T01:18:41.010+08:00 LogUploader2.cpp:LogUpload::LogUploader2::BuildLogBatchQueue; Nucleus-2025-12-21.1214.9352.2.odlgz
⇳
./logs/programs/OneDrive/Local/Microsoft/OneDrive/logs/ListSync/Business1/Nucleus-2025-12-23.1618.7692.3.aodl┋20251223T171841.010000000┋2025-12-24T01:18:41.010+08:00 LogUploader2.cpp:LogUpload::LogUploader2::BuildLogBatchQueue; Nucleus-2025-12-21.1217.7692.1.odlgz
⇳
./logs/programs/OneDrive/Local/Microsoft/OneDrive/logs/ListSync/Business1/Nucleus-2025-12-23.1618.7692.3.aodl┋20251223T171841.010000000┋2025-12-24T01:18:41.010+08:00 LogUploader2.cpp:LogUpload::LogUploader2::BuildLogBatchQueue; Nucleus-2025-12-21.1217.11120.2.odlgz
⇳
./logs/programs/OneDrive/Local/Microsoft/OneDrive/logs/ListSync/Business1/Nucleus-2025-12-23.1618.7692.3.aodl┋20251223T171841.010000000┋2025-12-24T01:18:41.010+08:00 LogUploader2.cpp:LogUpload::LogUploader2::BuildLogBatchQueue; Nucleus-2025-12-22.1236.9320.2.odlgz
⇳
./logs/programs/OneDrive/Local/Microsoft/OneDrive/logs/ListSync/Business1/Nucleus-2025-12-23.1618.7692.3.aodl┋20251223T171841.010000000┋2025-12-24T01:18:41.010+08:00 LogUploader2.cpp:LogUpload::LogUploader2::BuildLogBatchQueue; Nucleus-2025-12-22.1236.9320.1.odlgz
⇳
./logs/programs/OneDrive/Local/Microsoft/OneDrive/logs/ListSync/Business1/Nucleus-2025-12-23.1618.7692.3.aodl┋20251223T171841.010000000┋2025-12-24T01:18:41.010+08:00 LogUploader2.cpp:LogUpload::LogUploader2::BuildLogBatchQueue; Nucleus-2025-12-23.1330.10164.2.odlgz
⇳
./logs/programs/OneDrive/Local/Microsoft/OneDrive/logs/ListSync/Business1/Nucleus-2025-12-23.1618.7692.3.aodl┋20251223T171841.010000000┋2025-12-24T01:18:41.010+08:00 LogUploader2.cpp:LogUpload::LogUploader2::BuildLogBatchQueue; Nucleus-2025-12-23.1330.10164.1.odlgz
⇳
./logs/programs/OneDrive/Local/Microsoft/OneDrive/logs/ListSync/Business1/Nucleus-2025-12-23.1618.7692.3.aodl┋20251223T171841.010000000┋2025-12-24T01:18:41.010+08:00 LogUploader2.cpp:LogUpload::LogUploader2::StartNextLogUploadBatchIfAble;
⇳
./logs/programs/OneDrive/Local/Microsoft/OneDrive/logs/ListSync/Business1/Nucleus-2025-12-23.1618.7692.3.aodl┋20251223T171841.010000000┋2025-12-24T01:18:41.010+08:00 LogUploader2.cpp:LogUpload::LogUploader2::ExecuteLogUploadBatch;
⇳
./logs/programs/OneDrive/Local/Microsoft/OneDrive/logs/ListSync/Business1/Nucleus-2025-12-23.1618.7692.3.aodl┋20251223T171841.010000000┋2025-12-24T01:18:41.010+08:00 LogUploader2.cpp:LogUpload::LogUploader2::ExecuteLogUploadBatch;
⇳
./logs/programs/OneDrive/Local/Microsoft/OneDrive/logs/ListSync/Business1/Nucleus-2025-12-23.1618.7692.3.aodl┋20251223T171841.010000000┋2025-12-24T01:18:41.010+08:00 ScenarioTracking.cpp:LogNewTraceCreated; AuthSignIn/ 77e494fc-1c71-4086-8cea-b2176e0c473b/
⇳
./logs/programs/OneDrive/Local/Microsoft/OneDrive/logs/ListSync/Business1/Nucleus-2025-12-23.1618.7692.3.aodl┋20251223T171841.010000000┋2025-12-24T01:18:41.010+08:00 WorkerThreadPool.cpp:WorkerThreadPool::AddThread; AuthenticationProviderThreadPool
⇳
./logs/programs/OneDrive/Local/Microsoft/OneDrive/logs/ListSync/Business1/Nucleus-2025-12-23.1618.7692.3.aodl┋20251223T171841.011000000┋2025-12-24T01:18:41.011+08:00 WorkerThreadPool.cpp:WorkerThreadPool::WorkerMainLoop; AuthenticationProviderThreadPool
⇳
./logs/programs/OneDrive/Local/Microsoft/OneDrive/logs/ListSync/Business1/Nucleus-2025-12-23.1618.7692.3.aodl┋20251223T171841.011000000┋2025-12-24T01:18:41.011+08:00 OAuthCredentialCache.cpp:OAuth::CredentialCache::GetCredential; https://onedrive.live.com
⇳
./logs/programs/OneDrive/Local/Microsoft/OneDrive/logs/ListSync/Business1/Nucleus-2025-12-23.1618.7692.3.aodl┋20251223T171841.011000000┋2025-12-24T01:18:41.011+08:00 AccountContext.cpp:Nucleus::Context::AccountContext::CacheAccountDetails;
⇳
./logs/programs/OneDrive/Local/Microsoft/OneDrive/logs/ListSync/Business1/Nucleus-2025-12-23.1618.7692.3.aodl┋20251223T171841.011000000┋2025-12-24T01:18:41.011+08:00 AuthenticationProvider.cpp:Nucleus::Auth::AuthenticationProvider::EnsureSignInContextIsValid;
⇳
./logs/programs/OneDrive/Local/Microsoft/OneDrive/logs/ListSync/Business1/Nucleus-2025-12-23.1618.7692.3.aodl┋20251223T171841.011000000┋2025-12-24T01:18:41.011+08:00 AuthenticationProvider.cpp:Nucleus::Auth::AuthenticationProvider::CheckIfResourceBlockedDuetoExternalSharing; https://onedrive.live.com
⇳
./logs/programs/OneDrive/Local/Microsoft/OneDrive/logs/ListSync/Business1/Nucleus-2025-12-23.1618.7692.3.aodl┋20251223T171841.011000000┋2025-12-24T01:18:41.011+08:00 AuthPlatformHttpRequest.cpp:AuthLibrary::AuthPlatformHttpRequest::Create; OPTIONS https://onedrive.live.com
⇳
./logs/programs/OneDrive/Local/Microsoft/OneDrive/logs/ListSync/Business1/Nucleus-2025-12-23.1618.7692.3.aodl┋20251223T171841.011000000┋2025-12-24T01:18:41.011+08:00 Auth.cpp:Auth::IsOnPremServer;
⇳
./logs/programs/OneDrive/Local/Microsoft/OneDrive/logs/ListSync/Business1/Nucleus-2025-12-23.1618.7692.3.aodl┋20251223T171841.011000000┋2025-12-24T01:18:41.011+08:00 CWinHttp.cpp:CWinHttpSession::InitializeSession;
⇳
./logs/programs/OneDrive/Local/Microsoft/OneDrive/logs/ListSync/Business1/Nucleus-2025-12-23.1618.7692.3.aodl┋20251223T171841.011000000┋2025-12-24T01:18:41.011+08:00 CWinHttp.cpp:CWinHttpSession::CreateRequest; OPTIONS https://onedrive.live.com
⇳
./logs/programs/OneDrive/Local/Microsoft/OneDrive/logs/ListSync/Business1/Nucleus-2025-12-23.1618.7692.3.aodl┋20251223T171841.011000000┋2025-12-24T01:18:41.011+08:00 Auth.cpp:Auth::IsNetworkAuthSupported;
⇳
./logs/programs/OneDrive/Local/Microsoft/OneDrive/logs/ListSync/Business1/Nucleus-2025-12-23.1618.7692.3.aodl┋20251223T171841.399000000┋2025-12-24T01:18:41.399+08:00 CWinHttp.cpp:CWinHttpRequest::OnRequestComplete;
⇳
./logs/programs/OneDrive/Local/Microsoft/OneDrive/logs/ListSync/Business1/Nucleus-2025-12-23.1618.7692.3.aodl┋20251223T171841.399000000┋2025-12-24T01:18:41.399+08:00 AuthPlatformHttpRequest.cpp:AuthLibrary::AuthPlatformHttpRequest::OnRequestComplete; S_OK
⇳
./logs/programs/OneDrive/Local/Microsoft/OneDrive/logs/ListSync/Business1/Nucleus-2025-12-23.1618.7692.3.aodl┋20251223T171841.399000000┋2025-12-24T01:18:41.399+08:00 AuthPlatformHttpRequest.cpp:AuthLibrary::AuthPlatformHttpRequest::Wait;
⇳
./logs/programs/OneDrive/Local/Microsoft/OneDrive/logs/ListSync/Business1/Nucleus-2025-12-23.1618.7692.3.aodl┋20251223T171841.399000000┋2025-12-24T01:18:41.399+08:00 AuthPlatformHttpRequest.cpp:AuthLibrary::AuthPlatformHttpRequest::Wait;
⇳
./logs/programs/OneDrive/Local/Microsoft/OneDrive/logs/ListSync/Business1/Nucleus-2025-12-23.1618.7692.3.aodl┋20251223T171841.399000000┋2025-12-24T01:18:41.399+08:00 AuthenticationProvider.cpp:Nucleus::Auth::AuthenticationProvider::AcquireTokenInternalWorker; https://onedrive.live.com
⇳
./logs/programs/OneDrive/Local/Microsoft/OneDrive/logs/ListSync/Business1/Nucleus-2025-12-23.1618.7692.3.aodl┋20251223T171841.399000000┋2025-12-24T01:18:41.399+08:00 AuthenticationProvider.cpp:Nucleus::Auth::AuthenticationProvider::AcquireTokenInternalWorker;
⇳
./logs/programs/OneDrive/Local/Microsoft/OneDrive/logs/ListSync/Business1/Nucleus-2025-12-23.1618.7692.3.aodl┋20251223T171841.399000000┋2025-12-24T01:18:41.399+08:00 OAuthCredentialCache.cpp:OAuth::CredentialCache::GetCredential; https://onedrive.live.com
⇳
./logs/programs/OneDrive/Local/Microsoft/OneDrive/logs/ListSync/Business1/Nucleus-2025-12-23.1618.7692.3.aodl┋20251223T171841.399000000┋2025-12-24T01:18:41.399+08:00 AuthenticationProvider.cpp:Nucleus::Auth::AuthenticationProvider::AcquireTokenInternalWorker;
⇳
./logs/programs/OneDrive/Local/Microsoft/OneDrive/logs/ListSync/Business1/Nucleus-2025-12-23.1618.7692.3.aodl┋20251223T171841.400000000┋2025-12-24T01:18:41.400+08:00 OneAuthAuthenticator.cpp:Nucleus::Auth::OneAuthAuthenticator::GetAccountFromAccountHint;
⇳
./logs/programs/OneDrive/Local/Microsoft/OneDrive/logs/ListSync/Business1/Nucleus-2025-12-23.1618.7692.3.aodl┋20251223T171841.400000000┋2025-12-24T01:18:41.400+08:00 OneAuthApi.cpp:Nucleus::Auth::OneAuthApi::ReadAllAccounts;
⇳
./logs/programs/OneDrive/Local/Microsoft/OneDrive/logs/ListSync/Business1/Nucleus-2025-12-23.1618.7692.3.aodl┋20251223T171841.400000000┋2025-12-24T01:18:41.400+08:00 OneAuthAuthenticator.cpp:Nucleus::Auth::OneAuthAuthenticator::GetAuthParameters;
⇳
./logs/programs/OneDrive/Local/Microsoft/OneDrive/logs/ListSync/Business1/Nucleus-2025-12-23.1618.7692.3.aodl┋20251223T171841.400000000┋2025-12-24T01:18:41.400+08:00 OneAuthAuthenticator.cpp:Nucleus::Auth::OneAuthAuthenticator::AcquireTokenSilentlyInternal;
⇳
./logs/programs/OneDrive/Local/Microsoft/OneDrive/logs/ListSync/Business1/Nucleus-2025-12-23.1618.7692.3.aodl┋20251223T171841.400000000┋2025-12-24T01:18:41.400+08:00 AuthenticationProvider.cpp:Nucleus::Auth::AuthenticationProvider::HandleAcquireTokenSilentlyException;
⇳
./logs/programs/OneDrive/Local/Microsoft/OneDrive/logs/ListSync/Business1/Nucleus-2025-12-23.1618.7692.3.aodl┋20251223T171841.400000000┋2025-12-24T01:18:41.400+08:00 AuthenticationScenarioTelemetry.cpp:Nucleus::Auth::AuthenticationScenarioTelemetry::Report; AuthSignIn AuthAcquireTokenSilently UnexpectedFailure No available AAD accounts, aborting sign in. https://onedrive.live.com OneAuth
⇳
./logs/programs/OneDrive/Local/Microsoft/OneDrive/logs/ListSync/Business1/Nucleus-2025-12-23.1618.7692.3.aodl┋20251223T171841.400000000┋2025-12-24T01:18:41.400+08:00 LoggingTelemetrySession.cpp:LoggingTelemetrySession::ApplyASHATransform; AuthSignIn UnexpectedFailure
⇳
./logs/programs/OneDrive/Local/Microsoft/OneDrive/logs/ListSync/Business1/Nucleus-2025-12-23.1618.7692.3.aodl┋20251223T171841.401000000┋2025-12-24T01:18:41.401+08:00 LogUploaderServiceApi.cpp:LogUpload::LogUploaderService::LogUploaderServiceApi::GetAuthHeader;
⇳
./logs/programs/OneDrive/Local/Microsoft/OneDrive/logs/ListSync/Business1/Nucleus-2025-12-23.1618.7692.3.aodl┋20251223T171841.401000000┋2025-12-24T01:18:41.401+08:00 LogUploaderServiceApi.cpp:LogUpload::LogUploaderService::LogUploaderServiceApi::GetLogBatchUploadLocation;
⇳
./logs/programs/OneDrive/Local/Microsoft/OneDrive/logs/ListSync/Business1/Nucleus-2025-12-23.1618.7692.3.aodl┋20251223T171841.401000000┋2025-12-24T01:18:41.401+08:00 NucleusLogUploader.cpp:Nucleus::System::NucleusEnvironmentLogUploaderConfig::Report; LogUpload LogUpload Success
⇳
./logs/programs/OneDrive/Local/Microsoft/OneDrive/logs/ListSync/Business1/Nucleus-2025-12-23.1618.7692.3.aodl┋20251223T171841.401000000┋2025-12-24T01:18:41.401+08:00 LogUploader2.cpp:LogUpload::LogUploader2::LogBatchIsReady;
⇳
./logs/programs/OneDrive/Local/Microsoft/OneDrive/logs/ListSync/Business1/Nucleus-2025-12-23.1618.7692.3.aodl┋20251223T171841.456000000┋2025-12-24T01:18:41.456+08:00 LogUploader2.cpp:LogUpload::LogUploader2::LogBatchIsReady;
⇳
./logs/programs/OneDrive/Local/Microsoft/OneDrive/logs/ListSync/Business1/Nucleus-2025-12-23.1618.7692.3.aodl┋20251223T171841.456000000┋2025-12-24T01:18:41.456+08:00 LogUploader2.cpp:LogUpload::LogUploader2::ExecuteLogCompression; Nucleus-2025-12-21.1217.7692.2.odl
⇳
./logs/programs/OneDrive/Local/Microsoft/OneDrive/logs/ListSync/Business1/Nucleus-2025-12-23.1618.7692.3.aodl┋20251223T171841.490000000┋2025-12-24T01:18:41.490+08:00 LogUploader2.cpp:LogUpload::LogUploader2::LogBatchIsReady;
⇳
./logs/programs/OneDrive/Local/Microsoft/OneDrive/logs/ListSync/Business1/Nucleus-2025-12-23.1618.7692.3.aodl┋20251223T171851.405000000┋2025-12-24T01:18:51.405+08:00 WorkerThreadPool.cpp:WorkerThreadPool::OnThreadExiting; AuthenticationProviderThreadPool
⇳
./logs/programs/OneDrive/Local/Microsoft/OneDrive/logs/ListSync/Business1/Nucleus-2025-12-23.1618.7692.3.aodl┋20251223T171851.405000000┋2025-12-24T01:18:51.405+08:00 WorkerThreadPool.cpp:WorkerThreadPool::OnThreadExiting; AuthenticationProviderThreadPool
⇳
./logs/programs/OneDrive/Local/Microsoft/OneDrive/logs/ListSync/Business1/Nucleus-2025-12-23.1618.7692.3.aodl┋20251223T174457.497000000┋2025-12-24T01:44:57.497+08:00 WorkerThreadPool.cpp:WorkerThreadPool::AddThread; Nucleus Shared Worker Thread
⇳
./logs/programs/OneDrive/Local/Microsoft/OneDrive/logs/ListSync/Business1/Nucleus-2025-12-23.1618.7692.3.aodl┋20251223T174457.497000000┋2025-12-24T01:44:57.497+08:00 WorkerThreadPool.cpp:WorkerThreadPool::WorkerMainLoop; Nucleus Shared Worker Thread
⇳
./logs/programs/OneDrive/Local/Microsoft/OneDrive/logs/ListSync/Business1/Nucleus-2025-12-23.1618.7692.3.aodl┋20251223T174457.498000000┋2025-12-24T01:44:57.498+08:00 ListSyncEngine.cpp:Nucleus::Sync::ListSync::ListSyncEngine::PollForDriveTokenRefreshAsync::<lambda_1>::operator ();
⇳
./logs/programs/OneDrive/Local/Microsoft/OneDrive/logs/ListSync/Business1/Nucleus-2025-12-23.1618.7692.3.aodl┋20251223T174457.498000000┋2025-12-24T01:44:57.498+08:00 ScenarioTracking.cpp:LogNewTraceCreated; RetriableTaskExecution/ ba728169-be0d-4b62-8f9e-8fab03af5f92/
⇳
./logs/programs/OneDrive/Local/Microsoft/OneDrive/logs/ListSync/Business1/Nucleus-2025-12-23.1618.7692.3.aodl┋20251223T174457.498000000┋2025-12-24T01:44:57.498+08:00 WorkerThreadPool.cpp:WorkerThreadPool::AddThread; Nucleus Database Worker Thread
⇳
./logs/programs/OneDrive/Local/Microsoft/OneDrive/logs/ListSync/Business1/Nucleus-2025-12-23.1618.7692.3.aodl┋20251223T174457.498000000┋2025-12-24T01:44:57.498+08:00 WorkerThreadPool.cpp:WorkerThreadPool::WorkerMainLoop; Nucleus Database Worker Thread
⇳
./logs/programs/OneDrive/Local/Microsoft/OneDrive/logs/ListSync/Business1/Nucleus-2025-12-23.1618.7692.3.aodl┋20251223T174457.498000000┋2025-12-24T01:44:57.498+08:00 ListSyncEngine.cpp:Nucleus::Sync::ListSync::ListSyncEngine::RefreshDriveTokensForListCollectionWithRandomization;
⇳
./logs/programs/OneDrive/Local/Microsoft/OneDrive/logs/ListSync/Business1/Nucleus-2025-12-23.1618.7692.3.aodl┋20251223T174457.498000000┋2025-12-24T01:44:57.498+08:00 WorkerThreadPool.cpp:WorkerThreadPool::AddThread; Nucleus Shared Worker Thread
⇳
./logs/programs/OneDrive/Local/Microsoft/OneDrive/logs/ListSync/Business1/Nucleus-2025-12-23.1618.7692.3.aodl┋20251223T174457.498000000┋2025-12-24T01:44:57.498+08:00 WorkerThreadPool.cpp:WorkerThreadPool::AddThread; Nucleus Shared Worker Thread
⇳
./logs/programs/OneDrive/Local/Microsoft/OneDrive/logs/ListSync/Business1/Nucleus-2025-12-23.1618.7692.3.aodl┋20251223T174457.498000000┋2025-12-24T01:44:57.498+08:00 WorkerThreadPool.cpp:WorkerThreadPool::WorkerMainLoop; Nucleus Shared Worker Thread
⇳
./logs/programs/OneDrive/Local/Microsoft/OneDrive/logs/ListSync/Business1/Nucleus-2025-12-23.1618.7692.3.aodl┋20251223T174457.498000000┋2025-12-24T01:44:57.498+08:00 WorkerThreadPool.cpp:WorkerThreadPool::WorkerMainLoop; Nucleus Shared Worker Thread
⇳
./logs/programs/OneDrive/Local/Microsoft/OneDrive/logs/ListSync/Business1/Nucleus-2025-12-23.1618.7692.3.aodl┋20251223T174527.511000000┋2025-12-24T01:45:27.511+08:00 WorkerThreadPool.cpp:WorkerThreadPool::OnThreadExiting; Nucleus Database Worker Thread
⇳
./logs/programs/OneDrive/Local/Microsoft/OneDrive/logs/ListSync/Business1/Nucleus-2025-12-23.1618.7692.3.aodl┋20251223T174527.511000000┋2025-12-24T01:45:27.511+08:00 WorkerThreadPool.cpp:WorkerThreadPool::OnThreadExiting; Nucleus Database Worker Thread
⇳
./logs/programs/OneDrive/Local/Microsoft/OneDrive/logs/ListSync/Business1/Nucleus-2025-12-23.1618.7692.3.aodl┋20251223T174527.511000000┋2025-12-24T01:45:27.511+08:00 WorkerThreadPool.cpp:WorkerThreadPool::OnThreadExiting; Nucleus Shared Worker Thread
⇳
./logs/programs/OneDrive/Local/Microsoft/OneDrive/logs/ListSync/Business1/Nucleus-2025-12-23.1618.7692.3.aodl┋20251223T174527.512000000┋2025-12-24T01:45:27.512+08:00 WorkerThreadPool.cpp:WorkerThreadPool::OnThreadExiting; Nucleus Shared Worker Thread
⇳
./logs/programs/OneDrive/Local/Microsoft/OneDrive/logs/ListSync/Business1/Nucleus-2025-12-23.1618.7692.3.aodl┋20251223T174527.512000000┋2025-12-24T01:45:27.512+08:00 WorkerThreadPool.cpp:WorkerThreadPool::OnThreadExiting; Nucleus Shared Worker Thread
⇳
./logs/programs/OneDrive/Local/Microsoft/OneDrive/logs/ListSync/Business1/Nucleus-2025-12-23.1618.7692.3.aodl┋20251223T174527.512000000┋2025-12-24T01:45:27.512+08:00 WorkerThreadPool.cpp:WorkerThreadPool::OnThreadExiting; Nucleus Shared Worker Thread
⇳
./logs/programs/OneDrive/Local/Microsoft/OneDrive/logs/ListSync/Business1/Nucleus-2025-12-23.1618.7692.3.aodl┋20251223T181457.500000000┋2025-12-24T02:14:57.500+08:00 WorkerThreadPool.cpp:WorkerThreadPool::AddThread; Nucleus Shared Worker Thread
⇳
./logs/programs/OneDrive/Local/Microsoft/OneDrive/logs/ListSync/Business1/Nucleus-2025-12-23.1618.7692.3.aodl┋20251223T181457.501000000┋2025-12-24T02:14:57.501+08:00 WorkerThreadPool.cpp:WorkerThreadPool::WorkerMainLoop; Nucleus Shared Worker Thread
⇳
./logs/programs/OneDrive/Local/Microsoft/OneDrive/logs/ListSync/Business1/Nucleus-2025-12-23.1618.7692.3.aodl┋20251223T181457.501000000┋2025-12-24T02:14:57.501+08:00 ListSyncEngine.cpp:Nucleus::Sync::ListSync::ListSyncEngine::PollForDriveTokenRefreshAsync::<lambda_1>::operator ();
⇳
./logs/programs/OneDrive/Local/Microsoft/OneDrive/logs/ListSync/Business1/Nucleus-2025-12-23.1618.7692.3.aodl┋20251223T181457.501000000┋2025-12-24T02:14:57.501+08:00 ScenarioTracking.cpp:LogNewTraceCreated; RetriableTaskExecution/ f607f1dd-bb43-4b86-af03-4b9ee7750f8e/
⇳
./logs/programs/OneDrive/Local/Microsoft/OneDrive/logs/ListSync/Business1/Nucleus-2025-12-23.1618.7692.3.aodl┋20251223T181457.501000000┋2025-12-24T02:14:57.501+08:00 WorkerThreadPool.cpp:WorkerThreadPool::AddThread; Nucleus Database Worker Thread
⇳
./logs/programs/OneDrive/Local/Microsoft/OneDrive/logs/ListSync/Business1/Nucleus-2025-12-23.1618.7692.3.aodl┋20251223T181457.501000000┋2025-12-24T02:14:57.501+08:00 WorkerThreadPool.cpp:WorkerThreadPool::WorkerMainLoop; Nucleus Database Worker Thread
⇳
./logs/programs/OneDrive/Local/Microsoft/OneDrive/logs/ListSync/Business1/Nucleus-2025-12-23.1618.7692.3.aodl┋20251223T181457.501000000┋2025-12-24T02:14:57.501+08:00 ListSyncEngine.cpp:Nucleus::Sync::ListSync::ListSyncEngine::RefreshDriveTokensForListCollectionWithRandomization;
⇳
./logs/programs/OneDrive/Local/Microsoft/OneDrive/logs/ListSync/Business1/Nucleus-2025-12-23.1618.7692.3.aodl┋20251223T181457.501000000┋2025-12-24T02:14:57.501+08:00 WorkerThreadPool.cpp:WorkerThreadPool::AddThread; Nucleus Shared Worker Thread
⇳
./logs/programs/OneDrive/Local/Microsoft/OneDrive/logs/ListSync/Business1/Nucleus-2025-12-23.1618.7692.3.aodl┋20251223T181457.501000000┋2025-12-24T02:14:57.501+08:00 WorkerThreadPool.cpp:WorkerThreadPool::AddThread; Nucleus Shared Worker Thread
⇳
./logs/programs/OneDrive/Local/Microsoft/OneDrive/logs/ListSync/Business1/Nucleus-2025-12-23.1618.7692.3.aodl┋20251223T181457.501000000┋2025-12-24T02:14:57.501+08:00 WorkerThreadPool.cpp:WorkerThreadPool::WorkerMainLoop; Nucleus Shared Worker Thread
⇳
./logs/programs/OneDrive/Local/Microsoft/OneDrive/logs/ListSync/Business1/Nucleus-2025-12-23.1618.7692.3.aodl┋20251223T181457.501000000┋2025-12-24T02:14:57.501+08:00 WorkerThreadPool.cpp:WorkerThreadPool::WorkerMainLoop; Nucleus Shared Worker Thread
⇳
./logs/programs/OneDrive/Local/Microsoft/OneDrive/logs/ListSync/Business1/Nucleus-2025-12-23.1618.7692.3.aodl┋20251223T181527.514000000┋2025-12-24T02:15:27.514+08:00 WorkerThreadPool.cpp:WorkerThreadPool::OnThreadExiting; Nucleus Database Worker Thread
⇳
./logs/programs/OneDrive/Local/Microsoft/OneDrive/logs/ListSync/Business1/Nucleus-2025-12-23.1618.7692.3.aodl┋20251223T181527.514000000┋2025-12-24T02:15:27.514+08:00 WorkerThreadPool.cpp:WorkerThreadPool::OnThreadExiting; Nucleus Shared Worker Thread
⇳
./logs/programs/OneDrive/Local/Microsoft/OneDrive/logs/ListSync/Business1/Nucleus-2025-12-23.1618.7692.3.aodl┋20251223T181527.514000000┋2025-12-24T02:15:27.514+08:00 WorkerThreadPool.cpp:WorkerThreadPool::OnThreadExiting; Nucleus Shared Worker Thread
⇳
./logs/programs/OneDrive/Local/Microsoft/OneDrive/logs/ListSync/Business1/Nucleus-2025-12-23.1618.7692.3.aodl┋20251223T181527.514000000┋2025-12-24T02:15:27.514+08:00 WorkerThreadPool.cpp:WorkerThreadPool::OnThreadExiting; Nucleus Shared Worker Thread
⇳
./logs/programs/OneDrive/Local/Microsoft/OneDrive/logs/ListSync/Business1/Nucleus-2025-12-23.1618.7692.3.aodl┋20251223T181527.514000000┋2025-12-24T02:15:27.514+08:00 WorkerThreadPool.cpp:WorkerThreadPool::OnThreadExiting; Nucleus Database Worker Thread
⇳
./logs/programs/OneDrive/Local/Microsoft/OneDrive/logs/ListSync/Business1/Nucleus-2025-12-23.1618.7692.3.aodl┋20251223T181527.514000000┋2025-12-24T02:15:27.514+08:00 WorkerThreadPool.cpp:WorkerThreadPool::OnThreadExiting; Nucleus Shared Worker Thread
⇳
./logs/programs/OneDrive/Local/Microsoft/OneDrive/logs/ListSync/Business1/Nucleus-2025-12-23.1618.7692.3.aodl┋20251223T181841.505000000┋2025-12-24T02:18:41.505+08:00 LogUploader2.cpp:LogUpload::LogUploader2::LogBatchIsReady;
⇳
./logs/programs/OneDrive/Local/Microsoft/OneDrive/logs/ListSync/Business1/Nucleus-2025-12-23.1618.7692.3.aodl┋20251223T181841.505000000┋2025-12-24T02:18:41.505+08:00 LogUploader2.cpp:LogUpload::LogUploader2::LogBatchIsReady;
⇳
./logs/programs/OneDrive/Local/Microsoft/OneDrive/logs/ListSync/Business1/Nucleus-2025-12-23.1618.7692.3.aodl┋20251223T181841.505000000┋2025-12-24T02:18:41.505+08:00 LogUploader2.cpp:LogUpload::LogUploader2::ReportStateIfNeeded;
⇳
./logs/programs/OneDrive/Local/Microsoft/OneDrive/logs/ListSync/Business1/Nucleus-2025-12-23.1618.7692.3.aodl┋20251223T181841.569000000┋2025-12-24T02:18:41.569+08:00 LogUploader2.cpp:LogUpload::LogUploader2::LogBatchIsReady;
⇳
./logs/programs/OneDrive/Local/Microsoft/OneDrive/logs/ListSync/Business1/Nucleus-2025-12-23.1618.7692.3.aodl┋20251223T181841.569000000┋2025-12-24T02:18:41.569+08:00 LogUploader2.cpp:LogUpload::LogUploader2::LogBatchIsReady;
⇳
./logs/programs/OneDrive/Local/Microsoft/OneDrive/logs/ListSync/Business1/Nucleus-2025-12-23.1618.7692.3.aodl┋20251223T181841.633000000┋2025-12-24T02:18:41.633+08:00 LogUploader2.cpp:LogUpload::LogUploader2::LogBatchIsReady;
⇳
./logs/programs/OneDrive/Local/Microsoft/OneDrive/logs/ListSync/Business1/Nucleus-2025-12-23.1618.7692.3.aodl┋20251223T181841.633000000┋2025-12-24T02:18:41.633+08:00 LogUploader2.cpp:LogUpload::LogUploader2::LogBatchIsReady;
⇳
./logs/programs/OneDrive/Local/Microsoft/OneDrive/logs/ListSync/Business1/Nucleus-2025-12-23.1618.7692.3.aodl┋20251223T181841.696000000┋2025-12-24T02:18:41.696+08:00 LogUploader2.cpp:LogUpload::LogUploader2::LogBatchIsReady;
⇳
./logs/programs/OneDrive/Local/Microsoft/OneDrive/logs/ListSync/Business1/Nucleus-2025-12-23.1618.7692.3.aodl┋20251223T181841.696000000┋2025-12-24T02:18:41.696+08:00 LogUploader2.cpp:LogUpload::LogUploader2::LogBatchIsReady;
⇳
./logs/programs/OneDrive/Local/Microsoft/OneDrive/logs/ListSync/Business1/Nucleus-2025-12-23.1618.7692.3.aodl┋20251223T181841.760000000┋2025-12-24T02:18:41.760+08:00 LogUploader2.cpp:LogUpload::LogUploader2::LogBatchIsReady;
⇳
./logs/programs/OneDrive/Local/Microsoft/OneDrive/logs/ListSync/Business1/Nucleus-2025-12-23.1618.7692.3.aodl┋20251223T181841.760000000┋2025-12-24T02:18:41.760+08:00 LogUploader2.cpp:LogUpload::LogUploader2::LogBatchIsReady;
⇳
./logs/programs/OneDrive/Local/Microsoft/OneDrive/logs/ListSync/Business1/Nucleus-2025-12-23.1618.7692.3.aodl┋20251223T181841.824000000┋2025-12-24T02:18:41.824+08:00 LogUploader2.cpp:LogUpload::LogUploader2::LogBatchIsReady;
⇳
./logs/programs/OneDrive/Local/Microsoft/OneDrive/logs/ListSync/Business1/Nucleus-2025-12-23.1618.7692.3.aodl┋20251223T181841.824000000┋2025-12-24T02:18:41.824+08:00 LogUploader2.cpp:LogUpload::LogUploader2::LogBatchIsReady;
⇳
./logs/programs/OneDrive/Local/Microsoft/OneDrive/logs/ListSync/Business1/Nucleus-2025-12-23.1618.7692.3.aodl┋20251223T181841.888000000┋2025-12-24T02:18:41.888+08:00 LogUploader2.cpp:LogUpload::LogUploader2::LogBatchIsReady;
⇳
./logs/programs/OneDrive/Local/Microsoft/OneDrive/logs/ListSync/Business1/Nucleus-2025-12-23.1618.7692.3.aodl┋20251223T181841.888000000┋2025-12-24T02:18:41.888+08:00 LogUploader2.cpp:LogUpload::LogUploader2::LogBatchIsReady;
⇳
./logs/programs/OneDrive/Local/Microsoft/OneDrive/logs/ListSync/Business1/Nucleus-2025-12-23.1618.7692.3.aodl┋20251223T181841.952000000┋2025-12-24T02:18:41.952+08:00 LogUploader2.cpp:LogUpload::LogUploader2::LogBatchIsReady;
⇳
./logs/programs/OneDrive/Local/Microsoft/OneDrive/logs/ListSync/Business1/Nucleus-2025-12-23.1618.7692.3.aodl┋20251223T181841.952000000┋2025-12-24T02:18:41.952+08:00 LogUploader2.cpp:LogUpload::LogUploader2::LogBatchIsReady;
⇳
./logs/programs/OneDrive/Local/Microsoft/OneDrive/logs/ListSync/Business1/Nucleus-2025-12-23.1618.7692.3.aodl┋20251223T181842.015000000┋2025-12-24T02:18:42.015+08:00 LogUploader2.cpp:LogUpload::LogUploader2::ScanForUnuploadedLogs;
⇳
./logs/programs/OneDrive/Local/Microsoft/OneDrive/logs/ListSync/Business1/Nucleus-2025-12-23.1618.7692.3.aodl┋20251223T181842.015000000┋2025-12-24T02:18:42.015+08:00 LogUploader2.cpp:LogUpload::LogUploader2::ClearUploadQueue;
⇳
./logs/programs/OneDrive/Local/Microsoft/OneDrive/logs/ListSync/Business1/Nucleus-2025-12-23.1618.7692.3.aodl┋20251223T181842.015000000┋2025-12-24T02:18:42.015+08:00 LogUploader2.cpp:LogUpload::LogUploader2::GetLastActiveLogInformation;
⇳
./logs/programs/OneDrive/Local/Microsoft/OneDrive/logs/ListSync/Business1/Nucleus-2025-12-23.1618.7692.3.aodl┋20251223T181842.015000000┋2025-12-24T02:18:42.015+08:00 LogUploader2.cpp:LogUpload::LogUploader2::ScanForUnuploadedLogsHelper;
⇳
./logs/programs/OneDrive/Local/Microsoft/OneDrive/logs/ListSync/Business1/Nucleus-2025-12-23.1618.7692.3.aodl┋20251223T181842.016000000┋2025-12-24T02:18:42.016+08:00 LogUploader2.cpp:LogUpload::LogUploader2::ScanForUnuploadedLogsHelper;
⇳
./logs/programs/OneDrive/Local/Microsoft/OneDrive/logs/ListSync/Business1/Nucleus-2025-12-23.1618.7692.3.aodl┋20251223T181842.016000000┋2025-12-24T02:18:42.016+08:00 LogUploader2.cpp:LogUpload::LogUploader2::PersistSettings;
⇳
./logs/programs/OneDrive/Local/Microsoft/OneDrive/logs/ListSync/Business1/Nucleus-2025-12-23.1618.7692.3.aodl┋20251223T181842.016000000┋2025-12-24T02:18:42.016+08:00 LogUploader2.cpp:LogUpload::LogUploader2::ScanForUnuploadedLogs;
⇳
./logs/programs/OneDrive/Local/Microsoft/OneDrive/logs/ListSync/Business1/Nucleus-2025-12-23.1618.7692.3.aodl┋20251223T181842.016000000┋2025-12-24T02:18:42.016+08:00 LogUploader2.cpp:LogUpload::LogUploader2::LogBatchIsReady;
⇳
./logs/programs/OneDrive/Local/Microsoft/OneDrive/logs/ListSync/Business1/Nucleus-2025-12-23.1618.7692.3.aodl┋20251223T181842.016000000┋2025-12-24T02:18:42.016+08:00 LogUploader2.cpp:LogUpload::LogUploader2::ReportStateIfNeeded;
⇳
./logs/programs/OneDrive/Local/Microsoft/OneDrive/logs/ListSync/Business1/Nucleus-2025-12-23.1618.7692.3.aodl┋20251223T181842.016000000┋2025-12-24T02:18:42.016+08:00 LogUploader2.cpp:LogUpload::LogUploader2::LogBatchIsReady;
⇳
./logs/programs/OneDrive/Local/Microsoft/OneDrive/logs/ListSync/Business1/Nucleus-2025-12-23.1618.7692.3.aodl┋20251223T181842.016000000┋2025-12-24T02:18:42.016+08:00 LogUploader2.cpp:LogUpload::LogUploader2::LogBatchIsReady;
⇳
./logs/programs/OneDrive/Local/Microsoft/OneDrive/logs/ListSync/Business1/Nucleus-2025-12-23.1618.7692.3.aodl┋20251223T181842.016000000┋2025-12-24T02:18:42.016+08:00 LogUploader2.cpp:LogUpload::LogUploader2::StartNextLogUploadBatchIfAble;
⇳
./logs/programs/OneDrive/Local/Microsoft/OneDrive/logs/ListSync/Business1/Nucleus-2025-12-23.1618.7692.3.aodl┋20251223T181842.016000000┋2025-12-24T02:18:42.016+08:00 LogUploader2.cpp:LogUpload::LogUploader2::LogBatchIsReady;
⇳
./logs/programs/OneDrive/Local/Microsoft/OneDrive/logs/ListSync/Business1/Nucleus-2025-12-23.1618.7692.3.aodl┋20251223T181842.016000000┋2025-12-24T02:18:42.016+08:00 LogUploader2.cpp:LogUpload::LogUploader2::StartNextLogUploadBatchIfAble;
⇳
./logs/programs/OneDrive/Local/Microsoft/OneDrive/logs/ListSync/Business1/Nucleus-2025-12-23.1618.7692.3.aodl┋20251223T181842.016000000┋2025-12-24T02:18:42.016+08:00 LogUploader2.cpp:LogUpload::LogUploader2::BuildLogBatchQueue; Nucleus-2025-12-21.1214.9352.1.odlgz
⇳
./logs/programs/OneDrive/Local/Microsoft/OneDrive/logs/ListSync/Business1/Nucleus-2025-12-23.1618.7692.3.aodl┋20251223T181842.016000000┋2025-12-24T02:18:42.016+08:00 LogUploader2.cpp:LogUpload::LogUploader2::BuildLogBatchQueue; Nucleus-2025-12-21.1217.11120.1.odlgz
⇳
./logs/programs/OneDrive/Local/Microsoft/OneDrive/logs/ListSync/Business1/Nucleus-2025-12-23.1618.7692.3.aodl┋20251223T181842.016000000┋2025-12-24T02:18:42.016+08:00 LogUploader2.cpp:LogUpload::LogUploader2::BuildLogBatchQueue; Nucleus-2025-12-21.1214.9352.2.odlgz
⇳
./logs/programs/OneDrive/Local/Microsoft/OneDrive/logs/ListSync/Business1/Nucleus-2025-12-23.1618.7692.3.aodl┋20251223T181842.016000000┋2025-12-24T02:18:42.016+08:00 LogUploader2.cpp:LogUpload::LogUploader2::BuildLogBatchQueue; Nucleus-2025-12-21.1217.7692.1.odlgz
⇳
./logs/programs/OneDrive/Local/Microsoft/OneDrive/logs/ListSync/Business1/Nucleus-2025-12-23.1618.7692.3.aodl┋20251223T181842.016000000┋2025-12-24T02:18:42.016+08:00 LogUploader2.cpp:LogUpload::LogUploader2::BuildLogBatchQueue; Nucleus-2025-12-21.1217.11120.2.odlgz
⇳
./logs/programs/OneDrive/Local/Microsoft/OneDrive/logs/ListSync/Business1/Nucleus-2025-12-23.1618.7692.3.aodl┋20251223T181842.016000000┋2025-12-24T02:18:42.016+08:00 LogUploader2.cpp:LogUpload::LogUploader2::BuildLogBatchQueue; Nucleus-2025-12-22.1236.9320.1.odlgz
⇳
./logs/programs/OneDrive/Local/Microsoft/OneDrive/logs/ListSync/Business1/Nucleus-2025-12-23.1618.7692.3.aodl┋20251223T181842.017000000┋2025-12-24T02:18:42.017+08:00 LogUploader2.cpp:LogUpload::LogUploader2::BuildLogBatchQueue; Nucleus-2025-12-22.1236.9320.2.odlgz
⇳
./logs/programs/OneDrive/Local/Microsoft/OneDrive/logs/ListSync/Business1/Nucleus-2025-12-23.1618.7692.3.aodl┋20251223T181842.017000000┋2025-12-24T02:18:42.017+08:00 LogUploader2.cpp:LogUpload::LogUploader2::BuildLogBatchQueue; Nucleus-2025-12-23.1330.10164.2.odlgz
⇳
./logs/programs/OneDrive/Local/Microsoft/OneDrive/logs/ListSync/Business1/Nucleus-2025-12-23.1618.7692.3.aodl┋20251223T181842.017000000┋2025-12-24T02:18:42.017+08:00 LogUploader2.cpp:LogUpload::LogUploader2::BuildLogBatchQueue; Nucleus-2025-12-23.1330.10164.1.odlgz
⇳
./logs/programs/OneDrive/Local/Microsoft/OneDrive/logs/ListSync/Business1/Nucleus-2025-12-23.1618.7692.3.aodl┋20251223T181842.017000000┋2025-12-24T02:18:42.017+08:00 LogUploader2.cpp:LogUpload::LogUploader2::BuildLogBatchQueue; Nucleus-2025-12-21.1217.7692.2.odlgz
⇳
./logs/programs/OneDrive/Local/Microsoft/OneDrive/logs/ListSync/Business1/Nucleus-2025-12-23.1618.7692.3.aodl┋20251223T181842.017000000┋2025-12-24T02:18:42.017+08:00 LogUploader2.cpp:LogUpload::LogUploader2::StartNextLogUploadBatchIfAble;
⇳
./logs/programs/OneDrive/Local/Microsoft/OneDrive/logs/ListSync/Business1/Nucleus-2025-12-23.1618.7692.3.aodl┋20251223T181842.017000000┋2025-12-24T02:18:42.017+08:00 LogUploader2.cpp:LogUpload::LogUploader2::ExecuteLogUploadBatch;
⇳
./logs/programs/OneDrive/Local/Microsoft/OneDrive/logs/ListSync/Business1/Nucleus-2025-12-23.1618.7692.3.aodl┋20251223T181842.017000000┋2025-12-24T02:18:42.017+08:00 LogUploader2.cpp:LogUpload::LogUploader2::ExecuteLogUploadBatch;
⇳
./logs/programs/OneDrive/Local/Microsoft/OneDrive/logs/ListSync/Business1/Nucleus-2025-12-23.1618.7692.3.aodl┋20251223T181842.017000000┋2025-12-24T02:18:42.017+08:00 ScenarioTracking.cpp:LogNewTraceCreated; AuthSignIn/ 36da706c-e0e8-48bd-b652-e23dd4587fde/
⇳
./logs/programs/OneDrive/Local/Microsoft/OneDrive/logs/ListSync/Business1/Nucleus-2025-12-23.1618.7692.3.aodl┋20251223T181842.017000000┋2025-12-24T02:18:42.017+08:00 WorkerThreadPool.cpp:WorkerThreadPool::AddThread; AuthenticationProviderThreadPool
⇳
./logs/programs/OneDrive/Local/Microsoft/OneDrive/logs/ListSync/Business1/Nucleus-2025-12-23.1618.7692.3.aodl┋20251223T181842.017000000┋2025-12-24T02:18:42.017+08:00 WorkerThreadPool.cpp:WorkerThreadPool::WorkerMainLoop; AuthenticationProviderThreadPool
⇳
./logs/programs/OneDrive/Local/Microsoft/OneDrive/logs/ListSync/Business1/Nucleus-2025-12-23.1618.7692.3.aodl┋20251223T181842.017000000┋2025-12-24T02:18:42.017+08:00 OAuthCredentialCache.cpp:OAuth::CredentialCache::GetCredential; https://onedrive.live.com
⇳
./logs/programs/OneDrive/Local/Microsoft/OneDrive/logs/ListSync/Business1/Nucleus-2025-12-23.1618.7692.3.aodl┋20251223T181842.018000000┋2025-12-24T02:18:42.018+08:00 AccountContext.cpp:Nucleus::Context::AccountContext::CacheAccountDetails;
⇳
./logs/programs/OneDrive/Local/Microsoft/OneDrive/logs/ListSync/Business1/Nucleus-2025-12-23.1618.7692.3.aodl┋20251223T181842.018000000┋2025-12-24T02:18:42.018+08:00 AuthenticationProvider.cpp:Nucleus::Auth::AuthenticationProvider::EnsureSignInContextIsValid;
⇳
./logs/programs/OneDrive/Local/Microsoft/OneDrive/logs/ListSync/Business1/Nucleus-2025-12-23.1618.7692.3.aodl┋20251223T181842.018000000┋2025-12-24T02:18:42.018+08:00 AuthenticationProvider.cpp:Nucleus::Auth::AuthenticationProvider::CheckIfResourceBlockedDuetoExternalSharing; https://onedrive.live.com
⇳
./logs/programs/OneDrive/Local/Microsoft/OneDrive/logs/ListSync/Business1/Nucleus-2025-12-23.1618.7692.3.aodl┋20251223T181842.018000000┋2025-12-24T02:18:42.018+08:00 AuthPlatformHttpRequest.cpp:AuthLibrary::AuthPlatformHttpRequest::Create; OPTIONS https://onedrive.live.com
⇳
./logs/programs/OneDrive/Local/Microsoft/OneDrive/logs/ListSync/Business1/Nucleus-2025-12-23.1618.7692.3.aodl┋20251223T181842.018000000┋2025-12-24T02:18:42.018+08:00 Auth.cpp:Auth::IsOnPremServer;
⇳
./logs/programs/OneDrive/Local/Microsoft/OneDrive/logs/ListSync/Business1/Nucleus-2025-12-23.1618.7692.3.aodl┋20251223T181842.018000000┋2025-12-24T02:18:42.018+08:00 CWinHttp.cpp:CWinHttpSession::InitializeSession;
⇳
./logs/programs/OneDrive/Local/Microsoft/OneDrive/logs/ListSync/Business1/Nucleus-2025-12-23.1618.7692.3.aodl┋20251223T181842.018000000┋2025-12-24T02:18:42.018+08:00 CWinHttp.cpp:CWinHttpSession::CreateRequest; OPTIONS https://onedrive.live.com
⇳
./logs/programs/OneDrive/Local/Microsoft/OneDrive/logs/ListSync/Business1/Nucleus-2025-12-23.1618.7692.3.aodl┋20251223T181842.018000000┋2025-12-24T02:18:42.018+08:00 Auth.cpp:Auth::IsNetworkAuthSupported;
⇳
./logs/programs/OneDrive/Local/Microsoft/OneDrive/logs/ListSync/Business1/Nucleus-2025-12-23.1618.7692.3.aodl┋20251223T181842.321000000┋2025-12-24T02:18:42.321+08:00 CWinHttp.cpp:CWinHttpRequest::OnRequestComplete;
⇳
./logs/programs/OneDrive/Local/Microsoft/OneDrive/logs/ListSync/Business1/Nucleus-2025-12-23.1618.7692.3.aodl┋20251223T181842.321000000┋2025-12-24T02:18:42.321+08:00 AuthPlatformHttpRequest.cpp:AuthLibrary::AuthPlatformHttpRequest::OnRequestComplete; S_OK
⇳
./logs/programs/OneDrive/Local/Microsoft/OneDrive/logs/ListSync/Business1/Nucleus-2025-12-23.1618.7692.3.aodl┋20251223T181842.321000000┋2025-12-24T02:18:42.321+08:00 AuthPlatformHttpRequest.cpp:AuthLibrary::AuthPlatformHttpRequest::Wait;
⇳
./logs/programs/OneDrive/Local/Microsoft/OneDrive/logs/ListSync/Business1/Nucleus-2025-12-23.1618.7692.3.aodl┋20251223T181842.321000000┋2025-12-24T02:18:42.321+08:00 AuthPlatformHttpRequest.cpp:AuthLibrary::AuthPlatformHttpRequest::Wait;
⇳
./logs/programs/OneDrive/Local/Microsoft/OneDrive/logs/ListSync/Business1/Nucleus-2025-12-23.1618.7692.3.aodl┋20251223T181842.321000000┋2025-12-24T02:18:42.321+08:00 AuthenticationProvider.cpp:Nucleus::Auth::AuthenticationProvider::AcquireTokenInternalWorker; https://onedrive.live.com
⇳
./logs/programs/OneDrive/Local/Microsoft/OneDrive/logs/ListSync/Business1/Nucleus-2025-12-23.1618.7692.3.aodl┋20251223T181842.321000000┋2025-12-24T02:18:42.321+08:00 AuthenticationProvider.cpp:Nucleus::Auth::AuthenticationProvider::AcquireTokenInternalWorker;
⇳
./logs/programs/OneDrive/Local/Microsoft/OneDrive/logs/ListSync/Business1/Nucleus-2025-12-23.1618.7692.3.aodl┋20251223T181842.321000000┋2025-12-24T02:18:42.321+08:00 OAuthCredentialCache.cpp:OAuth::CredentialCache::GetCredential; https://onedrive.live.com
⇳
./logs/programs/OneDrive/Local/Microsoft/OneDrive/logs/ListSync/Business1/Nucleus-2025-12-23.1618.7692.3.aodl┋20251223T181842.321000000┋2025-12-24T02:18:42.321+08:00 AuthenticationProvider.cpp:Nucleus::Auth::AuthenticationProvider::AcquireTokenInternalWorker;
⇳
./logs/programs/OneDrive/Local/Microsoft/OneDrive/logs/ListSync/Business1/Nucleus-2025-12-23.1618.7692.3.aodl┋20251223T181842.321000000┋2025-12-24T02:18:42.321+08:00 OneAuthAuthenticator.cpp:Nucleus::Auth::OneAuthAuthenticator::GetAccountFromAccountHint;
⇳
./logs/programs/OneDrive/Local/Microsoft/OneDrive/logs/ListSync/Business1/Nucleus-2025-12-23.1618.7692.3.aodl┋20251223T181842.322000000┋2025-12-24T02:18:42.322+08:00 OneAuthApi.cpp:Nucleus::Auth::OneAuthApi::ReadAllAccounts;
⇳
./logs/programs/OneDrive/Local/Microsoft/OneDrive/logs/ListSync/Business1/Nucleus-2025-12-23.1618.7692.3.aodl┋20251223T181842.322000000┋2025-12-24T02:18:42.322+08:00 OneAuthAuthenticator.cpp:Nucleus::Auth::OneAuthAuthenticator::GetAuthParameters;
⇳
./logs/programs/OneDrive/Local/Microsoft/OneDrive/logs/ListSync/Business1/Nucleus-2025-12-23.1618.7692.3.aodl┋20251223T181842.322000000┋2025-12-24T02:18:42.322+08:00 OneAuthAuthenticator.cpp:Nucleus::Auth::OneAuthAuthenticator::AcquireTokenSilentlyInternal;
⇳
./logs/programs/OneDrive/Local/Microsoft/OneDrive/logs/ListSync/Business1/Nucleus-2025-12-23.1618.7692.3.aodl┋20251223T181842.322000000┋2025-12-24T02:18:42.322+08:00 AuthenticationProvider.cpp:Nucleus::Auth::AuthenticationProvider::HandleAcquireTokenSilentlyException;
⇳
./logs/programs/OneDrive/Local/Microsoft/OneDrive/logs/ListSync/Business1/Nucleus-2025-12-23.1618.7692.3.aodl┋20251223T181842.322000000┋2025-12-24T02:18:42.322+08:00 AuthenticationScenarioTelemetry.cpp:Nucleus::Auth::AuthenticationScenarioTelemetry::Report; AuthSignIn AuthAcquireTokenSilently UnexpectedFailure No available AAD accounts, aborting sign in. https://onedrive.live.com OneAuth
⇳
./logs/programs/OneDrive/Local/Microsoft/OneDrive/logs/ListSync/Business1/Nucleus-2025-12-23.1618.7692.3.aodl┋20251223T181842.322000000┋2025-12-24T02:18:42.322+08:00 LoggingTelemetrySession.cpp:LoggingTelemetrySession::ApplyASHATransform; AuthSignIn UnexpectedFailure
⇳
./logs/programs/OneDrive/Local/Microsoft/OneDrive/logs/ListSync/Business1/Nucleus-2025-12-23.1618.7692.3.aodl┋20251223T181842.323000000┋2025-12-24T02:18:42.323+08:00 LogUploaderServiceApi.cpp:LogUpload::LogUploaderService::LogUploaderServiceApi::GetAuthHeader;
⇳
./logs/programs/OneDrive/Local/Microsoft/OneDrive/logs/ListSync/Business1/Nucleus-2025-12-23.1618.7692.3.aodl┋20251223T181842.323000000┋2025-12-24T02:18:42.323+08:00 LogUploaderServiceApi.cpp:LogUpload::LogUploaderService::LogUploaderServiceApi::GetLogBatchUploadLocation;
⇳
./logs/programs/OneDrive/Local/Microsoft/OneDrive/logs/ListSync/Business1/Nucleus-2025-12-23.1618.7692.3.aodl┋20251223T181842.323000000┋2025-12-24T02:18:42.323+08:00 NucleusLogUploader.cpp:Nucleus::System::NucleusEnvironmentLogUploaderConfig::Report; LogUpload LogUpload Success
⇳
./logs/programs/OneDrive/Local/Microsoft/OneDrive/logs/ListSync/Business1/Nucleus-2025-12-23.1618.7692.3.aodl┋20251223T181842.323000000┋2025-12-24T02:18:42.323+08:00 LogUploader2.cpp:LogUpload::LogUploader2::LogBatchIsReady;
⇳
./logs/programs/OneDrive/Local/Microsoft/OneDrive/logs/ListSync/Business1/Nucleus-2025-12-23.1618.7692.3.aodl┋20251223T181852.338000000┋2025-12-24T02:18:52.338+08:00 WorkerThreadPool.cpp:WorkerThreadPool::OnThreadExiting; AuthenticationProviderThreadPool
⇳
./logs/programs/OneDrive/Local/Microsoft/OneDrive/logs/ListSync/Business1/Nucleus-2025-12-23.1618.7692.3.aodl┋20251223T181852.338000000┋2025-12-24T02:18:52.338+08:00 WorkerThreadPool.cpp:WorkerThreadPool::OnThreadExiting; AuthenticationProviderThreadPool
⇳
./logs/programs/OneDrive/Local/Microsoft/OneDrive/logs/ListSync/Business1/Nucleus-2025-12-23.1618.7692.3.aodl┋20251223T184457.510000000┋2025-12-24T02:44:57.510+08:00 WorkerThreadPool.cpp:WorkerThreadPool::AddThread; Nucleus Shared Worker Thread
⇳
./logs/programs/OneDrive/Local/Microsoft/OneDrive/logs/ListSync/Business1/Nucleus-2025-12-23.1618.7692.3.aodl┋20251223T184457.510000000┋2025-12-24T02:44:57.510+08:00 WorkerThreadPool.cpp:WorkerThreadPool::WorkerMainLoop; Nucleus Shared Worker Thread
⇳
./logs/programs/OneDrive/Local/Microsoft/OneDrive/logs/ListSync/Business1/Nucleus-2025-12-23.1618.7692.3.aodl┋20251223T184457.511000000┋2025-12-24T02:44:57.511+08:00 ListSyncEngine.cpp:Nucleus::Sync::ListSync::ListSyncEngine::PollForDriveTokenRefreshAsync::<lambda_1>::operator ();
⇳
./logs/programs/OneDrive/Local/Microsoft/OneDrive/logs/ListSync/Business1/Nucleus-2025-12-23.1618.7692.3.aodl┋20251223T184457.511000000┋2025-12-24T02:44:57.511+08:00 ScenarioTracking.cpp:LogNewTraceCreated; RetriableTaskExecution/ 3877766b-3936-4d13-8830-17fcf7e225fc/
⇳
./logs/programs/OneDrive/Local/Microsoft/OneDrive/logs/ListSync/Business1/Nucleus-2025-12-23.1618.7692.3.aodl┋20251223T184457.511000000┋2025-12-24T02:44:57.511+08:00 WorkerThreadPool.cpp:WorkerThreadPool::AddThread; Nucleus Database Worker Thread
⇳
./logs/programs/OneDrive/Local/Microsoft/OneDrive/logs/ListSync/Business1/Nucleus-2025-12-23.1618.7692.3.aodl┋20251223T184457.511000000┋2025-12-24T02:44:57.511+08:00 WorkerThreadPool.cpp:WorkerThreadPool::WorkerMainLoop; Nucleus Database Worker Thread
⇳
./logs/programs/OneDrive/Local/Microsoft/OneDrive/logs/ListSync/Business1/Nucleus-2025-12-23.1618.7692.3.aodl┋20251223T184457.511000000┋2025-12-24T02:44:57.511+08:00 ListSyncEngine.cpp:Nucleus::Sync::ListSync::ListSyncEngine::RefreshDriveTokensForListCollectionWithRandomization;
⇳
./logs/programs/OneDrive/Local/Microsoft/OneDrive/logs/ListSync/Business1/Nucleus-2025-12-23.1618.7692.3.aodl┋20251223T184457.511000000┋2025-12-24T02:44:57.511+08:00 WorkerThreadPool.cpp:WorkerThreadPool::AddThread; Nucleus Shared Worker Thread
⇳
./logs/programs/OneDrive/Local/Microsoft/OneDrive/logs/ListSync/Business1/Nucleus-2025-12-23.1618.7692.3.aodl┋20251223T184457.511000000┋2025-12-24T02:44:57.511+08:00 WorkerThreadPool.cpp:WorkerThreadPool::WorkerMainLoop; Nucleus Shared Worker Thread
⇳
./logs/programs/OneDrive/Local/Microsoft/OneDrive/logs/ListSync/Business1/Nucleus-2025-12-23.1618.7692.3.aodl┋20251223T184457.511000000┋2025-12-24T02:44:57.511+08:00 WorkerThreadPool.cpp:WorkerThreadPool::AddThread; Nucleus Shared Worker Thread
⇳
./logs/programs/OneDrive/Local/Microsoft/OneDrive/logs/ListSync/Business1/Nucleus-2025-12-23.1618.7692.3.aodl┋20251223T184457.511000000┋2025-12-24T02:44:57.511+08:00 WorkerThreadPool.cpp:WorkerThreadPool::WorkerMainLoop; Nucleus Shared Worker Thread
⇳
./logs/programs/OneDrive/Local/Microsoft/OneDrive/logs/ListSync/Business1/Nucleus-2025-12-23.1618.7692.3.aodl┋20251223T184527.520000000┋2025-12-24T02:45:27.520+08:00 WorkerThreadPool.cpp:WorkerThreadPool::OnThreadExiting; Nucleus Shared Worker Thread
⇳
./logs/programs/OneDrive/Local/Microsoft/OneDrive/logs/ListSync/Business1/Nucleus-2025-12-23.1618.7692.3.aodl┋20251223T184527.520000000┋2025-12-24T02:45:27.520+08:00 WorkerThreadPool.cpp:WorkerThreadPool::OnThreadExiting; Nucleus Shared Worker Thread
⇳
./logs/programs/OneDrive/Local/Microsoft/OneDrive/logs/ListSync/Business1/Nucleus-2025-12-23.1618.7692.3.aodl┋20251223T184527.520000000┋2025-12-24T02:45:27.520+08:00 WorkerThreadPool.cpp:WorkerThreadPool::OnThreadExiting; Nucleus Shared Worker Thread
⇳
./logs/programs/OneDrive/Local/Microsoft/OneDrive/logs/ListSync/Business1/Nucleus-2025-12-23.1618.7692.3.aodl┋20251223T184527.520000000┋2025-12-24T02:45:27.520+08:00 WorkerThreadPool.cpp:WorkerThreadPool::OnThreadExiting; Nucleus Shared Worker Thread
⇳
./logs/programs/OneDrive/Local/Microsoft/OneDrive/logs/ListSync/Business1/Nucleus-2025-12-23.1618.7692.3.aodl┋20251223T184527.520000000┋2025-12-24T02:45:27.520+08:00 WorkerThreadPool.cpp:WorkerThreadPool::OnThreadExiting; Nucleus Database Worker Thread
⇳
./logs/programs/OneDrive/Local/Microsoft/OneDrive/logs/ListSync/Business1/Nucleus-2025-12-23.1618.7692.3.aodl┋20251223T184527.520000000┋2025-12-24T02:45:27.520+08:00 WorkerThreadPool.cpp:WorkerThreadPool::OnThreadExiting; Nucleus Database Worker Thread
⇳
./logs/programs/OneDrive/Local/Microsoft/OneDrive/logs/ListSync/Business1/Nucleus-2025-12-23.1618.7692.3.aodl┋20251223T191457.512000000┋2025-12-24T03:14:57.512+08:00 WorkerThreadPool.cpp:WorkerThreadPool::AddThread; Nucleus Shared Worker Thread
⇳
./logs/programs/OneDrive/Local/Microsoft/OneDrive/logs/ListSync/Business1/Nucleus-2025-12-23.1618.7692.3.aodl┋20251223T191457.513000000┋2025-12-24T03:14:57.513+08:00 WorkerThreadPool.cpp:WorkerThreadPool::WorkerMainLoop; Nucleus Shared Worker Thread
⇳
./logs/programs/OneDrive/Local/Microsoft/OneDrive/logs/ListSync/Business1/Nucleus-2025-12-23.1618.7692.3.aodl┋20251223T191457.513000000┋2025-12-24T03:14:57.513+08:00 ListSyncEngine.cpp:Nucleus::Sync::ListSync::ListSyncEngine::PollForDriveTokenRefreshAsync::<lambda_1>::operator ();
⇳
./logs/programs/OneDrive/Local/Microsoft/OneDrive/logs/ListSync/Business1/Nucleus-2025-12-23.1618.7692.3.aodl┋20251223T191457.513000000┋2025-12-24T03:14:57.513+08:00 ScenarioTracking.cpp:LogNewTraceCreated; RetriableTaskExecution/ 96d24a4d-dd29-4f6b-804a-f63ff3386cb2/
⇳
./logs/programs/OneDrive/Local/Microsoft/OneDrive/logs/ListSync/Business1/Nucleus-2025-12-23.1618.7692.3.aodl┋20251223T191457.513000000┋2025-12-24T03:14:57.513+08:00 WorkerThreadPool.cpp:WorkerThreadPool::AddThread; Nucleus Database Worker Thread
⇳
./logs/programs/OneDrive/Local/Microsoft/OneDrive/logs/ListSync/Business1/Nucleus-2025-12-23.1618.7692.3.aodl┋20251223T191457.513000000┋2025-12-24T03:14:57.513+08:00 WorkerThreadPool.cpp:WorkerThreadPool::WorkerMainLoop; Nucleus Database Worker Thread
⇳
./logs/programs/OneDrive/Local/Microsoft/OneDrive/logs/ListSync/Business1/Nucleus-2025-12-23.1618.7692.3.aodl┋20251223T191457.513000000┋2025-12-24T03:14:57.513+08:00 ListSyncEngine.cpp:Nucleus::Sync::ListSync::ListSyncEngine::RefreshDriveTokensForListCollectionWithRandomization;
⇳
./logs/programs/OneDrive/Local/Microsoft/OneDrive/logs/ListSync/Business1/Nucleus-2025-12-23.1618.7692.3.aodl┋20251223T191457.514000000┋2025-12-24T03:14:57.514+08:00 WorkerThreadPool.cpp:WorkerThreadPool::AddThread; Nucleus Shared Worker Thread
⇳
./logs/programs/OneDrive/Local/Microsoft/OneDrive/logs/ListSync/Business1/Nucleus-2025-12-23.1618.7692.3.aodl┋20251223T191457.514000000┋2025-12-24T03:14:57.514+08:00 WorkerThreadPool.cpp:WorkerThreadPool::AddThread; Nucleus Shared Worker Thread
⇳
./logs/programs/OneDrive/Local/Microsoft/OneDrive/logs/ListSync/Business1/Nucleus-2025-12-23.1618.7692.3.aodl┋20251223T191457.514000000┋2025-12-24T03:14:57.514+08:00 WorkerThreadPool.cpp:WorkerThreadPool::WorkerMainLoop; Nucleus Shared Worker Thread
⇳
./logs/programs/OneDrive/Local/Microsoft/OneDrive/logs/ListSync/Business1/Nucleus-2025-12-23.1618.7692.3.aodl┋20251223T191457.514000000┋2025-12-24T03:14:57.514+08:00 WorkerThreadPool.cpp:WorkerThreadPool::WorkerMainLoop; Nucleus Shared Worker Thread
⇳
./logs/programs/OneDrive/Local/Microsoft/OneDrive/logs/ListSync/Business1/Nucleus-2025-12-23.1618.7692.3.aodl┋20251223T191527.525000000┋2025-12-24T03:15:27.525+08:00 WorkerThreadPool.cpp:WorkerThreadPool::OnThreadExiting; Nucleus Database Worker Thread
⇳
./logs/programs/OneDrive/Local/Microsoft/OneDrive/logs/ListSync/Business1/Nucleus-2025-12-23.1618.7692.3.aodl┋20251223T191527.526000000┋2025-12-24T03:15:27.526+08:00 WorkerThreadPool.cpp:WorkerThreadPool::OnThreadExiting; Nucleus Database Worker Thread
⇳
./logs/programs/OneDrive/Local/Microsoft/OneDrive/logs/ListSync/Business1/Nucleus-2025-12-23.1618.7692.3.aodl┋20251223T191527.526000000┋2025-12-24T03:15:27.526+08:00 WorkerThreadPool.cpp:WorkerThreadPool::OnThreadExiting; Nucleus Shared Worker Thread
⇳
./logs/programs/OneDrive/Local/Microsoft/OneDrive/logs/ListSync/Business1/Nucleus-2025-12-23.1618.7692.3.aodl┋20251223T191527.526000000┋2025-12-24T03:15:27.526+08:00 WorkerThreadPool.cpp:WorkerThreadPool::OnThreadExiting; Nucleus Shared Worker Thread
⇳
./logs/programs/OneDrive/Local/Microsoft/OneDrive/logs/ListSync/Business1/Nucleus-2025-12-23.1618.7692.3.aodl┋20251223T191527.526000000┋2025-12-24T03:15:27.526+08:00 WorkerThreadPool.cpp:WorkerThreadPool::OnThreadExiting; Nucleus Shared Worker Thread
⇳
./logs/programs/OneDrive/Local/Microsoft/OneDrive/logs/ListSync/Business1/Nucleus-2025-12-23.1618.7692.3.aodl┋20251223T191527.526000000┋2025-12-24T03:15:27.526+08:00 WorkerThreadPool.cpp:WorkerThreadPool::OnThreadExiting; Nucleus Shared Worker Thread
⇳
./logs/programs/OneDrive/Local/Microsoft/OneDrive/logs/ListSync/Business1/Nucleus-2025-12-23.1618.7692.3.aodl┋20251223T191842.329000000┋2025-12-24T03:18:42.329+08:00 LogUploader2.cpp:LogUpload::LogUploader2::LogBatchIsReady;
⇳
./logs/programs/OneDrive/Local/Microsoft/OneDrive/logs/ListSync/Business1/Nucleus-2025-12-23.1618.7692.3.aodl┋20251223T191842.329000000┋2025-12-24T03:18:42.329+08:00 LogUploader2.cpp:LogUpload::LogUploader2::LogBatchIsReady;
⇳
./logs/programs/OneDrive/Local/Microsoft/OneDrive/logs/ListSync/Business1/Nucleus-2025-12-23.1618.7692.3.aodl┋20251223T191842.329000000┋2025-12-24T03:18:42.329+08:00 LogUploader2.cpp:LogUpload::LogUploader2::ReportStateIfNeeded;
⇳
./logs/programs/OneDrive/Local/Microsoft/OneDrive/logs/ListSync/Business1/Nucleus-2025-12-23.1618.7692.3.aodl┋20251223T191842.393000000┋2025-12-24T03:18:42.393+08:00 LogUploader2.cpp:LogUpload::LogUploader2::LogBatchIsReady;
⇳
./logs/programs/OneDrive/Local/Microsoft/OneDrive/logs/ListSync/Business1/Nucleus-2025-12-23.1618.7692.3.aodl┋20251223T191842.393000000┋2025-12-24T03:18:42.393+08:00 LogUploader2.cpp:LogUpload::LogUploader2::LogBatchIsReady;
⇳
./logs/programs/OneDrive/Local/Microsoft/OneDrive/logs/ListSync/Business1/Nucleus-2025-12-23.1618.7692.3.aodl┋20251223T191842.457000000┋2025-12-24T03:18:42.457+08:00 LogUploader2.cpp:LogUpload::LogUploader2::LogBatchIsReady;
⇳
./logs/programs/OneDrive/Local/Microsoft/OneDrive/logs/ListSync/Business1/Nucleus-2025-12-23.1618.7692.3.aodl┋20251223T191842.457000000┋2025-12-24T03:18:42.457+08:00 LogUploader2.cpp:LogUpload::LogUploader2::LogBatchIsReady;
⇳
./logs/programs/OneDrive/Local/Microsoft/OneDrive/logs/ListSync/Business1/Nucleus-2025-12-23.1618.7692.3.aodl┋20251223T191842.521000000┋2025-12-24T03:18:42.521+08:00 LogUploader2.cpp:LogUpload::LogUploader2::LogBatchIsReady;
⇳
./logs/programs/OneDrive/Local/Microsoft/OneDrive/logs/ListSync/Business1/Nucleus-2025-12-23.1618.7692.3.aodl┋20251223T191842.521000000┋2025-12-24T03:18:42.521+08:00 LogUploader2.cpp:LogUpload::LogUploader2::LogBatchIsReady;
⇳
./logs/programs/OneDrive/Local/Microsoft/OneDrive/logs/ListSync/Business1/Nucleus-2025-12-23.1618.7692.3.aodl┋20251223T191842.585000000┋2025-12-24T03:18:42.585+08:00 LogUploader2.cpp:LogUpload::LogUploader2::LogBatchIsReady;
⇳
./logs/programs/OneDrive/Local/Microsoft/OneDrive/logs/ListSync/Business1/Nucleus-2025-12-23.1618.7692.3.aodl┋20251223T191842.585000000┋2025-12-24T03:18:42.585+08:00 LogUploader2.cpp:LogUpload::LogUploader2::LogBatchIsReady;
⇳
./logs/programs/OneDrive/Local/Microsoft/OneDrive/logs/ListSync/Business1/Nucleus-2025-12-23.1618.7692.3.aodl┋20251223T191842.649000000┋2025-12-24T03:18:42.649+08:00 LogUploader2.cpp:LogUpload::LogUploader2::LogBatchIsReady;
⇳
./logs/programs/OneDrive/Local/Microsoft/OneDrive/logs/ListSync/Business1/Nucleus-2025-12-23.1618.7692.3.aodl┋20251223T191842.649000000┋2025-12-24T03:18:42.649+08:00 LogUploader2.cpp:LogUpload::LogUploader2::LogBatchIsReady;
⇳
./logs/programs/OneDrive/Local/Microsoft/OneDrive/logs/ListSync/Business1/Nucleus-2025-12-23.1618.7692.3.aodl┋20251223T191842.712000000┋2025-12-24T03:18:42.712+08:00 LogUploader2.cpp:LogUpload::LogUploader2::LogBatchIsReady;
⇳
./logs/programs/OneDrive/Local/Microsoft/OneDrive/logs/ListSync/Business1/Nucleus-2025-12-23.1618.7692.3.aodl┋20251223T191842.712000000┋2025-12-24T03:18:42.712+08:00 LogUploader2.cpp:LogUpload::LogUploader2::LogBatchIsReady;
⇳
./logs/programs/OneDrive/Local/Microsoft/OneDrive/logs/ListSync/Business1/Nucleus-2025-12-23.1618.7692.3.aodl┋20251223T191842.775000000┋2025-12-24T03:18:42.775+08:00 LogUploader2.cpp:LogUpload::LogUploader2::LogBatchIsReady;
⇳
./logs/programs/OneDrive/Local/Microsoft/OneDrive/logs/ListSync/Business1/Nucleus-2025-12-23.1618.7692.3.aodl┋20251223T191842.775000000┋2025-12-24T03:18:42.775+08:00 LogUploader2.cpp:LogUpload::LogUploader2::LogBatchIsReady;
⇳
./logs/programs/OneDrive/Local/Microsoft/OneDrive/logs/ListSync/Business1/Nucleus-2025-12-23.1618.7692.3.aodl┋20251223T191842.839000000┋2025-12-24T03:18:42.839+08:00 LogUploader2.cpp:LogUpload::LogUploader2::LogBatchIsReady;
⇳
./logs/programs/OneDrive/Local/Microsoft/OneDrive/logs/ListSync/Business1/Nucleus-2025-12-23.1618.7692.3.aodl┋20251223T191842.839000000┋2025-12-24T03:18:42.839+08:00 LogUploader2.cpp:LogUpload::LogUploader2::LogBatchIsReady;
⇳
./logs/programs/OneDrive/Local/Microsoft/OneDrive/logs/ListSync/Business1/Nucleus-2025-12-23.1618.7692.3.aodl┋20251223T191842.903000000┋2025-12-24T03:18:42.903+08:00 LogUploader2.cpp:LogUpload::LogUploader2::LogBatchIsReady;
⇳
./logs/programs/OneDrive/Local/Microsoft/OneDrive/logs/ListSync/Business1/Nucleus-2025-12-23.1618.7692.3.aodl┋20251223T191842.903000000┋2025-12-24T03:18:42.903+08:00 LogUploader2.cpp:LogUpload::LogUploader2::LogBatchIsReady;
⇳
./logs/programs/OneDrive/Local/Microsoft/OneDrive/logs/ListSync/Business1/Nucleus-2025-12-23.1618.7692.3.aodl┋20251223T191842.967000000┋2025-12-24T03:18:42.967+08:00 LogUploader2.cpp:LogUpload::LogUploader2::LogBatchIsReady;
⇳
./logs/programs/OneDrive/Local/Microsoft/OneDrive/logs/ListSync/Business1/Nucleus-2025-12-23.1618.7692.3.aodl┋20251223T191842.967000000┋2025-12-24T03:18:42.967+08:00 LogUploader2.cpp:LogUpload::LogUploader2::LogBatchIsReady;
⇳
./logs/programs/OneDrive/Local/Microsoft/OneDrive/logs/ListSync/Business1/Nucleus-2025-12-23.1618.7692.3.aodl┋20251223T191843.031000000┋2025-12-24T03:18:43.031+08:00 LogUploader2.cpp:LogUpload::LogUploader2::ScanForUnuploadedLogs;
⇳
./logs/programs/OneDrive/Local/Microsoft/OneDrive/logs/ListSync/Business1/Nucleus-2025-12-23.1618.7692.3.aodl┋20251223T191843.031000000┋2025-12-24T03:18:43.031+08:00 LogUploader2.cpp:LogUpload::LogUploader2::ClearUploadQueue;
⇳
./logs/programs/OneDrive/Local/Microsoft/OneDrive/logs/ListSync/Business1/Nucleus-2025-12-23.1618.7692.3.aodl┋20251223T191843.031000000┋2025-12-24T03:18:43.031+08:00 LogUploader2.cpp:LogUpload::LogUploader2::GetLastActiveLogInformation;
⇳
./logs/programs/OneDrive/Local/Microsoft/OneDrive/logs/ListSync/Business1/Nucleus-2025-12-23.1618.7692.3.aodl┋20251223T191843.031000000┋2025-12-24T03:18:43.031+08:00 LogUploader2.cpp:LogUpload::LogUploader2::ScanForUnuploadedLogsHelper;
⇳
./logs/programs/OneDrive/Local/Microsoft/OneDrive/logs/ListSync/Business1/Nucleus-2025-12-23.1618.7692.3.aodl┋20251223T191843.031000000┋2025-12-24T03:18:43.031+08:00 LogUploader2.cpp:LogUpload::LogUploader2::ScanForUnuploadedLogsHelper;
⇳
./logs/programs/OneDrive/Local/Microsoft/OneDrive/logs/ListSync/Business1/Nucleus-2025-12-23.1618.7692.3.aodl┋20251223T191843.031000000┋2025-12-24T03:18:43.031+08:00 LogUploader2.cpp:LogUpload::LogUploader2::PersistSettings;
⇳
./logs/programs/OneDrive/Local/Microsoft/OneDrive/logs/ListSync/Business1/Nucleus-2025-12-23.1618.7692.3.aodl┋20251223T191843.031000000┋2025-12-24T03:18:43.031+08:00 LogUploader2.cpp:LogUpload::LogUploader2::ScanForUnuploadedLogs;
⇳
./logs/programs/OneDrive/Local/Microsoft/OneDrive/logs/ListSync/Business1/Nucleus-2025-12-23.1618.7692.3.aodl┋20251223T191843.031000000┋2025-12-24T03:18:43.031+08:00 LogUploader2.cpp:LogUpload::LogUploader2::LogBatchIsReady;
⇳
./logs/programs/OneDrive/Local/Microsoft/OneDrive/logs/ListSync/Business1/Nucleus-2025-12-23.1618.7692.3.aodl┋20251223T191843.031000000┋2025-12-24T03:18:43.031+08:00 LogUploader2.cpp:LogUpload::LogUploader2::ReportStateIfNeeded;
⇳
./logs/programs/OneDrive/Local/Microsoft/OneDrive/logs/ListSync/Business1/Nucleus-2025-12-23.1618.7692.3.aodl┋20251223T191843.031000000┋2025-12-24T03:18:43.031+08:00 LogUploader2.cpp:LogUpload::LogUploader2::LogBatchIsReady;
⇳
./logs/programs/OneDrive/Local/Microsoft/OneDrive/logs/ListSync/Business1/Nucleus-2025-12-23.1618.7692.3.aodl┋20251223T191843.031000000┋2025-12-24T03:18:43.031+08:00 LogUploader2.cpp:LogUpload::LogUploader2::LogBatchIsReady;
⇳
./logs/programs/OneDrive/Local/Microsoft/OneDrive/logs/ListSync/Business1/Nucleus-2025-12-23.1618.7692.3.aodl┋20251223T191843.031000000┋2025-12-24T03:18:43.031+08:00 LogUploader2.cpp:LogUpload::LogUploader2::StartNextLogUploadBatchIfAble;
⇳
./logs/programs/OneDrive/Local/Microsoft/OneDrive/logs/ListSync/Business1/Nucleus-2025-12-23.1618.7692.3.aodl┋20251223T191843.031000000┋2025-12-24T03:18:43.031+08:00 LogUploader2.cpp:LogUpload::LogUploader2::LogBatchIsReady;
⇳
./logs/programs/OneDrive/Local/Microsoft/OneDrive/logs/ListSync/Business1/Nucleus-2025-12-23.1618.7692.3.aodl┋20251223T191843.031000000┋2025-12-24T03:18:43.031+08:00 LogUploader2.cpp:LogUpload::LogUploader2::StartNextLogUploadBatchIfAble;
⇳
./logs/programs/OneDrive/Local/Microsoft/OneDrive/logs/ListSync/Business1/Nucleus-2025-12-23.1618.7692.3.aodl┋20251223T191843.031000000┋2025-12-24T03:18:43.031+08:00 LogUploader2.cpp:LogUpload::LogUploader2::BuildLogBatchQueue; Nucleus-2025-12-21.1214.9352.1.odlgz
⇳
./logs/programs/OneDrive/Local/Microsoft/OneDrive/logs/ListSync/Business1/Nucleus-2025-12-23.1618.7692.3.aodl┋20251223T191843.031000000┋2025-12-24T03:18:43.031+08:00 LogUploader2.cpp:LogUpload::LogUploader2::BuildLogBatchQueue; Nucleus-2025-12-21.1217.11120.1.odlgz
⇳
./logs/programs/OneDrive/Local/Microsoft/OneDrive/logs/ListSync/Business1/Nucleus-2025-12-23.1618.7692.3.aodl┋20251223T191843.031000000┋2025-12-24T03:18:43.031+08:00 LogUploader2.cpp:LogUpload::LogUploader2::BuildLogBatchQueue; Nucleus-2025-12-21.1214.9352.2.odlgz
⇳
./logs/programs/OneDrive/Local/Microsoft/OneDrive/logs/ListSync/Business1/Nucleus-2025-12-23.1618.7692.3.aodl┋20251223T191843.031000000┋2025-12-24T03:18:43.031+08:00 LogUploader2.cpp:LogUpload::LogUploader2::BuildLogBatchQueue; Nucleus-2025-12-21.1217.7692.1.odlgz
⇳
./logs/programs/OneDrive/Local/Microsoft/OneDrive/logs/ListSync/Business1/Nucleus-2025-12-23.1618.7692.3.aodl┋20251223T191843.031000000┋2025-12-24T03:18:43.031+08:00 LogUploader2.cpp:LogUpload::LogUploader2::BuildLogBatchQueue; Nucleus-2025-12-21.1217.11120.2.odlgz
⇳
./logs/programs/OneDrive/Local/Microsoft/OneDrive/logs/ListSync/Business1/Nucleus-2025-12-23.1618.7692.3.aodl┋20251223T191843.031000000┋2025-12-24T03:18:43.031+08:00 LogUploader2.cpp:LogUpload::LogUploader2::BuildLogBatchQueue; Nucleus-2025-12-22.1236.9320.1.odlgz
⇳
./logs/programs/OneDrive/Local/Microsoft/OneDrive/logs/ListSync/Business1/Nucleus-2025-12-23.1618.7692.3.aodl┋20251223T191843.031000000┋2025-12-24T03:18:43.031+08:00 LogUploader2.cpp:LogUpload::LogUploader2::BuildLogBatchQueue; Nucleus-2025-12-22.1236.9320.2.odlgz
⇳
./logs/programs/OneDrive/Local/Microsoft/OneDrive/logs/ListSync/Business1/Nucleus-2025-12-23.1618.7692.3.aodl┋20251223T191843.031000000┋2025-12-24T03:18:43.031+08:00 LogUploader2.cpp:LogUpload::LogUploader2::BuildLogBatchQueue; Nucleus-2025-12-23.1330.10164.2.odlgz
⇳
./logs/programs/OneDrive/Local/Microsoft/OneDrive/logs/ListSync/Business1/Nucleus-2025-12-23.1618.7692.3.aodl┋20251223T191843.031000000┋2025-12-24T03:18:43.031+08:00 LogUploader2.cpp:LogUpload::LogUploader2::BuildLogBatchQueue; Nucleus-2025-12-23.1330.10164.1.odlgz
⇳
./logs/programs/OneDrive/Local/Microsoft/OneDrive/logs/ListSync/Business1/Nucleus-2025-12-23.1618.7692.3.aodl┋20251223T191843.031000000┋2025-12-24T03:18:43.031+08:00 LogUploader2.cpp:LogUpload::LogUploader2::BuildLogBatchQueue; Nucleus-2025-12-21.1217.7692.2.odlgz
⇳
./logs/programs/OneDrive/Local/Microsoft/OneDrive/logs/ListSync/Business1/Nucleus-2025-12-23.1618.7692.3.aodl┋20251223T191843.031000000┋2025-12-24T03:18:43.031+08:00 LogUploader2.cpp:LogUpload::LogUploader2::StartNextLogUploadBatchIfAble;
⇳
./logs/programs/OneDrive/Local/Microsoft/OneDrive/logs/ListSync/Business1/Nucleus-2025-12-23.1618.7692.3.aodl┋20251223T191843.031000000┋2025-12-24T03:18:43.031+08:00 LogUploader2.cpp:LogUpload::LogUploader2::ExecuteLogUploadBatch;
⇳
./logs/programs/OneDrive/Local/Microsoft/OneDrive/logs/ListSync/Business1/Nucleus-2025-12-23.1618.7692.3.aodl┋20251223T191843.031000000┋2025-12-24T03:18:43.031+08:00 LogUploader2.cpp:LogUpload::LogUploader2::ExecuteLogUploadBatch;
⇳
./logs/programs/OneDrive/Local/Microsoft/OneDrive/logs/ListSync/Business1/Nucleus-2025-12-23.1618.7692.3.aodl┋20251223T191843.031000000┋2025-12-24T03:18:43.031+08:00 ScenarioTracking.cpp:LogNewTraceCreated; AuthSignIn/ aca8cd92-37d5-45e3-8365-44ad2d9f0ff2/
⇳
./logs/programs/OneDrive/Local/Microsoft/OneDrive/logs/ListSync/Business1/Nucleus-2025-12-23.1618.7692.3.aodl┋20251223T191843.031000000┋2025-12-24T03:18:43.031+08:00 WorkerThreadPool.cpp:WorkerThreadPool::AddThread; AuthenticationProviderThreadPool
⇳
./logs/programs/OneDrive/Local/Microsoft/OneDrive/logs/ListSync/Business1/Nucleus-2025-12-23.1618.7692.3.aodl┋20251223T191843.032000000┋2025-12-24T03:18:43.032+08:00 WorkerThreadPool.cpp:WorkerThreadPool::WorkerMainLoop; AuthenticationProviderThreadPool
⇳
./logs/programs/OneDrive/Local/Microsoft/OneDrive/logs/ListSync/Business1/Nucleus-2025-12-23.1618.7692.3.aodl┋20251223T191843.032000000┋2025-12-24T03:18:43.032+08:00 OAuthCredentialCache.cpp:OAuth::CredentialCache::GetCredential; https://onedrive.live.com
⇳
./logs/programs/OneDrive/Local/Microsoft/OneDrive/logs/ListSync/Business1/Nucleus-2025-12-23.1618.7692.3.aodl┋20251223T191843.032000000┋2025-12-24T03:18:43.032+08:00 AccountContext.cpp:Nucleus::Context::AccountContext::CacheAccountDetails;
⇳
./logs/programs/OneDrive/Local/Microsoft/OneDrive/logs/ListSync/Business1/Nucleus-2025-12-23.1618.7692.3.aodl┋20251223T191843.032000000┋2025-12-24T03:18:43.032+08:00 AuthenticationProvider.cpp:Nucleus::Auth::AuthenticationProvider::EnsureSignInContextIsValid;
⇳
./logs/programs/OneDrive/Local/Microsoft/OneDrive/logs/ListSync/Business1/Nucleus-2025-12-23.1618.7692.3.aodl┋20251223T191843.032000000┋2025-12-24T03:18:43.032+08:00 AuthenticationProvider.cpp:Nucleus::Auth::AuthenticationProvider::CheckIfResourceBlockedDuetoExternalSharing; https://onedrive.live.com
⇳
./logs/programs/OneDrive/Local/Microsoft/OneDrive/logs/ListSync/Business1/Nucleus-2025-12-23.1618.7692.3.aodl┋20251223T191843.032000000┋2025-12-24T03:18:43.032+08:00 AuthPlatformHttpRequest.cpp:AuthLibrary::AuthPlatformHttpRequest::Create; OPTIONS https://onedrive.live.com
⇳
./logs/programs/OneDrive/Local/Microsoft/OneDrive/logs/ListSync/Business1/Nucleus-2025-12-23.1618.7692.3.aodl┋20251223T191843.032000000┋2025-12-24T03:18:43.032+08:00 Auth.cpp:Auth::IsOnPremServer;
⇳
./logs/programs/OneDrive/Local/Microsoft/OneDrive/logs/ListSync/Business1/Nucleus-2025-12-23.1618.7692.3.aodl┋20251223T191843.032000000┋2025-12-24T03:18:43.032+08:00 CWinHttp.cpp:CWinHttpSession::InitializeSession;
⇳
./logs/programs/OneDrive/Local/Microsoft/OneDrive/logs/ListSync/Business1/Nucleus-2025-12-23.1618.7692.3.aodl┋20251223T191843.032000000┋2025-12-24T03:18:43.032+08:00 CWinHttp.cpp:CWinHttpSession::CreateRequest; OPTIONS https://onedrive.live.com
⇳
./logs/programs/OneDrive/Local/Microsoft/OneDrive/logs/ListSync/Business1/Nucleus-2025-12-23.1618.7692.3.aodl┋20251223T191843.033000000┋2025-12-24T03:18:43.033+08:00 Auth.cpp:Auth::IsNetworkAuthSupported;
⇳
./logs/programs/OneDrive/Local/Microsoft/OneDrive/logs/ListSync/Business1/Nucleus-2025-12-23.1618.7692.3.aodl┋20251223T191843.393000000┋2025-12-24T03:18:43.393+08:00 CWinHttp.cpp:CWinHttpRequest::OnRequestComplete;
⇳
./logs/programs/OneDrive/Local/Microsoft/OneDrive/logs/ListSync/Business1/Nucleus-2025-12-23.1618.7692.3.aodl┋20251223T191843.393000000┋2025-12-24T03:18:43.393+08:00 AuthPlatformHttpRequest.cpp:AuthLibrary::AuthPlatformHttpRequest::OnRequestComplete; S_OK
⇳
./logs/programs/OneDrive/Local/Microsoft/OneDrive/logs/ListSync/Business1/Nucleus-2025-12-23.1618.7692.3.aodl┋20251223T191843.393000000┋2025-12-24T03:18:43.393+08:00 AuthPlatformHttpRequest.cpp:AuthLibrary::AuthPlatformHttpRequest::Wait;
⇳
./logs/programs/OneDrive/Local/Microsoft/OneDrive/logs/ListSync/Business1/Nucleus-2025-12-23.1618.7692.3.aodl┋20251223T191843.393000000┋2025-12-24T03:18:43.393+08:00 AuthPlatformHttpRequest.cpp:AuthLibrary::AuthPlatformHttpRequest::Wait;
⇳
./logs/programs/OneDrive/Local/Microsoft/OneDrive/logs/ListSync/Business1/Nucleus-2025-12-23.1618.7692.3.aodl┋20251223T191843.393000000┋2025-12-24T03:18:43.393+08:00 AuthenticationProvider.cpp:Nucleus::Auth::AuthenticationProvider::AcquireTokenInternalWorker; https://onedrive.live.com
⇳
./logs/programs/OneDrive/Local/Microsoft/OneDrive/logs/ListSync/Business1/Nucleus-2025-12-23.1618.7692.3.aodl┋20251223T191843.393000000┋2025-12-24T03:18:43.393+08:00 AuthenticationProvider.cpp:Nucleus::Auth::AuthenticationProvider::AcquireTokenInternalWorker;
⇳
./logs/programs/OneDrive/Local/Microsoft/OneDrive/logs/ListSync/Business1/Nucleus-2025-12-23.1618.7692.3.aodl┋20251223T191843.393000000┋2025-12-24T03:18:43.393+08:00 OAuthCredentialCache.cpp:OAuth::CredentialCache::GetCredential; https://onedrive.live.com
⇳
./logs/programs/OneDrive/Local/Microsoft/OneDrive/logs/ListSync/Business1/Nucleus-2025-12-23.1618.7692.3.aodl┋20251223T191843.393000000┋2025-12-24T03:18:43.393+08:00 AuthenticationProvider.cpp:Nucleus::Auth::AuthenticationProvider::AcquireTokenInternalWorker;
⇳
./logs/programs/OneDrive/Local/Microsoft/OneDrive/logs/ListSync/Business1/Nucleus-2025-12-23.1618.7692.3.aodl┋20251223T191843.393000000┋2025-12-24T03:18:43.393+08:00 OneAuthAuthenticator.cpp:Nucleus::Auth::OneAuthAuthenticator::GetAccountFromAccountHint;
⇳
./logs/programs/OneDrive/Local/Microsoft/OneDrive/logs/ListSync/Business1/Nucleus-2025-12-23.1618.7692.3.aodl┋20251223T191843.394000000┋2025-12-24T03:18:43.394+08:00 OneAuthApi.cpp:Nucleus::Auth::OneAuthApi::ReadAllAccounts;
⇳
./logs/programs/OneDrive/Local/Microsoft/OneDrive/logs/ListSync/Business1/Nucleus-2025-12-23.1618.7692.3.aodl┋20251223T191843.394000000┋2025-12-24T03:18:43.394+08:00 OneAuthAuthenticator.cpp:Nucleus::Auth::OneAuthAuthenticator::GetAuthParameters;
⇳
./logs/programs/OneDrive/Local/Microsoft/OneDrive/logs/ListSync/Business1/Nucleus-2025-12-23.1618.7692.3.aodl┋20251223T191843.394000000┋2025-12-24T03:18:43.394+08:00 OneAuthAuthenticator.cpp:Nucleus::Auth::OneAuthAuthenticator::AcquireTokenSilentlyInternal;
⇳
./logs/programs/OneDrive/Local/Microsoft/OneDrive/logs/ListSync/Business1/Nucleus-2025-12-23.1618.7692.3.aodl┋20251223T191843.394000000┋2025-12-24T03:18:43.394+08:00 AuthenticationProvider.cpp:Nucleus::Auth::AuthenticationProvider::HandleAcquireTokenSilentlyException;
⇳
./logs/programs/OneDrive/Local/Microsoft/OneDrive/logs/ListSync/Business1/Nucleus-2025-12-23.1618.7692.3.aodl┋20251223T191843.394000000┋2025-12-24T03:18:43.394+08:00 AuthenticationScenarioTelemetry.cpp:Nucleus::Auth::AuthenticationScenarioTelemetry::Report; AuthSignIn AuthAcquireTokenSilently UnexpectedFailure No available AAD accounts, aborting sign in. https://onedrive.live.com OneAuth
⇳
./logs/programs/OneDrive/Local/Microsoft/OneDrive/logs/ListSync/Business1/Nucleus-2025-12-23.1618.7692.3.aodl┋20251223T191843.394000000┋2025-12-24T03:18:43.394+08:00 LoggingTelemetrySession.cpp:LoggingTelemetrySession::ApplyASHATransform; AuthSignIn UnexpectedFailure
⇳
./logs/programs/OneDrive/Local/Microsoft/OneDrive/logs/ListSync/Business1/Nucleus-2025-12-23.1618.7692.3.aodl┋20251223T191843.394000000┋2025-12-24T03:18:43.394+08:00 LogUploaderServiceApi.cpp:LogUpload::LogUploaderService::LogUploaderServiceApi::GetAuthHeader;
⇳
./logs/programs/OneDrive/Local/Microsoft/OneDrive/logs/ListSync/Business1/Nucleus-2025-12-23.1618.7692.3.aodl┋20251223T191843.394000000┋2025-12-24T03:18:43.394+08:00 LogUploaderServiceApi.cpp:LogUpload::LogUploaderService::LogUploaderServiceApi::GetLogBatchUploadLocation;
⇳
./logs/programs/OneDrive/Local/Microsoft/OneDrive/logs/ListSync/Business1/Nucleus-2025-12-23.1618.7692.3.aodl┋20251223T191843.394000000┋2025-12-24T03:18:43.394+08:00 NucleusLogUploader.cpp:Nucleus::System::NucleusEnvironmentLogUploaderConfig::Report; LogUpload LogUpload Success
⇳
./logs/programs/OneDrive/Local/Microsoft/OneDrive/logs/ListSync/Business1/Nucleus-2025-12-23.1618.7692.3.aodl┋20251223T191843.394000000┋2025-12-24T03:18:43.394+08:00 LogUploader2.cpp:LogUpload::LogUploader2::LogBatchIsReady;
⇳
./logs/programs/OneDrive/Local/Microsoft/OneDrive/logs/ListSync/Business1/Nucleus-2025-12-23.1618.7692.3.aodl┋20251223T191853.405000000┋2025-12-24T03:18:53.405+08:00 WorkerThreadPool.cpp:WorkerThreadPool::OnThreadExiting; AuthenticationProviderThreadPool
⇳
./logs/programs/OneDrive/Local/Microsoft/OneDrive/logs/ListSync/Business1/Nucleus-2025-12-23.1618.7692.3.aodl┋20251223T191853.405000000┋2025-12-24T03:18:53.405+08:00 WorkerThreadPool.cpp:WorkerThreadPool::OnThreadExiting; AuthenticationProviderThreadPool
⇳
./logs/programs/OneDrive/Local/Microsoft/OneDrive/logs/ListSync/Business1/Nucleus-2025-12-23.1618.7692.3.aodl┋20251223T194457.523000000┋2025-12-24T03:44:57.523+08:00 WorkerThreadPool.cpp:WorkerThreadPool::AddThread; Nucleus Shared Worker Thread
⇳
./logs/programs/OneDrive/Local/Microsoft/OneDrive/logs/ListSync/Business1/Nucleus-2025-12-23.1618.7692.3.aodl┋20251223T194457.524000000┋2025-12-24T03:44:57.524+08:00 WorkerThreadPool.cpp:WorkerThreadPool::WorkerMainLoop; Nucleus Shared Worker Thread
⇳
./logs/programs/OneDrive/Local/Microsoft/OneDrive/logs/ListSync/Business1/Nucleus-2025-12-23.1618.7692.3.aodl┋20251223T194457.524000000┋2025-12-24T03:44:57.524+08:00 ListSyncEngine.cpp:Nucleus::Sync::ListSync::ListSyncEngine::PollForDriveTokenRefreshAsync::<lambda_1>::operator ();
⇳
./logs/programs/OneDrive/Local/Microsoft/OneDrive/logs/ListSync/Business1/Nucleus-2025-12-23.1618.7692.3.aodl┋20251223T194457.524000000┋2025-12-24T03:44:57.524+08:00 ScenarioTracking.cpp:LogNewTraceCreated; RetriableTaskExecution/ 48d8bf29-25cb-4bf0-862d-8e8b03191b09/
⇳
./logs/programs/OneDrive/Local/Microsoft/OneDrive/logs/ListSync/Business1/Nucleus-2025-12-23.1618.7692.3.aodl┋20251223T194457.524000000┋2025-12-24T03:44:57.524+08:00 WorkerThreadPool.cpp:WorkerThreadPool::AddThread; Nucleus Database Worker Thread
⇳
./logs/programs/OneDrive/Local/Microsoft/OneDrive/logs/ListSync/Business1/Nucleus-2025-12-23.1618.7692.3.aodl┋20251223T194457.524000000┋2025-12-24T03:44:57.524+08:00 WorkerThreadPool.cpp:WorkerThreadPool::WorkerMainLoop; Nucleus Database Worker Thread
⇳
./logs/programs/OneDrive/Local/Microsoft/OneDrive/logs/ListSync/Business1/Nucleus-2025-12-23.1618.7692.3.aodl┋20251223T194457.525000000┋2025-12-24T03:44:57.525+08:00 ListSyncEngine.cpp:Nucleus::Sync::ListSync::ListSyncEngine::RefreshDriveTokensForListCollectionWithRandomization;
⇳
./logs/programs/OneDrive/Local/Microsoft/OneDrive/logs/ListSync/Business1/Nucleus-2025-12-23.1618.7692.3.aodl┋20251223T194457.525000000┋2025-12-24T03:44:57.525+08:00 WorkerThreadPool.cpp:WorkerThreadPool::AddThread; Nucleus Shared Worker Thread
⇳
./logs/programs/OneDrive/Local/Microsoft/OneDrive/logs/ListSync/Business1/Nucleus-2025-12-23.1618.7692.3.aodl┋20251223T194457.525000000┋2025-12-24T03:44:57.525+08:00 WorkerThreadPool.cpp:WorkerThreadPool::AddThread; Nucleus Shared Worker Thread
⇳
./logs/programs/OneDrive/Local/Microsoft/OneDrive/logs/ListSync/Business1/Nucleus-2025-12-23.1618.7692.3.aodl┋20251223T194457.525000000┋2025-12-24T03:44:57.525+08:00 WorkerThreadPool.cpp:WorkerThreadPool::WorkerMainLoop; Nucleus Shared Worker Thread
⇳
./logs/programs/OneDrive/Local/Microsoft/OneDrive/logs/ListSync/Business1/Nucleus-2025-12-23.1618.7692.3.aodl┋20251223T194457.525000000┋2025-12-24T03:44:57.525+08:00 WorkerThreadPool.cpp:WorkerThreadPool::WorkerMainLoop; Nucleus Shared Worker Thread
⇳
./logs/programs/OneDrive/Local/Microsoft/OneDrive/logs/ListSync/Business1/Nucleus-2025-12-23.1618.7692.3.aodl┋20251223T194527.535000000┋2025-12-24T03:45:27.535+08:00 WorkerThreadPool.cpp:WorkerThreadPool::OnThreadExiting; Nucleus Database Worker Thread
⇳
./logs/programs/OneDrive/Local/Microsoft/OneDrive/logs/ListSync/Business1/Nucleus-2025-12-23.1618.7692.3.aodl┋20251223T194527.535000000┋2025-12-24T03:45:27.535+08:00 WorkerThreadPool.cpp:WorkerThreadPool::OnThreadExiting; Nucleus Shared Worker Thread
⇳
./logs/programs/OneDrive/Local/Microsoft/OneDrive/logs/ListSync/Business1/Nucleus-2025-12-23.1618.7692.3.aodl┋20251223T194527.535000000┋2025-12-24T03:45:27.535+08:00 WorkerThreadPool.cpp:WorkerThreadPool::OnThreadExiting; Nucleus Shared Worker Thread
⇳
./logs/programs/OneDrive/Local/Microsoft/OneDrive/logs/ListSync/Business1/Nucleus-2025-12-23.1618.7692.3.aodl┋20251223T194527.535000000┋2025-12-24T03:45:27.535+08:00 WorkerThreadPool.cpp:WorkerThreadPool::OnThreadExiting; Nucleus Shared Worker Thread
⇳
./logs/programs/OneDrive/Local/Microsoft/OneDrive/logs/ListSync/Business1/Nucleus-2025-12-23.1618.7692.3.aodl┋20251223T194527.535000000┋2025-12-24T03:45:27.535+08:00 WorkerThreadPool.cpp:WorkerThreadPool::OnThreadExiting; Nucleus Database Worker Thread
⇳
./logs/programs/OneDrive/Local/Microsoft/OneDrive/logs/ListSync/Business1/Nucleus-2025-12-23.1618.7692.3.aodl┋20251223T194527.535000000┋2025-12-24T03:45:27.535+08:00 WorkerThreadPool.cpp:WorkerThreadPool::OnThreadExiting; Nucleus Shared Worker Thread
⇳
./logs/programs/OneDrive/Local/Microsoft/OneDrive/logs/ListSync/Business1/Nucleus-2025-12-23.1618.7692.3.aodl┋20251223T201457.531000000┋2025-12-24T04:14:57.531+08:00 WorkerThreadPool.cpp:WorkerThreadPool::AddThread; Nucleus Shared Worker Thread
⇳
./logs/programs/OneDrive/Local/Microsoft/OneDrive/logs/ListSync/Business1/Nucleus-2025-12-23.1618.7692.3.aodl┋20251223T201457.531000000┋2025-12-24T04:14:57.531+08:00 WorkerThreadPool.cpp:WorkerThreadPool::WorkerMainLoop; Nucleus Shared Worker Thread
⇳
./logs/programs/OneDrive/Local/Microsoft/OneDrive/logs/ListSync/Business1/Nucleus-2025-12-23.1618.7692.3.aodl┋20251223T201457.532000000┋2025-12-24T04:14:57.532+08:00 ListSyncEngine.cpp:Nucleus::Sync::ListSync::ListSyncEngine::PollForDriveTokenRefreshAsync::<lambda_1>::operator ();
⇳
./logs/programs/OneDrive/Local/Microsoft/OneDrive/logs/ListSync/Business1/Nucleus-2025-12-23.1618.7692.3.aodl┋20251223T201457.532000000┋2025-12-24T04:14:57.532+08:00 ScenarioTracking.cpp:LogNewTraceCreated; RetriableTaskExecution/ 58042c25-961e-43c8-b184-56073da62f48/
⇳
./logs/programs/OneDrive/Local/Microsoft/OneDrive/logs/ListSync/Business1/Nucleus-2025-12-23.1618.7692.3.aodl┋20251223T201457.532000000┋2025-12-24T04:14:57.532+08:00 WorkerThreadPool.cpp:WorkerThreadPool::AddThread; Nucleus Database Worker Thread
⇳
./logs/programs/OneDrive/Local/Microsoft/OneDrive/logs/ListSync/Business1/Nucleus-2025-12-23.1618.7692.3.aodl┋20251223T201457.532000000┋2025-12-24T04:14:57.532+08:00 WorkerThreadPool.cpp:WorkerThreadPool::WorkerMainLoop; Nucleus Database Worker Thread
⇳
./logs/programs/OneDrive/Local/Microsoft/OneDrive/logs/ListSync/Business1/Nucleus-2025-12-23.1618.7692.3.aodl┋20251223T201457.532000000┋2025-12-24T04:14:57.532+08:00 ListSyncEngine.cpp:Nucleus::Sync::ListSync::ListSyncEngine::RefreshDriveTokensForListCollectionWithRandomization;
⇳
./logs/programs/OneDrive/Local/Microsoft/OneDrive/logs/ListSync/Business1/Nucleus-2025-12-23.1618.7692.3.aodl┋20251223T201457.532000000┋2025-12-24T04:14:57.532+08:00 WorkerThreadPool.cpp:WorkerThreadPool::AddThread; Nucleus Shared Worker Thread
⇳
./logs/programs/OneDrive/Local/Microsoft/OneDrive/logs/ListSync/Business1/Nucleus-2025-12-23.1618.7692.3.aodl┋20251223T201457.532000000┋2025-12-24T04:14:57.532+08:00 WorkerThreadPool.cpp:WorkerThreadPool::AddThread; Nucleus Shared Worker Thread
⇳
./logs/programs/OneDrive/Local/Microsoft/OneDrive/logs/ListSync/Business1/Nucleus-2025-12-23.1618.7692.3.aodl┋20251223T201457.532000000┋2025-12-24T04:14:57.532+08:00 WorkerThreadPool.cpp:WorkerThreadPool::WorkerMainLoop; Nucleus Shared Worker Thread
⇳
./logs/programs/OneDrive/Local/Microsoft/OneDrive/logs/ListSync/Business1/Nucleus-2025-12-23.1618.7692.3.aodl┋20251223T201457.532000000┋2025-12-24T04:14:57.532+08:00 WorkerThreadPool.cpp:WorkerThreadPool::WorkerMainLoop; Nucleus Shared Worker Thread
⇳
./logs/programs/OneDrive/Local/Microsoft/OneDrive/logs/ListSync/Business1/Nucleus-2025-12-23.1618.7692.3.aodl┋20251223T201527.533000000┋2025-12-24T04:15:27.533+08:00 WorkerThreadPool.cpp:WorkerThreadPool::OnThreadExiting; Nucleus Shared Worker Thread
⇳
./logs/programs/OneDrive/Local/Microsoft/OneDrive/logs/ListSync/Business1/Nucleus-2025-12-23.1618.7692.3.aodl┋20251223T201527.534000000┋2025-12-24T04:15:27.534+08:00 WorkerThreadPool.cpp:WorkerThreadPool::OnThreadExiting; Nucleus Shared Worker Thread
⇳
./logs/programs/OneDrive/Local/Microsoft/OneDrive/logs/ListSync/Business1/Nucleus-2025-12-23.1618.7692.3.aodl┋20251223T201527.534000000┋2025-12-24T04:15:27.534+08:00 WorkerThreadPool.cpp:WorkerThreadPool::OnThreadExiting; Nucleus Shared Worker Thread
⇳
./logs/programs/OneDrive/Local/Microsoft/OneDrive/logs/ListSync/Business1/Nucleus-2025-12-23.1618.7692.3.aodl┋20251223T201527.534000000┋2025-12-24T04:15:27.534+08:00 WorkerThreadPool.cpp:WorkerThreadPool::OnThreadExiting; Nucleus Shared Worker Thread
⇳
./logs/programs/OneDrive/Local/Microsoft/OneDrive/logs/ListSync/Business1/Nucleus-2025-12-23.1618.7692.3.aodl┋20251223T201527.534000000┋2025-12-24T04:15:27.534+08:00 WorkerThreadPool.cpp:WorkerThreadPool::OnThreadExiting; Nucleus Database Worker Thread
⇳
./logs/programs/OneDrive/Local/Microsoft/OneDrive/logs/ListSync/Business1/Nucleus-2025-12-23.1618.7692.3.aodl┋20251223T201527.534000000┋2025-12-24T04:15:27.534+08:00 WorkerThreadPool.cpp:WorkerThreadPool::OnThreadExiting; Nucleus Database Worker Thread
⇳
./logs/programs/OneDrive/Local/Microsoft/OneDrive/logs/ListSync/Business1/Nucleus-2025-12-23.1618.7692.3.aodl┋20251223T201843.386000000┋2025-12-24T04:18:43.386+08:00 LogUploader2.cpp:LogUpload::LogUploader2::LogBatchIsReady;
⇳
./logs/programs/OneDrive/Local/Microsoft/OneDrive/logs/ListSync/Business1/Nucleus-2025-12-23.1618.7692.3.aodl┋20251223T201843.386000000┋2025-12-24T04:18:43.386+08:00 LogUploader2.cpp:LogUpload::LogUploader2::LogBatchIsReady;
⇳
./logs/programs/OneDrive/Local/Microsoft/OneDrive/logs/ListSync/Business1/Nucleus-2025-12-23.1618.7692.3.aodl┋20251223T201843.386000000┋2025-12-24T04:18:43.386+08:00 LogUploader2.cpp:LogUpload::LogUploader2::ReportStateIfNeeded;
⇳
./logs/programs/OneDrive/Local/Microsoft/OneDrive/logs/ListSync/Business1/Nucleus-2025-12-23.1618.7692.3.aodl┋20251223T201843.449000000┋2025-12-24T04:18:43.449+08:00 LogUploader2.cpp:LogUpload::LogUploader2::LogBatchIsReady;
⇳
./logs/programs/OneDrive/Local/Microsoft/OneDrive/logs/ListSync/Business1/Nucleus-2025-12-23.1618.7692.3.aodl┋20251223T201843.449000000┋2025-12-24T04:18:43.449+08:00 LogUploader2.cpp:LogUpload::LogUploader2::LogBatchIsReady;
⇳
./logs/programs/OneDrive/Local/Microsoft/OneDrive/logs/ListSync/Business1/Nucleus-2025-12-23.1618.7692.3.aodl┋20251223T201843.513000000┋2025-12-24T04:18:43.513+08:00 LogUploader2.cpp:LogUpload::LogUploader2::LogBatchIsReady;
⇳
./logs/programs/OneDrive/Local/Microsoft/OneDrive/logs/ListSync/Business1/Nucleus-2025-12-23.1618.7692.3.aodl┋20251223T201843.513000000┋2025-12-24T04:18:43.513+08:00 LogUploader2.cpp:LogUpload::LogUploader2::LogBatchIsReady;
⇳
./logs/programs/OneDrive/Local/Microsoft/OneDrive/logs/ListSync/Business1/Nucleus-2025-12-23.1618.7692.3.aodl┋20251223T201843.576000000┋2025-12-24T04:18:43.576+08:00 LogUploader2.cpp:LogUpload::LogUploader2::LogBatchIsReady;
⇳
./logs/programs/OneDrive/Local/Microsoft/OneDrive/logs/ListSync/Business1/Nucleus-2025-12-23.1618.7692.3.aodl┋20251223T201843.576000000┋2025-12-24T04:18:43.576+08:00 LogUploader2.cpp:LogUpload::LogUploader2::LogBatchIsReady;
⇳
./logs/programs/OneDrive/Local/Microsoft/OneDrive/logs/ListSync/Business1/Nucleus-2025-12-23.1618.7692.3.aodl┋20251223T201843.640000000┋2025-12-24T04:18:43.640+08:00 LogUploader2.cpp:LogUpload::LogUploader2::LogBatchIsReady;
⇳
./logs/programs/OneDrive/Local/Microsoft/OneDrive/logs/ListSync/Business1/Nucleus-2025-12-23.1618.7692.3.aodl┋20251223T201843.640000000┋2025-12-24T04:18:43.640+08:00 LogUploader2.cpp:LogUpload::LogUploader2::LogBatchIsReady;
⇳
./logs/programs/OneDrive/Local/Microsoft/OneDrive/logs/ListSync/Business1/Nucleus-2025-12-23.1618.7692.3.aodl┋20251223T201843.704000000┋2025-12-24T04:18:43.704+08:00 LogUploader2.cpp:LogUpload::LogUploader2::LogBatchIsReady;
⇳
./logs/programs/OneDrive/Local/Microsoft/OneDrive/logs/ListSync/Business1/Nucleus-2025-12-23.1618.7692.3.aodl┋20251223T201843.704000000┋2025-12-24T04:18:43.704+08:00 LogUploader2.cpp:LogUpload::LogUploader2::LogBatchIsReady;
⇳
./logs/programs/OneDrive/Local/Microsoft/OneDrive/logs/ListSync/Business1/Nucleus-2025-12-23.1618.7692.3.aodl┋20251223T201843.768000000┋2025-12-24T04:18:43.768+08:00 LogUploader2.cpp:LogUpload::LogUploader2::LogBatchIsReady;
⇳
./logs/programs/OneDrive/Local/Microsoft/OneDrive/logs/ListSync/Business1/Nucleus-2025-12-23.1618.7692.3.aodl┋20251223T201843.768000000┋2025-12-24T04:18:43.768+08:00 LogUploader2.cpp:LogUpload::LogUploader2::LogBatchIsReady;
⇳
./logs/programs/OneDrive/Local/Microsoft/OneDrive/logs/ListSync/Business1/Nucleus-2025-12-23.1618.7692.3.aodl┋20251223T201843.831000000┋2025-12-24T04:18:43.831+08:00 LogUploader2.cpp:LogUpload::LogUploader2::LogBatchIsReady;
⇳
./logs/programs/OneDrive/Local/Microsoft/OneDrive/logs/ListSync/Business1/Nucleus-2025-12-23.1618.7692.3.aodl┋20251223T201843.831000000┋2025-12-24T04:18:43.831+08:00 LogUploader2.cpp:LogUpload::LogUploader2::LogBatchIsReady;
⇳
./logs/programs/OneDrive/Local/Microsoft/OneDrive/logs/ListSync/Business1/Nucleus-2025-12-23.1618.7692.3.aodl┋20251223T201843.895000000┋2025-12-24T04:18:43.895+08:00 LogUploader2.cpp:LogUpload::LogUploader2::LogBatchIsReady;
⇳
./logs/programs/OneDrive/Local/Microsoft/OneDrive/logs/ListSync/Business1/Nucleus-2025-12-23.1618.7692.3.aodl┋20251223T201843.895000000┋2025-12-24T04:18:43.895+08:00 LogUploader2.cpp:LogUpload::LogUploader2::LogBatchIsReady;
⇳
./logs/programs/OneDrive/Local/Microsoft/OneDrive/logs/ListSync/Business1/Nucleus-2025-12-23.1618.7692.3.aodl┋20251223T201843.959000000┋2025-12-24T04:18:43.959+08:00 LogUploader2.cpp:LogUpload::LogUploader2::LogBatchIsReady;
⇳
./logs/programs/OneDrive/Local/Microsoft/OneDrive/logs/ListSync/Business1/Nucleus-2025-12-23.1618.7692.3.aodl┋20251223T201843.959000000┋2025-12-24T04:18:43.959+08:00 LogUploader2.cpp:LogUpload::LogUploader2::LogBatchIsReady;
⇳
./logs/programs/OneDrive/Local/Microsoft/OneDrive/logs/ListSync/Business1/Nucleus-2025-12-23.1618.7692.3.aodl┋20251223T201844.023000000┋2025-12-24T04:18:44.023+08:00 LogUploader2.cpp:LogUpload::LogUploader2::ScanForUnuploadedLogs;
⇳
./logs/programs/OneDrive/Local/Microsoft/OneDrive/logs/ListSync/Business1/Nucleus-2025-12-23.1618.7692.3.aodl┋20251223T201844.023000000┋2025-12-24T04:18:44.023+08:00 LogUploader2.cpp:LogUpload::LogUploader2::ClearUploadQueue;
⇳
./logs/programs/OneDrive/Local/Microsoft/OneDrive/logs/ListSync/Business1/Nucleus-2025-12-23.1618.7692.3.aodl┋20251223T201844.023000000┋2025-12-24T04:18:44.023+08:00 LogUploader2.cpp:LogUpload::LogUploader2::GetLastActiveLogInformation;
⇳
./logs/programs/OneDrive/Local/Microsoft/OneDrive/logs/ListSync/Business1/Nucleus-2025-12-23.1618.7692.3.aodl┋20251223T201844.023000000┋2025-12-24T04:18:44.023+08:00 LogUploader2.cpp:LogUpload::LogUploader2::ScanForUnuploadedLogsHelper;
⇳
./logs/programs/OneDrive/Local/Microsoft/OneDrive/logs/ListSync/Business1/Nucleus-2025-12-23.1618.7692.3.aodl┋20251223T201844.024000000┋2025-12-24T04:18:44.024+08:00 LogUploader2.cpp:LogUpload::LogUploader2::ScanForUnuploadedLogsHelper;
⇳
./logs/programs/OneDrive/Local/Microsoft/OneDrive/logs/ListSync/Business1/Nucleus-2025-12-23.1618.7692.3.aodl┋20251223T201844.024000000┋2025-12-24T04:18:44.024+08:00 LogUploader2.cpp:LogUpload::LogUploader2::PersistSettings;
⇳
./logs/programs/OneDrive/Local/Microsoft/OneDrive/logs/ListSync/Business1/Nucleus-2025-12-23.1618.7692.3.aodl┋20251223T201844.024000000┋2025-12-24T04:18:44.024+08:00 LogUploader2.cpp:LogUpload::LogUploader2::ScanForUnuploadedLogs;
⇳
./logs/programs/OneDrive/Local/Microsoft/OneDrive/logs/ListSync/Business1/Nucleus-2025-12-23.1618.7692.3.aodl┋20251223T201844.024000000┋2025-12-24T04:18:44.024+08:00 LogUploader2.cpp:LogUpload::LogUploader2::LogBatchIsReady;
⇳
./logs/programs/OneDrive/Local/Microsoft/OneDrive/logs/ListSync/Business1/Nucleus-2025-12-23.1618.7692.3.aodl┋20251223T201844.024000000┋2025-12-24T04:18:44.024+08:00 LogUploader2.cpp:LogUpload::LogUploader2::ReportStateIfNeeded;
⇳
./logs/programs/OneDrive/Local/Microsoft/OneDrive/logs/ListSync/Business1/Nucleus-2025-12-23.1618.7692.3.aodl┋20251223T201844.024000000┋2025-12-24T04:18:44.024+08:00 LogUploader2.cpp:LogUpload::LogUploader2::LogBatchIsReady;
⇳
./logs/programs/OneDrive/Local/Microsoft/OneDrive/logs/ListSync/Business1/Nucleus-2025-12-23.1618.7692.3.aodl┋20251223T201844.024000000┋2025-12-24T04:18:44.024+08:00 LogUploader2.cpp:LogUpload::LogUploader2::LogBatchIsReady;
⇳
./logs/programs/OneDrive/Local/Microsoft/OneDrive/logs/ListSync/Business1/Nucleus-2025-12-23.1618.7692.3.aodl┋20251223T201844.024000000┋2025-12-24T04:18:44.024+08:00 LogUploader2.cpp:LogUpload::LogUploader2::StartNextLogUploadBatchIfAble;
⇳
./logs/programs/OneDrive/Local/Microsoft/OneDrive/logs/ListSync/Business1/Nucleus-2025-12-23.1618.7692.3.aodl┋20251223T201844.024000000┋2025-12-24T04:18:44.024+08:00 LogUploader2.cpp:LogUpload::LogUploader2::LogBatchIsReady;
⇳
./logs/programs/OneDrive/Local/Microsoft/OneDrive/logs/ListSync/Business1/Nucleus-2025-12-23.1618.7692.3.aodl┋20251223T201844.024000000┋2025-12-24T04:18:44.024+08:00 LogUploader2.cpp:LogUpload::LogUploader2::StartNextLogUploadBatchIfAble;
⇳
./logs/programs/OneDrive/Local/Microsoft/OneDrive/logs/ListSync/Business1/Nucleus-2025-12-23.1618.7692.3.aodl┋20251223T201844.024000000┋2025-12-24T04:18:44.024+08:00 LogUploader2.cpp:LogUpload::LogUploader2::BuildLogBatchQueue; Nucleus-2025-12-21.1214.9352.1.odlgz
⇳
./logs/programs/OneDrive/Local/Microsoft/OneDrive/logs/ListSync/Business1/Nucleus-2025-12-23.1618.7692.3.aodl┋20251223T201844.024000000┋2025-12-24T04:18:44.024+08:00 LogUploader2.cpp:LogUpload::LogUploader2::BuildLogBatchQueue; Nucleus-2025-12-21.1217.11120.1.odlgz
⇳
./logs/programs/OneDrive/Local/Microsoft/OneDrive/logs/ListSync/Business1/Nucleus-2025-12-23.1618.7692.3.aodl┋20251223T201844.024000000┋2025-12-24T04:18:44.024+08:00 LogUploader2.cpp:LogUpload::LogUploader2::BuildLogBatchQueue; Nucleus-2025-12-21.1214.9352.2.odlgz
⇳
./logs/programs/OneDrive/Local/Microsoft/OneDrive/logs/ListSync/Business1/Nucleus-2025-12-23.1618.7692.3.aodl┋20251223T201844.024000000┋2025-12-24T04:18:44.024+08:00 LogUploader2.cpp:LogUpload::LogUploader2::BuildLogBatchQueue; Nucleus-2025-12-21.1217.7692.1.odlgz
⇳
./logs/programs/OneDrive/Local/Microsoft/OneDrive/logs/ListSync/Business1/Nucleus-2025-12-23.1618.7692.3.aodl┋20251223T201844.024000000┋2025-12-24T04:18:44.024+08:00 LogUploader2.cpp:LogUpload::LogUploader2::BuildLogBatchQueue; Nucleus-2025-12-21.1217.11120.2.odlgz
⇳
./logs/programs/OneDrive/Local/Microsoft/OneDrive/logs/ListSync/Business1/Nucleus-2025-12-23.1618.7692.3.aodl┋20251223T201844.029000000┋2025-12-24T04:18:44.029+08:00 LogUploader2.cpp:LogUpload::LogUploader2::BuildLogBatchQueue; Nucleus-2025-12-22.1236.9320.1.odlgz
⇳
./logs/programs/OneDrive/Local/Microsoft/OneDrive/logs/ListSync/Business1/Nucleus-2025-12-23.1618.7692.3.aodl┋20251223T201844.029000000┋2025-12-24T04:18:44.029+08:00 LogUploader2.cpp:LogUpload::LogUploader2::BuildLogBatchQueue; Nucleus-2025-12-22.1236.9320.2.odlgz
⇳
./logs/programs/OneDrive/Local/Microsoft/OneDrive/logs/ListSync/Business1/Nucleus-2025-12-23.1618.7692.3.aodl┋20251223T201844.029000000┋2025-12-24T04:18:44.029+08:00 LogUploader2.cpp:LogUpload::LogUploader2::BuildLogBatchQueue; Nucleus-2025-12-23.1330.10164.2.odlgz
⇳
./logs/programs/OneDrive/Local/Microsoft/OneDrive/logs/ListSync/Business1/Nucleus-2025-12-23.1618.7692.3.aodl┋20251223T201844.029000000┋2025-12-24T04:18:44.029+08:00 LogUploader2.cpp:LogUpload::LogUploader2::BuildLogBatchQueue; Nucleus-2025-12-23.1330.10164.1.odlgz
⇳
./logs/programs/OneDrive/Local/Microsoft/OneDrive/logs/ListSync/Business1/Nucleus-2025-12-23.1618.7692.3.aodl┋20251223T201844.029000000┋2025-12-24T04:18:44.029+08:00 LogUploader2.cpp:LogUpload::LogUploader2::BuildLogBatchQueue; Nucleus-2025-12-21.1217.7692.2.odlgz
⇳
./logs/programs/OneDrive/Local/Microsoft/OneDrive/logs/ListSync/Business1/Nucleus-2025-12-23.1618.7692.3.aodl┋20251223T201844.029000000┋2025-12-24T04:18:44.029+08:00 LogUploader2.cpp:LogUpload::LogUploader2::StartNextLogUploadBatchIfAble;
⇳
./logs/programs/OneDrive/Local/Microsoft/OneDrive/logs/ListSync/Business1/Nucleus-2025-12-23.1618.7692.3.aodl┋20251223T201844.029000000┋2025-12-24T04:18:44.029+08:00 LogUploader2.cpp:LogUpload::LogUploader2::ExecuteLogUploadBatch;
⇳
./logs/programs/OneDrive/Local/Microsoft/OneDrive/logs/ListSync/Business1/Nucleus-2025-12-23.1618.7692.3.aodl┋20251223T201844.029000000┋2025-12-24T04:18:44.029+08:00 LogUploader2.cpp:LogUpload::LogUploader2::ExecuteLogUploadBatch;
⇳
./logs/programs/OneDrive/Local/Microsoft/OneDrive/logs/ListSync/Business1/Nucleus-2025-12-23.1618.7692.3.aodl┋20251223T201844.029000000┋2025-12-24T04:18:44.029+08:00 ScenarioTracking.cpp:LogNewTraceCreated; AuthSignIn/ 25aad92b-8e91-4e13-8af5-214234292e9e/
⇳
./logs/programs/OneDrive/Local/Microsoft/OneDrive/logs/ListSync/Business1/Nucleus-2025-12-23.1618.7692.3.aodl┋20251223T201844.029000000┋2025-12-24T04:18:44.029+08:00 WorkerThreadPool.cpp:WorkerThreadPool::AddThread; AuthenticationProviderThreadPool
⇳
./logs/programs/OneDrive/Local/Microsoft/OneDrive/logs/ListSync/Business1/Nucleus-2025-12-23.1618.7692.3.aodl┋20251223T201844.029000000┋2025-12-24T04:18:44.029+08:00 WorkerThreadPool.cpp:WorkerThreadPool::WorkerMainLoop; AuthenticationProviderThreadPool
⇳
./logs/programs/OneDrive/Local/Microsoft/OneDrive/logs/ListSync/Business1/Nucleus-2025-12-23.1618.7692.3.aodl┋20251223T201844.029000000┋2025-12-24T04:18:44.029+08:00 OAuthCredentialCache.cpp:OAuth::CredentialCache::GetCredential; https://onedrive.live.com
⇳
./logs/programs/OneDrive/Local/Microsoft/OneDrive/logs/ListSync/Business1/Nucleus-2025-12-23.1618.7692.3.aodl┋20251223T201844.030000000┋2025-12-24T04:18:44.030+08:00 AccountContext.cpp:Nucleus::Context::AccountContext::CacheAccountDetails;
⇳
./logs/programs/OneDrive/Local/Microsoft/OneDrive/logs/ListSync/Business1/Nucleus-2025-12-23.1618.7692.3.aodl┋20251223T201844.030000000┋2025-12-24T04:18:44.030+08:00 AuthenticationProvider.cpp:Nucleus::Auth::AuthenticationProvider::EnsureSignInContextIsValid;
⇳
./logs/programs/OneDrive/Local/Microsoft/OneDrive/logs/ListSync/Business1/Nucleus-2025-12-23.1618.7692.3.aodl┋20251223T201844.030000000┋2025-12-24T04:18:44.030+08:00 AuthenticationProvider.cpp:Nucleus::Auth::AuthenticationProvider::CheckIfResourceBlockedDuetoExternalSharing; https://onedrive.live.com
⇳
./logs/programs/OneDrive/Local/Microsoft/OneDrive/logs/ListSync/Business1/Nucleus-2025-12-23.1618.7692.3.aodl┋20251223T201844.030000000┋2025-12-24T04:18:44.030+08:00 AuthPlatformHttpRequest.cpp:AuthLibrary::AuthPlatformHttpRequest::Create; OPTIONS https://onedrive.live.com
⇳
./logs/programs/OneDrive/Local/Microsoft/OneDrive/logs/ListSync/Business1/Nucleus-2025-12-23.1618.7692.3.aodl┋20251223T201844.030000000┋2025-12-24T04:18:44.030+08:00 Auth.cpp:Auth::IsOnPremServer;
⇳
./logs/programs/OneDrive/Local/Microsoft/OneDrive/logs/ListSync/Business1/Nucleus-2025-12-23.1618.7692.3.aodl┋20251223T201844.030000000┋2025-12-24T04:18:44.030+08:00 CWinHttp.cpp:CWinHttpSession::InitializeSession;
⇳
./logs/programs/OneDrive/Local/Microsoft/OneDrive/logs/ListSync/Business1/Nucleus-2025-12-23.1618.7692.3.aodl┋20251223T201844.030000000┋2025-12-24T04:18:44.030+08:00 CWinHttp.cpp:CWinHttpSession::CreateRequest; OPTIONS https://onedrive.live.com
⇳
./logs/programs/OneDrive/Local/Microsoft/OneDrive/logs/ListSync/Business1/Nucleus-2025-12-23.1618.7692.3.aodl┋20251223T201844.030000000┋2025-12-24T04:18:44.030+08:00 Auth.cpp:Auth::IsNetworkAuthSupported;
⇳
./logs/programs/OneDrive/Local/Microsoft/OneDrive/logs/ListSync/Business1/Nucleus-2025-12-23.1618.7692.3.aodl┋20251223T201844.190000000┋2025-12-24T04:18:44.190+08:00 CWinHttp.cpp:CWinHttpRequest::OnRequestComplete;
⇳
./logs/programs/OneDrive/Local/Microsoft/OneDrive/logs/ListSync/Business1/Nucleus-2025-12-23.1618.7692.3.aodl┋20251223T201844.190000000┋2025-12-24T04:18:44.190+08:00 AuthPlatformHttpRequest.cpp:AuthLibrary::AuthPlatformHttpRequest::OnRequestComplete; S_OK
⇳
./logs/programs/OneDrive/Local/Microsoft/OneDrive/logs/ListSync/Business1/Nucleus-2025-12-23.1618.7692.3.aodl┋20251223T201844.190000000┋2025-12-24T04:18:44.190+08:00 AuthPlatformHttpRequest.cpp:AuthLibrary::AuthPlatformHttpRequest::Wait;
⇳
./logs/programs/OneDrive/Local/Microsoft/OneDrive/logs/ListSync/Business1/Nucleus-2025-12-23.1618.7692.3.aodl┋20251223T201844.190000000┋2025-12-24T04:18:44.190+08:00 AuthPlatformHttpRequest.cpp:AuthLibrary::AuthPlatformHttpRequest::Wait;
⇳
./logs/programs/OneDrive/Local/Microsoft/OneDrive/logs/ListSync/Business1/Nucleus-2025-12-23.1618.7692.3.aodl┋20251223T201844.191000000┋2025-12-24T04:18:44.191+08:00 AuthenticationProvider.cpp:Nucleus::Auth::AuthenticationProvider::AcquireTokenInternalWorker; https://onedrive.live.com
⇳
./logs/programs/OneDrive/Local/Microsoft/OneDrive/logs/ListSync/Business1/Nucleus-2025-12-23.1618.7692.3.aodl┋20251223T201844.191000000┋2025-12-24T04:18:44.191+08:00 AuthenticationProvider.cpp:Nucleus::Auth::AuthenticationProvider::AcquireTokenInternalWorker;
⇳
./logs/programs/OneDrive/Local/Microsoft/OneDrive/logs/ListSync/Business1/Nucleus-2025-12-23.1618.7692.3.aodl┋20251223T201844.191000000┋2025-12-24T04:18:44.191+08:00 OAuthCredentialCache.cpp:OAuth::CredentialCache::GetCredential; https://onedrive.live.com
⇳
./logs/programs/OneDrive/Local/Microsoft/OneDrive/logs/ListSync/Business1/Nucleus-2025-12-23.1618.7692.3.aodl┋20251223T201844.191000000┋2025-12-24T04:18:44.191+08:00 AuthenticationProvider.cpp:Nucleus::Auth::AuthenticationProvider::AcquireTokenInternalWorker;
⇳
./logs/programs/OneDrive/Local/Microsoft/OneDrive/logs/ListSync/Business1/Nucleus-2025-12-23.1618.7692.3.aodl┋20251223T201844.191000000┋2025-12-24T04:18:44.191+08:00 OneAuthAuthenticator.cpp:Nucleus::Auth::OneAuthAuthenticator::GetAccountFromAccountHint;
⇳
./logs/programs/OneDrive/Local/Microsoft/OneDrive/logs/ListSync/Business1/Nucleus-2025-12-23.1618.7692.3.aodl┋20251223T201844.191000000┋2025-12-24T04:18:44.191+08:00 OneAuthApi.cpp:Nucleus::Auth::OneAuthApi::ReadAllAccounts;
⇳
./logs/programs/OneDrive/Local/Microsoft/OneDrive/logs/ListSync/Business1/Nucleus-2025-12-23.1618.7692.3.aodl┋20251223T201844.191000000┋2025-12-24T04:18:44.191+08:00 OneAuthAuthenticator.cpp:Nucleus::Auth::OneAuthAuthenticator::GetAuthParameters;
⇳
./logs/programs/OneDrive/Local/Microsoft/OneDrive/logs/ListSync/Business1/Nucleus-2025-12-23.1618.7692.3.aodl┋20251223T201844.191000000┋2025-12-24T04:18:44.191+08:00 OneAuthAuthenticator.cpp:Nucleus::Auth::OneAuthAuthenticator::AcquireTokenSilentlyInternal;
⇳
./logs/programs/OneDrive/Local/Microsoft/OneDrive/logs/ListSync/Business1/Nucleus-2025-12-23.1618.7692.3.aodl┋20251223T201844.191000000┋2025-12-24T04:18:44.191+08:00 AuthenticationProvider.cpp:Nucleus::Auth::AuthenticationProvider::HandleAcquireTokenSilentlyException;
⇳
./logs/programs/OneDrive/Local/Microsoft/OneDrive/logs/ListSync/Business1/Nucleus-2025-12-23.1618.7692.3.aodl┋20251223T201844.191000000┋2025-12-24T04:18:44.191+08:00 AuthenticationScenarioTelemetry.cpp:Nucleus::Auth::AuthenticationScenarioTelemetry::Report; AuthSignIn AuthAcquireTokenSilently UnexpectedFailure No available AAD accounts, aborting sign in. https://onedrive.live.com OneAuth
⇳
./logs/programs/OneDrive/Local/Microsoft/OneDrive/logs/ListSync/Business1/Nucleus-2025-12-23.1618.7692.3.aodl┋20251223T201844.192000000┋2025-12-24T04:18:44.192+08:00 LoggingTelemetrySession.cpp:LoggingTelemetrySession::ApplyASHATransform; AuthSignIn UnexpectedFailure
⇳
./logs/programs/OneDrive/Local/Microsoft/OneDrive/logs/ListSync/Business1/Nucleus-2025-12-23.1618.7692.3.aodl┋20251223T201844.192000000┋2025-12-24T04:18:44.192+08:00 LogUploaderServiceApi.cpp:LogUpload::LogUploaderService::LogUploaderServiceApi::GetAuthHeader;
⇳
./logs/programs/OneDrive/Local/Microsoft/OneDrive/logs/ListSync/Business1/Nucleus-2025-12-23.1618.7692.3.aodl┋20251223T201844.192000000┋2025-12-24T04:18:44.192+08:00 LogUploaderServiceApi.cpp:LogUpload::LogUploaderService::LogUploaderServiceApi::GetLogBatchUploadLocation;
⇳
./logs/programs/OneDrive/Local/Microsoft/OneDrive/logs/ListSync/Business1/Nucleus-2025-12-23.1618.7692.3.aodl┋20251223T201844.192000000┋2025-12-24T04:18:44.192+08:00 NucleusLogUploader.cpp:Nucleus::System::NucleusEnvironmentLogUploaderConfig::Report; LogUpload LogUpload Success
⇳
./logs/programs/OneDrive/Local/Microsoft/OneDrive/logs/ListSync/Business1/Nucleus-2025-12-23.1618.7692.3.aodl┋20251223T201844.192000000┋2025-12-24T04:18:44.192+08:00 LogUploader2.cpp:LogUpload::LogUploader2::LogBatchIsReady;
⇳
./logs/programs/OneDrive/Local/Microsoft/OneDrive/logs/ListSync/Business1/Nucleus-2025-12-23.1618.7692.3.aodl┋20251223T201854.203000000┋2025-12-24T04:18:54.203+08:00 WorkerThreadPool.cpp:WorkerThreadPool::OnThreadExiting; AuthenticationProviderThreadPool
⇳
./logs/programs/OneDrive/Local/Microsoft/OneDrive/logs/ListSync/Business1/Nucleus-2025-12-23.1618.7692.3.aodl┋20251223T201854.203000000┋2025-12-24T04:18:54.203+08:00 WorkerThreadPool.cpp:WorkerThreadPool::OnThreadExiting; AuthenticationProviderThreadPool
⇳
./logs/programs/OneDrive/Local/Microsoft/OneDrive/logs/ListSync/Business1/Nucleus-2025-12-23.1618.7692.3.aodl┋20251223T204457.544000000┋2025-12-24T04:44:57.544+08:00 WorkerThreadPool.cpp:WorkerThreadPool::AddThread; Nucleus Shared Worker Thread
⇳
./logs/programs/OneDrive/Local/Microsoft/OneDrive/logs/ListSync/Business1/Nucleus-2025-12-23.1618.7692.3.aodl┋20251223T204457.544000000┋2025-12-24T04:44:57.544+08:00 WorkerThreadPool.cpp:WorkerThreadPool::WorkerMainLoop; Nucleus Shared Worker Thread
⇳
./logs/programs/OneDrive/Local/Microsoft/OneDrive/logs/ListSync/Business1/Nucleus-2025-12-23.1618.7692.3.aodl┋20251223T204457.545000000┋2025-12-24T04:44:57.545+08:00 ListSyncEngine.cpp:Nucleus::Sync::ListSync::ListSyncEngine::PollForDriveTokenRefreshAsync::<lambda_1>::operator ();
⇳
./logs/programs/OneDrive/Local/Microsoft/OneDrive/logs/ListSync/Business1/Nucleus-2025-12-23.1618.7692.3.aodl┋20251223T204457.545000000┋2025-12-24T04:44:57.545+08:00 ScenarioTracking.cpp:LogNewTraceCreated; RetriableTaskExecution/ 8bc4652d-0dc2-4239-b08b-5ba462510a63/
⇳
./logs/programs/OneDrive/Local/Microsoft/OneDrive/logs/ListSync/Business1/Nucleus-2025-12-23.1618.7692.3.aodl┋20251223T204457.545000000┋2025-12-24T04:44:57.545+08:00 WorkerThreadPool.cpp:WorkerThreadPool::AddThread; Nucleus Database Worker Thread
⇳
./logs/programs/OneDrive/Local/Microsoft/OneDrive/logs/ListSync/Business1/Nucleus-2025-12-23.1618.7692.3.aodl┋20251223T204457.545000000┋2025-12-24T04:44:57.545+08:00 WorkerThreadPool.cpp:WorkerThreadPool::WorkerMainLoop; Nucleus Database Worker Thread
⇳
./logs/programs/OneDrive/Local/Microsoft/OneDrive/logs/ListSync/Business1/Nucleus-2025-12-23.1618.7692.3.aodl┋20251223T204457.545000000┋2025-12-24T04:44:57.545+08:00 ListSyncEngine.cpp:Nucleus::Sync::ListSync::ListSyncEngine::RefreshDriveTokensForListCollectionWithRandomization;
⇳
./logs/programs/OneDrive/Local/Microsoft/OneDrive/logs/ListSync/Business1/Nucleus-2025-12-23.1618.7692.3.aodl┋20251223T204457.545000000┋2025-12-24T04:44:57.545+08:00 WorkerThreadPool.cpp:WorkerThreadPool::AddThread; Nucleus Shared Worker Thread
⇳
./logs/programs/OneDrive/Local/Microsoft/OneDrive/logs/ListSync/Business1/Nucleus-2025-12-23.1618.7692.3.aodl┋20251223T204457.545000000┋2025-12-24T04:44:57.545+08:00 WorkerThreadPool.cpp:WorkerThreadPool::AddThread; Nucleus Shared Worker Thread
⇳
./logs/programs/OneDrive/Local/Microsoft/OneDrive/logs/ListSync/Business1/Nucleus-2025-12-23.1618.7692.3.aodl┋20251223T204457.545000000┋2025-12-24T04:44:57.545+08:00 WorkerThreadPool.cpp:WorkerThreadPool::WorkerMainLoop; Nucleus Shared Worker Thread
⇳
./logs/programs/OneDrive/Local/Microsoft/OneDrive/logs/ListSync/Business1/Nucleus-2025-12-23.1618.7692.3.aodl┋20251223T204457.545000000┋2025-12-24T04:44:57.545+08:00 WorkerThreadPool.cpp:WorkerThreadPool::WorkerMainLoop; Nucleus Shared Worker Thread
⇳
./logs/programs/OneDrive/Local/Microsoft/OneDrive/logs/ListSync/Business1/Nucleus-2025-12-23.1618.7692.3.aodl┋20251223T204527.558000000┋2025-12-24T04:45:27.558+08:00 WorkerThreadPool.cpp:WorkerThreadPool::OnThreadExiting; Nucleus Shared Worker Thread
⇳
./logs/programs/OneDrive/Local/Microsoft/OneDrive/logs/ListSync/Business1/Nucleus-2025-12-23.1618.7692.3.aodl┋20251223T204527.558000000┋2025-12-24T04:45:27.558+08:00 WorkerThreadPool.cpp:WorkerThreadPool::OnThreadExiting; Nucleus Database Worker Thread
⇳
./logs/programs/OneDrive/Local/Microsoft/OneDrive/logs/ListSync/Business1/Nucleus-2025-12-23.1618.7692.3.aodl┋20251223T204527.559000000┋2025-12-24T04:45:27.559+08:00 WorkerThreadPool.cpp:WorkerThreadPool::OnThreadExiting; Nucleus Database Worker Thread
⇳
./logs/programs/OneDrive/Local/Microsoft/OneDrive/logs/ListSync/Business1/Nucleus-2025-12-23.1618.7692.3.aodl┋20251223T204527.559000000┋2025-12-24T04:45:27.559+08:00 WorkerThreadPool.cpp:WorkerThreadPool::OnThreadExiting; Nucleus Shared Worker Thread
⇳
./logs/programs/OneDrive/Local/Microsoft/OneDrive/logs/ListSync/Business1/Nucleus-2025-12-23.1618.7692.3.aodl┋20251223T204527.559000000┋2025-12-24T04:45:27.559+08:00 WorkerThreadPool.cpp:WorkerThreadPool::OnThreadExiting; Nucleus Shared Worker Thread
⇳
./logs/programs/OneDrive/Local/Microsoft/OneDrive/logs/ListSync/Business1/Nucleus-2025-12-23.1618.7692.3.aodl┋20251223T204527.559000000┋2025-12-24T04:45:27.559+08:00 WorkerThreadPool.cpp:WorkerThreadPool::OnThreadExiting; Nucleus Shared Worker Thread
⇳
./logs/programs/OneDrive/Local/Microsoft/OneDrive/logs/ListSync/Business1/Nucleus-2025-12-23.1618.7692.3.aodl┋20251223T211457.560000000┋2025-12-24T05:14:57.560+08:00 WorkerThreadPool.cpp:WorkerThreadPool::AddThread; Nucleus Shared Worker Thread
⇳
./logs/programs/OneDrive/Local/Microsoft/OneDrive/logs/ListSync/Business1/Nucleus-2025-12-23.1618.7692.3.aodl┋20251223T211457.560000000┋2025-12-24T05:14:57.560+08:00 WorkerThreadPool.cpp:WorkerThreadPool::WorkerMainLoop; Nucleus Shared Worker Thread
⇳
./logs/programs/OneDrive/Local/Microsoft/OneDrive/logs/ListSync/Business1/Nucleus-2025-12-23.1618.7692.3.aodl┋20251223T211457.561000000┋2025-12-24T05:14:57.561+08:00 ListSyncEngine.cpp:Nucleus::Sync::ListSync::ListSyncEngine::PollForDriveTokenRefreshAsync::<lambda_1>::operator ();
⇳
./logs/programs/OneDrive/Local/Microsoft/OneDrive/logs/ListSync/Business1/Nucleus-2025-12-23.1618.7692.3.aodl┋20251223T211457.561000000┋2025-12-24T05:14:57.561+08:00 ScenarioTracking.cpp:LogNewTraceCreated; RetriableTaskExecution/ e0a6ca5b-bb2d-48f6-a96d-8a31eae0fe46/
⇳
./logs/programs/OneDrive/Local/Microsoft/OneDrive/logs/ListSync/Business1/Nucleus-2025-12-23.1618.7692.3.aodl┋20251223T211457.561000000┋2025-12-24T05:14:57.561+08:00 WorkerThreadPool.cpp:WorkerThreadPool::AddThread; Nucleus Database Worker Thread
⇳
./logs/programs/OneDrive/Local/Microsoft/OneDrive/logs/ListSync/Business1/Nucleus-2025-12-23.1618.7692.3.aodl┋20251223T211457.561000000┋2025-12-24T05:14:57.561+08:00 WorkerThreadPool.cpp:WorkerThreadPool::WorkerMainLoop; Nucleus Database Worker Thread
⇳
./logs/programs/OneDrive/Local/Microsoft/OneDrive/logs/ListSync/Business1/Nucleus-2025-12-23.1618.7692.3.aodl┋20251223T211457.561000000┋2025-12-24T05:14:57.561+08:00 ListSyncEngine.cpp:Nucleus::Sync::ListSync::ListSyncEngine::RefreshDriveTokensForListCollectionWithRandomization;
⇳
./logs/programs/OneDrive/Local/Microsoft/OneDrive/logs/ListSync/Business1/Nucleus-2025-12-23.1618.7692.3.aodl┋20251223T211457.561000000┋2025-12-24T05:14:57.561+08:00 WorkerThreadPool.cpp:WorkerThreadPool::AddThread; Nucleus Shared Worker Thread
⇳
./logs/programs/OneDrive/Local/Microsoft/OneDrive/logs/ListSync/Business1/Nucleus-2025-12-23.1618.7692.3.aodl┋20251223T211457.561000000┋2025-12-24T05:14:57.561+08:00 WorkerThreadPool.cpp:WorkerThreadPool::WorkerMainLoop; Nucleus Shared Worker Thread
⇳
./logs/programs/OneDrive/Local/Microsoft/OneDrive/logs/ListSync/Business1/Nucleus-2025-12-23.1618.7692.3.aodl┋20251223T211457.561000000┋2025-12-24T05:14:57.561+08:00 WorkerThreadPool.cpp:WorkerThreadPool::AddThread; Nucleus Shared Worker Thread
⇳
./logs/programs/OneDrive/Local/Microsoft/OneDrive/logs/ListSync/Business1/Nucleus-2025-12-23.1618.7692.3.aodl┋20251223T211457.561000000┋2025-12-24T05:14:57.561+08:00 WorkerThreadPool.cpp:WorkerThreadPool::WorkerMainLoop; Nucleus Shared Worker Thread
⇳
./logs/programs/OneDrive/Local/Microsoft/OneDrive/logs/ListSync/Business1/Nucleus-2025-12-23.1618.7692.3.aodl┋20251223T211527.562000000┋2025-12-24T05:15:27.562+08:00 WorkerThreadPool.cpp:WorkerThreadPool::OnThreadExiting; Nucleus Shared Worker Thread
⇳
./logs/programs/OneDrive/Local/Microsoft/OneDrive/logs/ListSync/Business1/Nucleus-2025-12-23.1618.7692.3.aodl┋20251223T211527.562000000┋2025-12-24T05:15:27.562+08:00 WorkerThreadPool.cpp:WorkerThreadPool::OnThreadExiting; Nucleus Database Worker Thread
⇳
./logs/programs/OneDrive/Local/Microsoft/OneDrive/logs/ListSync/Business1/Nucleus-2025-12-23.1618.7692.3.aodl┋20251223T211527.562000000┋2025-12-24T05:15:27.562+08:00 WorkerThreadPool.cpp:WorkerThreadPool::OnThreadExiting; Nucleus Shared Worker Thread
⇳
./logs/programs/OneDrive/Local/Microsoft/OneDrive/logs/ListSync/Business1/Nucleus-2025-12-23.1618.7692.3.aodl┋20251223T211527.562000000┋2025-12-24T05:15:27.562+08:00 WorkerThreadPool.cpp:WorkerThreadPool::OnThreadExiting; Nucleus Shared Worker Thread
⇳
./logs/programs/OneDrive/Local/Microsoft/OneDrive/logs/ListSync/Business1/Nucleus-2025-12-23.1618.7692.3.aodl┋20251223T211527.562000000┋2025-12-24T05:15:27.562+08:00 WorkerThreadPool.cpp:WorkerThreadPool::OnThreadExiting; Nucleus Shared Worker Thread
⇳
./logs/programs/OneDrive/Local/Microsoft/OneDrive/logs/ListSync/Business1/Nucleus-2025-12-23.1618.7692.3.aodl┋20251223T211527.562000000┋2025-12-24T05:15:27.562+08:00 WorkerThreadPool.cpp:WorkerThreadPool::OnThreadExiting; Nucleus Database Worker Thread
⇳
./logs/programs/OneDrive/Local/Microsoft/OneDrive/logs/ListSync/Business1/Nucleus-2025-12-23.1618.7692.3.aodl┋20251223T211844.191000000┋2025-12-24T05:18:44.191+08:00 LogUploader2.cpp:LogUpload::LogUploader2::LogBatchIsReady;
⇳
./logs/programs/OneDrive/Local/Microsoft/OneDrive/logs/ListSync/Business1/Nucleus-2025-12-23.1618.7692.3.aodl┋20251223T211844.191000000┋2025-12-24T05:18:44.191+08:00 LogUploader2.cpp:LogUpload::LogUploader2::LogBatchIsReady;
⇳
./logs/programs/OneDrive/Local/Microsoft/OneDrive/logs/ListSync/Business1/Nucleus-2025-12-23.1618.7692.3.aodl┋20251223T211844.191000000┋2025-12-24T05:18:44.191+08:00 LogUploader2.cpp:LogUpload::LogUploader2::ReportStateIfNeeded;
⇳
./logs/programs/OneDrive/Local/Microsoft/OneDrive/logs/ListSync/Business1/Nucleus-2025-12-23.1618.7692.3.aodl┋20251223T211844.255000000┋2025-12-24T05:18:44.255+08:00 LogUploader2.cpp:LogUpload::LogUploader2::LogBatchIsReady;
⇳
./logs/programs/OneDrive/Local/Microsoft/OneDrive/logs/ListSync/Business1/Nucleus-2025-12-23.1618.7692.3.aodl┋20251223T211844.255000000┋2025-12-24T05:18:44.255+08:00 LogUploader2.cpp:LogUpload::LogUploader2::LogBatchIsReady;
⇳
./logs/programs/OneDrive/Local/Microsoft/OneDrive/logs/ListSync/Business1/Nucleus-2025-12-23.1618.7692.3.aodl┋20251223T211844.318000000┋2025-12-24T05:18:44.318+08:00 LogUploader2.cpp:LogUpload::LogUploader2::LogBatchIsReady;
⇳
./logs/programs/OneDrive/Local/Microsoft/OneDrive/logs/ListSync/Business1/Nucleus-2025-12-23.1618.7692.3.aodl┋20251223T211844.318000000┋2025-12-24T05:18:44.318+08:00 LogUploader2.cpp:LogUpload::LogUploader2::LogBatchIsReady;
⇳
./logs/programs/OneDrive/Local/Microsoft/OneDrive/logs/ListSync/Business1/Nucleus-2025-12-23.1618.7692.3.aodl┋20251223T211844.382000000┋2025-12-24T05:18:44.382+08:00 LogUploader2.cpp:LogUpload::LogUploader2::LogBatchIsReady;
⇳
./logs/programs/OneDrive/Local/Microsoft/OneDrive/logs/ListSync/Business1/Nucleus-2025-12-23.1618.7692.3.aodl┋20251223T211844.382000000┋2025-12-24T05:18:44.382+08:00 LogUploader2.cpp:LogUpload::LogUploader2::LogBatchIsReady;
⇳
./logs/programs/OneDrive/Local/Microsoft/OneDrive/logs/ListSync/Business1/Nucleus-2025-12-23.1618.7692.3.aodl┋20251223T211844.445000000┋2025-12-24T05:18:44.445+08:00 LogUploader2.cpp:LogUpload::LogUploader2::LogBatchIsReady;
⇳
./logs/programs/OneDrive/Local/Microsoft/OneDrive/logs/ListSync/Business1/Nucleus-2025-12-23.1618.7692.3.aodl┋20251223T211844.445000000┋2025-12-24T05:18:44.445+08:00 LogUploader2.cpp:LogUpload::LogUploader2::LogBatchIsReady;
⇳
./logs/programs/OneDrive/Local/Microsoft/OneDrive/logs/ListSync/Business1/Nucleus-2025-12-23.1618.7692.3.aodl┋20251223T211844.509000000┋2025-12-24T05:18:44.509+08:00 LogUploader2.cpp:LogUpload::LogUploader2::LogBatchIsReady;
⇳
./logs/programs/OneDrive/Local/Microsoft/OneDrive/logs/ListSync/Business1/Nucleus-2025-12-23.1618.7692.3.aodl┋20251223T211844.509000000┋2025-12-24T05:18:44.509+08:00 LogUploader2.cpp:LogUpload::LogUploader2::LogBatchIsReady;
⇳
./logs/programs/OneDrive/Local/Microsoft/OneDrive/logs/ListSync/Business1/Nucleus-2025-12-23.1618.7692.3.aodl┋20251223T211844.573000000┋2025-12-24T05:18:44.573+08:00 LogUploader2.cpp:LogUpload::LogUploader2::LogBatchIsReady;
⇳
./logs/programs/OneDrive/Local/Microsoft/OneDrive/logs/ListSync/Business1/Nucleus-2025-12-23.1618.7692.3.aodl┋20251223T211844.573000000┋2025-12-24T05:18:44.573+08:00 LogUploader2.cpp:LogUpload::LogUploader2::LogBatchIsReady;
⇳
./logs/programs/OneDrive/Local/Microsoft/OneDrive/logs/ListSync/Business1/Nucleus-2025-12-23.1618.7692.3.aodl┋20251223T211844.637000000┋2025-12-24T05:18:44.637+08:00 LogUploader2.cpp:LogUpload::LogUploader2::LogBatchIsReady;
⇳
./logs/programs/OneDrive/Local/Microsoft/OneDrive/logs/ListSync/Business1/Nucleus-2025-12-23.1618.7692.3.aodl┋20251223T211844.637000000┋2025-12-24T05:18:44.637+08:00 LogUploader2.cpp:LogUpload::LogUploader2::LogBatchIsReady;
⇳
./logs/programs/OneDrive/Local/Microsoft/OneDrive/logs/ListSync/Business1/Nucleus-2025-12-23.1618.7692.3.aodl┋20251223T211844.701000000┋2025-12-24T05:18:44.701+08:00 LogUploader2.cpp:LogUpload::LogUploader2::LogBatchIsReady;
⇳
./logs/programs/OneDrive/Local/Microsoft/OneDrive/logs/ListSync/Business1/Nucleus-2025-12-23.1618.7692.3.aodl┋20251223T211844.701000000┋2025-12-24T05:18:44.701+08:00 LogUploader2.cpp:LogUpload::LogUploader2::LogBatchIsReady;
⇳
./logs/programs/OneDrive/Local/Microsoft/OneDrive/logs/ListSync/Business1/Nucleus-2025-12-23.1618.7692.3.aodl┋20251223T211844.765000000┋2025-12-24T05:18:44.765+08:00 LogUploader2.cpp:LogUpload::LogUploader2::LogBatchIsReady;
⇳
./logs/programs/OneDrive/Local/Microsoft/OneDrive/logs/ListSync/Business1/Nucleus-2025-12-23.1618.7692.3.aodl┋20251223T211844.765000000┋2025-12-24T05:18:44.765+08:00 LogUploader2.cpp:LogUpload::LogUploader2::LogBatchIsReady;
⇳
./logs/programs/OneDrive/Local/Microsoft/OneDrive/logs/ListSync/Business1/Nucleus-2025-12-23.1618.7692.3.aodl┋20251223T211844.828000000┋2025-12-24T05:18:44.828+08:00 LogUploader2.cpp:LogUpload::LogUploader2::LogBatchIsReady;
⇳
./logs/programs/OneDrive/Local/Microsoft/OneDrive/logs/ListSync/Business1/Nucleus-2025-12-23.1618.7692.3.aodl┋20251223T211844.828000000┋2025-12-24T05:18:44.828+08:00 LogUploader2.cpp:LogUpload::LogUploader2::LogBatchIsReady;
⇳
./logs/programs/OneDrive/Local/Microsoft/OneDrive/logs/ListSync/Business1/Nucleus-2025-12-23.1618.7692.3.aodl┋20251223T211844.892000000┋2025-12-24T05:18:44.892+08:00 LogUploader2.cpp:LogUpload::LogUploader2::LogBatchIsReady;
⇳
./logs/programs/OneDrive/Local/Microsoft/OneDrive/logs/ListSync/Business1/Nucleus-2025-12-23.1618.7692.3.aodl┋20251223T211844.892000000┋2025-12-24T05:18:44.892+08:00 LogUploader2.cpp:LogUpload::LogUploader2::LogBatchIsReady;
⇳
./logs/programs/OneDrive/Local/Microsoft/OneDrive/logs/ListSync/Business1/Nucleus-2025-12-23.1618.7692.3.aodl┋20251223T211844.956000000┋2025-12-24T05:18:44.956+08:00 LogUploader2.cpp:LogUpload::LogUploader2::LogBatchIsReady;
⇳
./logs/programs/OneDrive/Local/Microsoft/OneDrive/logs/ListSync/Business1/Nucleus-2025-12-23.1618.7692.3.aodl┋20251223T211844.956000000┋2025-12-24T05:18:44.956+08:00 LogUploader2.cpp:LogUpload::LogUploader2::LogBatchIsReady;
⇳
./logs/programs/OneDrive/Local/Microsoft/OneDrive/logs/ListSync/Business1/Nucleus-2025-12-23.1618.7692.3.aodl┋20251223T211845.020000000┋2025-12-24T05:18:45.020+08:00 LogUploader2.cpp:LogUpload::LogUploader2::ScanForUnuploadedLogs;
⇳
./logs/programs/OneDrive/Local/Microsoft/OneDrive/logs/ListSync/Business1/Nucleus-2025-12-23.1618.7692.3.aodl┋20251223T211845.020000000┋2025-12-24T05:18:45.020+08:00 LogUploader2.cpp:LogUpload::LogUploader2::ClearUploadQueue;
⇳
./logs/programs/OneDrive/Local/Microsoft/OneDrive/logs/ListSync/Business1/Nucleus-2025-12-23.1618.7692.3.aodl┋20251223T211845.020000000┋2025-12-24T05:18:45.020+08:00 LogUploader2.cpp:LogUpload::LogUploader2::GetLastActiveLogInformation;
⇳
./logs/programs/OneDrive/Local/Microsoft/OneDrive/logs/ListSync/Business1/Nucleus-2025-12-23.1618.7692.3.aodl┋20251223T211845.020000000┋2025-12-24T05:18:45.020+08:00 LogUploader2.cpp:LogUpload::LogUploader2::ScanForUnuploadedLogsHelper;
⇳
./logs/programs/OneDrive/Local/Microsoft/OneDrive/logs/ListSync/Business1/Nucleus-2025-12-23.1618.7692.3.aodl┋20251223T211845.021000000┋2025-12-24T05:18:45.021+08:00 LogUploader2.cpp:LogUpload::LogUploader2::ScanForUnuploadedLogsHelper;
⇳
./logs/programs/OneDrive/Local/Microsoft/OneDrive/logs/ListSync/Business1/Nucleus-2025-12-23.1618.7692.3.aodl┋20251223T211845.021000000┋2025-12-24T05:18:45.021+08:00 LogUploader2.cpp:LogUpload::LogUploader2::PersistSettings;
⇳
./logs/programs/OneDrive/Local/Microsoft/OneDrive/logs/ListSync/Business1/Nucleus-2025-12-23.1618.7692.3.aodl┋20251223T211845.021000000┋2025-12-24T05:18:45.021+08:00 LogUploader2.cpp:LogUpload::LogUploader2::ScanForUnuploadedLogs;
⇳
./logs/programs/OneDrive/Local/Microsoft/OneDrive/logs/ListSync/Business1/Nucleus-2025-12-23.1618.7692.3.aodl┋20251223T211845.021000000┋2025-12-24T05:18:45.021+08:00 LogUploader2.cpp:LogUpload::LogUploader2::LogBatchIsReady;
⇳
./logs/programs/OneDrive/Local/Microsoft/OneDrive/logs/ListSync/Business1/Nucleus-2025-12-23.1618.7692.3.aodl┋20251223T211845.021000000┋2025-12-24T05:18:45.021+08:00 LogUploader2.cpp:LogUpload::LogUploader2::ReportStateIfNeeded;
⇳
./logs/programs/OneDrive/Local/Microsoft/OneDrive/logs/ListSync/Business1/Nucleus-2025-12-23.1618.7692.3.aodl┋20251223T211845.021000000┋2025-12-24T05:18:45.021+08:00 LogUploader2.cpp:LogUpload::LogUploader2::LogBatchIsReady;
⇳
./logs/programs/OneDrive/Local/Microsoft/OneDrive/logs/ListSync/Business1/Nucleus-2025-12-23.1618.7692.3.aodl┋20251223T211845.021000000┋2025-12-24T05:18:45.021+08:00 LogUploader2.cpp:LogUpload::LogUploader2::LogBatchIsReady;
⇳
./logs/programs/OneDrive/Local/Microsoft/OneDrive/logs/ListSync/Business1/Nucleus-2025-12-23.1618.7692.3.aodl┋20251223T211845.021000000┋2025-12-24T05:18:45.021+08:00 LogUploader2.cpp:LogUpload::LogUploader2::StartNextLogUploadBatchIfAble;
⇳
./logs/programs/OneDrive/Local/Microsoft/OneDrive/logs/ListSync/Business1/Nucleus-2025-12-23.1618.7692.3.aodl┋20251223T211845.021000000┋2025-12-24T05:18:45.021+08:00 LogUploader2.cpp:LogUpload::LogUploader2::LogBatchIsReady;
⇳
./logs/programs/OneDrive/Local/Microsoft/OneDrive/logs/ListSync/Business1/Nucleus-2025-12-23.1618.7692.3.aodl┋20251223T211845.021000000┋2025-12-24T05:18:45.021+08:00 LogUploader2.cpp:LogUpload::LogUploader2::StartNextLogUploadBatchIfAble;
⇳
./logs/programs/OneDrive/Local/Microsoft/OneDrive/logs/ListSync/Business1/Nucleus-2025-12-23.1618.7692.3.aodl┋20251223T211845.021000000┋2025-12-24T05:18:45.021+08:00 LogUploader2.cpp:LogUpload::LogUploader2::BuildLogBatchQueue; Nucleus-2025-12-21.1214.9352.1.odlgz
⇳
./logs/programs/OneDrive/Local/Microsoft/OneDrive/logs/ListSync/Business1/Nucleus-2025-12-23.1618.7692.3.aodl┋20251223T211845.021000000┋2025-12-24T05:18:45.021+08:00 LogUploader2.cpp:LogUpload::LogUploader2::BuildLogBatchQueue; Nucleus-2025-12-21.1217.11120.1.odlgz
⇳
./logs/programs/OneDrive/Local/Microsoft/OneDrive/logs/ListSync/Business1/Nucleus-2025-12-23.1618.7692.3.aodl┋20251223T211845.021000000┋2025-12-24T05:18:45.021+08:00 LogUploader2.cpp:LogUpload::LogUploader2::BuildLogBatchQueue; Nucleus-2025-12-21.1214.9352.2.odlgz
⇳
./logs/programs/OneDrive/Local/Microsoft/OneDrive/logs/ListSync/Business1/Nucleus-2025-12-23.1618.7692.3.aodl┋20251223T211845.021000000┋2025-12-24T05:18:45.021+08:00 LogUploader2.cpp:LogUpload::LogUploader2::BuildLogBatchQueue; Nucleus-2025-12-21.1217.7692.1.odlgz
⇳
./logs/programs/OneDrive/Local/Microsoft/OneDrive/logs/ListSync/Business1/Nucleus-2025-12-23.1618.7692.3.aodl┋20251223T211845.021000000┋2025-12-24T05:18:45.021+08:00 LogUploader2.cpp:LogUpload::LogUploader2::BuildLogBatchQueue; Nucleus-2025-12-21.1217.11120.2.odlgz
⇳
./logs/programs/OneDrive/Local/Microsoft/OneDrive/logs/ListSync/Business1/Nucleus-2025-12-23.1618.7692.3.aodl┋20251223T211845.021000000┋2025-12-24T05:18:45.021+08:00 LogUploader2.cpp:LogUpload::LogUploader2::BuildLogBatchQueue; Nucleus-2025-12-22.1236.9320.1.odlgz
⇳
./logs/programs/OneDrive/Local/Microsoft/OneDrive/logs/ListSync/Business1/Nucleus-2025-12-23.1618.7692.3.aodl┋20251223T211845.021000000┋2025-12-24T05:18:45.021+08:00 LogUploader2.cpp:LogUpload::LogUploader2::BuildLogBatchQueue; Nucleus-2025-12-22.1236.9320.2.odlgz
⇳
./logs/programs/OneDrive/Local/Microsoft/OneDrive/logs/ListSync/Business1/Nucleus-2025-12-23.1618.7692.3.aodl┋20251223T211845.021000000┋2025-12-24T05:18:45.021+08:00 LogUploader2.cpp:LogUpload::LogUploader2::BuildLogBatchQueue; Nucleus-2025-12-23.1330.10164.2.odlgz
⇳
./logs/programs/OneDrive/Local/Microsoft/OneDrive/logs/ListSync/Business1/Nucleus-2025-12-23.1618.7692.3.aodl┋20251223T211845.021000000┋2025-12-24T05:18:45.021+08:00 LogUploader2.cpp:LogUpload::LogUploader2::BuildLogBatchQueue; Nucleus-2025-12-23.1330.10164.1.odlgz
⇳
./logs/programs/OneDrive/Local/Microsoft/OneDrive/logs/ListSync/Business1/Nucleus-2025-12-23.1618.7692.3.aodl┋20251223T211845.021000000┋2025-12-24T05:18:45.021+08:00 LogUploader2.cpp:LogUpload::LogUploader2::BuildLogBatchQueue; Nucleus-2025-12-21.1217.7692.2.odlgz
⇳
./logs/programs/OneDrive/Local/Microsoft/OneDrive/logs/ListSync/Business1/Nucleus-2025-12-23.1618.7692.3.aodl┋20251223T211845.021000000┋2025-12-24T05:18:45.021+08:00 LogUploader2.cpp:LogUpload::LogUploader2::StartNextLogUploadBatchIfAble;
⇳
./logs/programs/OneDrive/Local/Microsoft/OneDrive/logs/ListSync/Business1/Nucleus-2025-12-23.1618.7692.3.aodl┋20251223T211845.021000000┋2025-12-24T05:18:45.021+08:00 LogUploader2.cpp:LogUpload::LogUploader2::ExecuteLogUploadBatch;
⇳
./logs/programs/OneDrive/Local/Microsoft/OneDrive/logs/ListSync/Business1/Nucleus-2025-12-23.1618.7692.3.aodl┋20251223T211845.021000000┋2025-12-24T05:18:45.021+08:00 LogUploader2.cpp:LogUpload::LogUploader2::ExecuteLogUploadBatch;
⇳
./logs/programs/OneDrive/Local/Microsoft/OneDrive/logs/ListSync/Business1/Nucleus-2025-12-23.1618.7692.3.aodl┋20251223T211845.021000000┋2025-12-24T05:18:45.021+08:00 ScenarioTracking.cpp:LogNewTraceCreated; AuthSignIn/ e95b55d8-a0c0-4f8b-a606-0f0c6ce79017/
⇳
./logs/programs/OneDrive/Local/Microsoft/OneDrive/logs/ListSync/Business1/Nucleus-2025-12-23.1618.7692.3.aodl┋20251223T211845.021000000┋2025-12-24T05:18:45.021+08:00 WorkerThreadPool.cpp:WorkerThreadPool::AddThread; AuthenticationProviderThreadPool
⇳
./logs/programs/OneDrive/Local/Microsoft/OneDrive/logs/ListSync/Business1/Nucleus-2025-12-23.1618.7692.3.aodl┋20251223T211845.021000000┋2025-12-24T05:18:45.021+08:00 WorkerThreadPool.cpp:WorkerThreadPool::WorkerMainLoop; AuthenticationProviderThreadPool
⇳
./logs/programs/OneDrive/Local/Microsoft/OneDrive/logs/ListSync/Business1/Nucleus-2025-12-23.1618.7692.3.aodl┋20251223T211845.021000000┋2025-12-24T05:18:45.021+08:00 OAuthCredentialCache.cpp:OAuth::CredentialCache::GetCredential; https://onedrive.live.com
⇳
./logs/programs/OneDrive/Local/Microsoft/OneDrive/logs/ListSync/Business1/Nucleus-2025-12-23.1618.7692.3.aodl┋20251223T211845.022000000┋2025-12-24T05:18:45.022+08:00 AccountContext.cpp:Nucleus::Context::AccountContext::CacheAccountDetails;
⇳
./logs/programs/OneDrive/Local/Microsoft/OneDrive/logs/ListSync/Business1/Nucleus-2025-12-23.1618.7692.3.aodl┋20251223T211845.022000000┋2025-12-24T05:18:45.022+08:00 AuthenticationProvider.cpp:Nucleus::Auth::AuthenticationProvider::EnsureSignInContextIsValid;
⇳
./logs/programs/OneDrive/Local/Microsoft/OneDrive/logs/ListSync/Business1/Nucleus-2025-12-23.1618.7692.3.aodl┋20251223T211845.022000000┋2025-12-24T05:18:45.022+08:00 AuthenticationProvider.cpp:Nucleus::Auth::AuthenticationProvider::CheckIfResourceBlockedDuetoExternalSharing; https://onedrive.live.com
⇳
./logs/programs/OneDrive/Local/Microsoft/OneDrive/logs/ListSync/Business1/Nucleus-2025-12-23.1618.7692.3.aodl┋20251223T211845.022000000┋2025-12-24T05:18:45.022+08:00 AuthPlatformHttpRequest.cpp:AuthLibrary::AuthPlatformHttpRequest::Create; OPTIONS https://onedrive.live.com
⇳
./logs/programs/OneDrive/Local/Microsoft/OneDrive/logs/ListSync/Business1/Nucleus-2025-12-23.1618.7692.3.aodl┋20251223T211845.022000000┋2025-12-24T05:18:45.022+08:00 Auth.cpp:Auth::IsOnPremServer;
⇳
./logs/programs/OneDrive/Local/Microsoft/OneDrive/logs/ListSync/Business1/Nucleus-2025-12-23.1618.7692.3.aodl┋20251223T211845.022000000┋2025-12-24T05:18:45.022+08:00 CWinHttp.cpp:CWinHttpSession::InitializeSession;
⇳
./logs/programs/OneDrive/Local/Microsoft/OneDrive/logs/ListSync/Business1/Nucleus-2025-12-23.1618.7692.3.aodl┋20251223T211845.022000000┋2025-12-24T05:18:45.022+08:00 CWinHttp.cpp:CWinHttpSession::CreateRequest; OPTIONS https://onedrive.live.com
⇳
./logs/programs/OneDrive/Local/Microsoft/OneDrive/logs/ListSync/Business1/Nucleus-2025-12-23.1618.7692.3.aodl┋20251223T211845.022000000┋2025-12-24T05:18:45.022+08:00 Auth.cpp:Auth::IsNetworkAuthSupported;
⇳
./logs/programs/OneDrive/Local/Microsoft/OneDrive/logs/ListSync/Business1/Nucleus-2025-12-23.1618.7692.3.aodl┋20251223T211845.274000000┋2025-12-24T05:18:45.274+08:00 CWinHttp.cpp:CWinHttpRequest::OnRequestComplete;
⇳
./logs/programs/OneDrive/Local/Microsoft/OneDrive/logs/ListSync/Business1/Nucleus-2025-12-23.1618.7692.3.aodl┋20251223T211845.274000000┋2025-12-24T05:18:45.274+08:00 AuthPlatformHttpRequest.cpp:AuthLibrary::AuthPlatformHttpRequest::OnRequestComplete; S_OK
⇳
./logs/programs/OneDrive/Local/Microsoft/OneDrive/logs/ListSync/Business1/Nucleus-2025-12-23.1618.7692.3.aodl┋20251223T211845.274000000┋2025-12-24T05:18:45.274+08:00 AuthPlatformHttpRequest.cpp:AuthLibrary::AuthPlatformHttpRequest::Wait;
⇳
./logs/programs/OneDrive/Local/Microsoft/OneDrive/logs/ListSync/Business1/Nucleus-2025-12-23.1618.7692.3.aodl┋20251223T211845.274000000┋2025-12-24T05:18:45.274+08:00 AuthPlatformHttpRequest.cpp:AuthLibrary::AuthPlatformHttpRequest::Wait;
⇳
./logs/programs/OneDrive/Local/Microsoft/OneDrive/logs/ListSync/Business1/Nucleus-2025-12-23.1618.7692.3.aodl┋20251223T211845.274000000┋2025-12-24T05:18:45.274+08:00 AuthenticationProvider.cpp:Nucleus::Auth::AuthenticationProvider::AcquireTokenInternalWorker; https://onedrive.live.com
⇳
./logs/programs/OneDrive/Local/Microsoft/OneDrive/logs/ListSync/Business1/Nucleus-2025-12-23.1618.7692.3.aodl┋20251223T211845.274000000┋2025-12-24T05:18:45.274+08:00 AuthenticationProvider.cpp:Nucleus::Auth::AuthenticationProvider::AcquireTokenInternalWorker;
⇳
./logs/programs/OneDrive/Local/Microsoft/OneDrive/logs/ListSync/Business1/Nucleus-2025-12-23.1618.7692.3.aodl┋20251223T211845.274000000┋2025-12-24T05:18:45.274+08:00 OAuthCredentialCache.cpp:OAuth::CredentialCache::GetCredential; https://onedrive.live.com
⇳
./logs/programs/OneDrive/Local/Microsoft/OneDrive/logs/ListSync/Business1/Nucleus-2025-12-23.1618.7692.3.aodl┋20251223T211845.274000000┋2025-12-24T05:18:45.274+08:00 AuthenticationProvider.cpp:Nucleus::Auth::AuthenticationProvider::AcquireTokenInternalWorker;
⇳
./logs/programs/OneDrive/Local/Microsoft/OneDrive/logs/ListSync/Business1/Nucleus-2025-12-23.1618.7692.3.aodl┋20251223T211845.274000000┋2025-12-24T05:18:45.274+08:00 OneAuthAuthenticator.cpp:Nucleus::Auth::OneAuthAuthenticator::GetAccountFromAccountHint;
⇳
./logs/programs/OneDrive/Local/Microsoft/OneDrive/logs/ListSync/Business1/Nucleus-2025-12-23.1618.7692.3.aodl┋20251223T211845.275000000┋2025-12-24T05:18:45.275+08:00 OneAuthApi.cpp:Nucleus::Auth::OneAuthApi::ReadAllAccounts;
⇳
./logs/programs/OneDrive/Local/Microsoft/OneDrive/logs/ListSync/Business1/Nucleus-2025-12-23.1618.7692.3.aodl┋20251223T211845.275000000┋2025-12-24T05:18:45.275+08:00 OneAuthAuthenticator.cpp:Nucleus::Auth::OneAuthAuthenticator::GetAuthParameters;
⇳
./logs/programs/OneDrive/Local/Microsoft/OneDrive/logs/ListSync/Business1/Nucleus-2025-12-23.1618.7692.3.aodl┋20251223T211845.275000000┋2025-12-24T05:18:45.275+08:00 OneAuthAuthenticator.cpp:Nucleus::Auth::OneAuthAuthenticator::AcquireTokenSilentlyInternal;
⇳
./logs/programs/OneDrive/Local/Microsoft/OneDrive/logs/ListSync/Business1/Nucleus-2025-12-23.1618.7692.3.aodl┋20251223T211845.275000000┋2025-12-24T05:18:45.275+08:00 AuthenticationProvider.cpp:Nucleus::Auth::AuthenticationProvider::HandleAcquireTokenSilentlyException;
⇳
./logs/programs/OneDrive/Local/Microsoft/OneDrive/logs/ListSync/Business1/Nucleus-2025-12-23.1618.7692.3.aodl┋20251223T211845.275000000┋2025-12-24T05:18:45.275+08:00 AuthenticationScenarioTelemetry.cpp:Nucleus::Auth::AuthenticationScenarioTelemetry::Report; AuthSignIn AuthAcquireTokenSilently UnexpectedFailure No available AAD accounts, aborting sign in. https://onedrive.live.com OneAuth
⇳
./logs/programs/OneDrive/Local/Microsoft/OneDrive/logs/ListSync/Business1/Nucleus-2025-12-23.1618.7692.3.aodl┋20251223T211845.275000000┋2025-12-24T05:18:45.275+08:00 LoggingTelemetrySession.cpp:LoggingTelemetrySession::ApplyASHATransform; AuthSignIn UnexpectedFailure
⇳
./logs/programs/OneDrive/Local/Microsoft/OneDrive/logs/ListSync/Business1/Nucleus-2025-12-23.1618.7692.3.aodl┋20251223T211845.275000000┋2025-12-24T05:18:45.275+08:00 LogUploaderServiceApi.cpp:LogUpload::LogUploaderService::LogUploaderServiceApi::GetAuthHeader;
⇳
./logs/programs/OneDrive/Local/Microsoft/OneDrive/logs/ListSync/Business1/Nucleus-2025-12-23.1618.7692.3.aodl┋20251223T211845.275000000┋2025-12-24T05:18:45.275+08:00 LogUploaderServiceApi.cpp:LogUpload::LogUploaderService::LogUploaderServiceApi::GetLogBatchUploadLocation;
⇳
./logs/programs/OneDrive/Local/Microsoft/OneDrive/logs/ListSync/Business1/Nucleus-2025-12-23.1618.7692.3.aodl┋20251223T211845.275000000┋2025-12-24T05:18:45.275+08:00 NucleusLogUploader.cpp:Nucleus::System::NucleusEnvironmentLogUploaderConfig::Report; LogUpload LogUpload Success
⇳
./logs/programs/OneDrive/Local/Microsoft/OneDrive/logs/ListSync/Business1/Nucleus-2025-12-23.1618.7692.3.aodl┋20251223T211845.275000000┋2025-12-24T05:18:45.275+08:00 LogUploader2.cpp:LogUpload::LogUploader2::LogBatchIsReady;
⇳
./logs/programs/OneDrive/Local/Microsoft/OneDrive/logs/ListSync/Business1/Nucleus-2025-12-23.1618.7692.3.aodl┋20251223T211855.287000000┋2025-12-24T05:18:55.287+08:00 WorkerThreadPool.cpp:WorkerThreadPool::OnThreadExiting; AuthenticationProviderThreadPool
⇳
./logs/programs/OneDrive/Local/Microsoft/OneDrive/logs/ListSync/Business1/Nucleus-2025-12-23.1618.7692.3.aodl┋20251223T211855.287000000┋2025-12-24T05:18:55.287+08:00 WorkerThreadPool.cpp:WorkerThreadPool::OnThreadExiting; AuthenticationProviderThreadPool
⇳
./logs/programs/OneDrive/Local/Microsoft/OneDrive/logs/ListSync/Business1/Nucleus-2025-12-23.1618.7692.3.aodl┋20251223T214457.569000000┋2025-12-24T05:44:57.569+08:00 WorkerThreadPool.cpp:WorkerThreadPool::AddThread; Nucleus Shared Worker Thread
⇳
./logs/programs/OneDrive/Local/Microsoft/OneDrive/logs/ListSync/Business1/Nucleus-2025-12-23.1618.7692.3.aodl┋20251223T214457.570000000┋2025-12-24T05:44:57.570+08:00 WorkerThreadPool.cpp:WorkerThreadPool::WorkerMainLoop; Nucleus Shared Worker Thread
⇳
./logs/programs/OneDrive/Local/Microsoft/OneDrive/logs/ListSync/Business1/Nucleus-2025-12-23.1618.7692.3.aodl┋20251223T214457.570000000┋2025-12-24T05:44:57.570+08:00 ListSyncEngine.cpp:Nucleus::Sync::ListSync::ListSyncEngine::PollForDriveTokenRefreshAsync::<lambda_1>::operator ();
⇳
./logs/programs/OneDrive/Local/Microsoft/OneDrive/logs/ListSync/Business1/Nucleus-2025-12-23.1618.7692.3.aodl┋20251223T214457.570000000┋2025-12-24T05:44:57.570+08:00 ScenarioTracking.cpp:LogNewTraceCreated; RetriableTaskExecution/ a80610a4-457d-45c8-8d59-938d5504ee83/
⇳
./logs/programs/OneDrive/Local/Microsoft/OneDrive/logs/ListSync/Business1/Nucleus-2025-12-23.1618.7692.3.aodl┋20251223T214457.570000000┋2025-12-24T05:44:57.570+08:00 WorkerThreadPool.cpp:WorkerThreadPool::AddThread; Nucleus Database Worker Thread
⇳
./logs/programs/OneDrive/Local/Microsoft/OneDrive/logs/ListSync/Business1/Nucleus-2025-12-23.1618.7692.3.aodl┋20251223T214457.570000000┋2025-12-24T05:44:57.570+08:00 WorkerThreadPool.cpp:WorkerThreadPool::WorkerMainLoop; Nucleus Database Worker Thread
⇳
./logs/programs/OneDrive/Local/Microsoft/OneDrive/logs/ListSync/Business1/Nucleus-2025-12-23.1618.7692.3.aodl┋20251223T214457.570000000┋2025-12-24T05:44:57.570+08:00 ListSyncEngine.cpp:Nucleus::Sync::ListSync::ListSyncEngine::RefreshDriveTokensForListCollectionWithRandomization;
⇳
./logs/programs/OneDrive/Local/Microsoft/OneDrive/logs/ListSync/Business1/Nucleus-2025-12-23.1618.7692.3.aodl┋20251223T214457.570000000┋2025-12-24T05:44:57.570+08:00 WorkerThreadPool.cpp:WorkerThreadPool::AddThread; Nucleus Shared Worker Thread
⇳
./logs/programs/OneDrive/Local/Microsoft/OneDrive/logs/ListSync/Business1/Nucleus-2025-12-23.1618.7692.3.aodl┋20251223T214457.570000000┋2025-12-24T05:44:57.570+08:00 WorkerThreadPool.cpp:WorkerThreadPool::AddThread; Nucleus Shared Worker Thread
⇳
./logs/programs/OneDrive/Local/Microsoft/OneDrive/logs/ListSync/Business1/Nucleus-2025-12-23.1618.7692.3.aodl┋20251223T214457.571000000┋2025-12-24T05:44:57.571+08:00 WorkerThreadPool.cpp:WorkerThreadPool::WorkerMainLoop; Nucleus Shared Worker Thread
⇳
./logs/programs/OneDrive/Local/Microsoft/OneDrive/logs/ListSync/Business1/Nucleus-2025-12-23.1618.7692.3.aodl┋20251223T214457.571000000┋2025-12-24T05:44:57.571+08:00 WorkerThreadPool.cpp:WorkerThreadPool::WorkerMainLoop; Nucleus Shared Worker Thread
⇳
./logs/programs/OneDrive/Local/Microsoft/OneDrive/logs/ListSync/Business1/Nucleus-2025-12-23.1618.7692.3.aodl┋20251223T214527.580000000┋2025-12-24T05:45:27.580+08:00 WorkerThreadPool.cpp:WorkerThreadPool::OnThreadExiting; Nucleus Shared Worker Thread
⇳
./logs/programs/OneDrive/Local/Microsoft/OneDrive/logs/ListSync/Business1/Nucleus-2025-12-23.1618.7692.3.aodl┋20251223T214527.580000000┋2025-12-24T05:45:27.580+08:00 WorkerThreadPool.cpp:WorkerThreadPool::OnThreadExiting; Nucleus Database Worker Thread
⇳
./logs/programs/OneDrive/Local/Microsoft/OneDrive/logs/ListSync/Business1/Nucleus-2025-12-23.1618.7692.3.aodl┋20251223T214527.580000000┋2025-12-24T05:45:27.580+08:00 WorkerThreadPool.cpp:WorkerThreadPool::OnThreadExiting; Nucleus Shared Worker Thread
⇳
./logs/programs/OneDrive/Local/Microsoft/OneDrive/logs/ListSync/Business1/Nucleus-2025-12-23.1618.7692.3.aodl┋20251223T214527.580000000┋2025-12-24T05:45:27.580+08:00 WorkerThreadPool.cpp:WorkerThreadPool::OnThreadExiting; Nucleus Database Worker Thread
⇳
./logs/programs/OneDrive/Local/Microsoft/OneDrive/logs/ListSync/Business1/Nucleus-2025-12-23.1618.7692.3.aodl┋20251223T214527.580000000┋2025-12-24T05:45:27.580+08:00 WorkerThreadPool.cpp:WorkerThreadPool::OnThreadExiting; Nucleus Shared Worker Thread
⇳
./logs/programs/OneDrive/Local/Microsoft/OneDrive/logs/ListSync/Business1/Nucleus-2025-12-23.1618.7692.3.aodl┋20251223T214527.580000000┋2025-12-24T05:45:27.580+08:00 WorkerThreadPool.cpp:WorkerThreadPool::OnThreadExiting; Nucleus Shared Worker Thread
⇳
./logs/programs/OneDrive/Local/Microsoft/OneDrive/logs/ListSync/Business1/Nucleus-2025-12-23.1618.7692.3.aodl┋20251223T221457.583000000┋2025-12-24T06:14:57.583+08:00 WorkerThreadPool.cpp:WorkerThreadPool::AddThread; Nucleus Shared Worker Thread
⇳
./logs/programs/OneDrive/Local/Microsoft/OneDrive/logs/ListSync/Business1/Nucleus-2025-12-23.1618.7692.3.aodl┋20251223T221457.583000000┋2025-12-24T06:14:57.583+08:00 WorkerThreadPool.cpp:WorkerThreadPool::WorkerMainLoop; Nucleus Shared Worker Thread
⇳
./logs/programs/OneDrive/Local/Microsoft/OneDrive/logs/ListSync/Business1/Nucleus-2025-12-23.1618.7692.3.aodl┋20251223T221457.584000000┋2025-12-24T06:14:57.584+08:00 ListSyncEngine.cpp:Nucleus::Sync::ListSync::ListSyncEngine::PollForDriveTokenRefreshAsync::<lambda_1>::operator ();
⇳
./logs/programs/OneDrive/Local/Microsoft/OneDrive/logs/ListSync/Business1/Nucleus-2025-12-23.1618.7692.3.aodl┋20251223T221457.584000000┋2025-12-24T06:14:57.584+08:00 ScenarioTracking.cpp:LogNewTraceCreated; RetriableTaskExecution/ da3439e5-0c43-4dbd-b938-9ff8e7405dcd/
⇳
./logs/programs/OneDrive/Local/Microsoft/OneDrive/logs/ListSync/Business1/Nucleus-2025-12-23.1618.7692.3.aodl┋20251223T221457.584000000┋2025-12-24T06:14:57.584+08:00 WorkerThreadPool.cpp:WorkerThreadPool::AddThread; Nucleus Database Worker Thread
⇳
./logs/programs/OneDrive/Local/Microsoft/OneDrive/logs/ListSync/Business1/Nucleus-2025-12-23.1618.7692.3.aodl┋20251223T221457.584000000┋2025-12-24T06:14:57.584+08:00 WorkerThreadPool.cpp:WorkerThreadPool::WorkerMainLoop; Nucleus Database Worker Thread
⇳
./logs/programs/OneDrive/Local/Microsoft/OneDrive/logs/ListSync/Business1/Nucleus-2025-12-23.1618.7692.3.aodl┋20251223T221457.584000000┋2025-12-24T06:14:57.584+08:00 ListSyncEngine.cpp:Nucleus::Sync::ListSync::ListSyncEngine::RefreshDriveTokensForListCollectionWithRandomization;
⇳
./logs/programs/OneDrive/Local/Microsoft/OneDrive/logs/ListSync/Business1/Nucleus-2025-12-23.1618.7692.3.aodl┋20251223T221457.584000000┋2025-12-24T06:14:57.584+08:00 WorkerThreadPool.cpp:WorkerThreadPool::AddThread; Nucleus Shared Worker Thread
⇳
./logs/programs/OneDrive/Local/Microsoft/OneDrive/logs/ListSync/Business1/Nucleus-2025-12-23.1618.7692.3.aodl┋20251223T221457.584000000┋2025-12-24T06:14:57.584+08:00 WorkerThreadPool.cpp:WorkerThreadPool::AddThread; Nucleus Shared Worker Thread
⇳
./logs/programs/OneDrive/Local/Microsoft/OneDrive/logs/ListSync/Business1/Nucleus-2025-12-23.1618.7692.3.aodl┋20251223T221457.584000000┋2025-12-24T06:14:57.584+08:00 WorkerThreadPool.cpp:WorkerThreadPool::WorkerMainLoop; Nucleus Shared Worker Thread
⇳
./logs/programs/OneDrive/Local/Microsoft/OneDrive/logs/ListSync/Business1/Nucleus-2025-12-23.1618.7692.3.aodl┋20251223T221457.584000000┋2025-12-24T06:14:57.584+08:00 WorkerThreadPool.cpp:WorkerThreadPool::WorkerMainLoop; Nucleus Shared Worker Thread
⇳
./logs/programs/OneDrive/Local/Microsoft/OneDrive/logs/ListSync/Business1/Nucleus-2025-12-23.1618.7692.3.aodl┋20251223T221527.584000000┋2025-12-24T06:15:27.584+08:00 WorkerThreadPool.cpp:WorkerThreadPool::OnThreadExiting; Nucleus Database Worker Thread
⇳
./logs/programs/OneDrive/Local/Microsoft/OneDrive/logs/ListSync/Business1/Nucleus-2025-12-23.1618.7692.3.aodl┋20251223T221527.584000000┋2025-12-24T06:15:27.584+08:00 WorkerThreadPool.cpp:WorkerThreadPool::OnThreadExiting; Nucleus Shared Worker Thread
⇳
./logs/programs/OneDrive/Local/Microsoft/OneDrive/logs/ListSync/Business1/Nucleus-2025-12-23.1618.7692.3.aodl┋20251223T221527.584000000┋2025-12-24T06:15:27.584+08:00 WorkerThreadPool.cpp:WorkerThreadPool::OnThreadExiting; Nucleus Database Worker Thread
⇳
./logs/programs/OneDrive/Local/Microsoft/OneDrive/logs/ListSync/Business1/Nucleus-2025-12-23.1618.7692.3.aodl┋20251223T221527.584000000┋2025-12-24T06:15:27.584+08:00 WorkerThreadPool.cpp:WorkerThreadPool::OnThreadExiting; Nucleus Shared Worker Thread
⇳
./logs/programs/OneDrive/Local/Microsoft/OneDrive/logs/ListSync/Business1/Nucleus-2025-12-23.1618.7692.3.aodl┋20251223T221527.600000000┋2025-12-24T06:15:27.600+08:00 WorkerThreadPool.cpp:WorkerThreadPool::OnThreadExiting; Nucleus Shared Worker Thread
⇳
./logs/programs/OneDrive/Local/Microsoft/OneDrive/logs/ListSync/Business1/Nucleus-2025-12-23.1618.7692.3.aodl┋20251223T221527.600000000┋2025-12-24T06:15:27.600+08:00 WorkerThreadPool.cpp:WorkerThreadPool::OnThreadExiting; Nucleus Shared Worker Thread
⇳
./logs/programs/OneDrive/Local/Microsoft/OneDrive/logs/ListSync/Business1/Nucleus-2025-12-23.1618.7692.3.aodl┋20251223T221845.285000000┋2025-12-24T06:18:45.285+08:00 LogUploader2.cpp:LogUpload::LogUploader2::LogBatchIsReady;
⇳
./logs/programs/OneDrive/Local/Microsoft/OneDrive/logs/ListSync/Business1/Nucleus-2025-12-23.1618.7692.3.aodl┋20251223T221845.285000000┋2025-12-24T06:18:45.285+08:00 LogUploader2.cpp:LogUpload::LogUploader2::LogBatchIsReady;
⇳
./logs/programs/OneDrive/Local/Microsoft/OneDrive/logs/ListSync/Business1/Nucleus-2025-12-23.1618.7692.3.aodl┋20251223T221845.285000000┋2025-12-24T06:18:45.285+08:00 LogUploader2.cpp:LogUpload::LogUploader2::ReportStateIfNeeded;
⇳
./logs/programs/OneDrive/Local/Microsoft/OneDrive/logs/ListSync/Business1/Nucleus-2025-12-23.1618.7692.3.aodl┋20251223T221845.350000000┋2025-12-24T06:18:45.350+08:00 LogUploader2.cpp:LogUpload::LogUploader2::LogBatchIsReady;
⇳
./logs/programs/OneDrive/Local/Microsoft/OneDrive/logs/ListSync/Business1/Nucleus-2025-12-23.1618.7692.3.aodl┋20251223T221845.350000000┋2025-12-24T06:18:45.350+08:00 LogUploader2.cpp:LogUpload::LogUploader2::LogBatchIsReady;
⇳
./logs/programs/OneDrive/Local/Microsoft/OneDrive/logs/ListSync/Business1/Nucleus-2025-12-23.1618.7692.3.aodl┋20251223T221845.413000000┋2025-12-24T06:18:45.413+08:00 LogUploader2.cpp:LogUpload::LogUploader2::LogBatchIsReady;
⇳
./logs/programs/OneDrive/Local/Microsoft/OneDrive/logs/ListSync/Business1/Nucleus-2025-12-23.1618.7692.3.aodl┋20251223T221845.413000000┋2025-12-24T06:18:45.413+08:00 LogUploader2.cpp:LogUpload::LogUploader2::LogBatchIsReady;
⇳
./logs/programs/OneDrive/Local/Microsoft/OneDrive/logs/ListSync/Business1/Nucleus-2025-12-23.1618.7692.3.aodl┋20251223T221845.477000000┋2025-12-24T06:18:45.477+08:00 LogUploader2.cpp:LogUpload::LogUploader2::LogBatchIsReady;
⇳
./logs/programs/OneDrive/Local/Microsoft/OneDrive/logs/ListSync/Business1/Nucleus-2025-12-23.1618.7692.3.aodl┋20251223T221845.477000000┋2025-12-24T06:18:45.477+08:00 LogUploader2.cpp:LogUpload::LogUploader2::LogBatchIsReady;
⇳
./logs/programs/OneDrive/Local/Microsoft/OneDrive/logs/ListSync/Business1/Nucleus-2025-12-23.1618.7692.3.aodl┋20251223T221845.541000000┋2025-12-24T06:18:45.541+08:00 LogUploader2.cpp:LogUpload::LogUploader2::LogBatchIsReady;
⇳
./logs/programs/OneDrive/Local/Microsoft/OneDrive/logs/ListSync/Business1/Nucleus-2025-12-23.1618.7692.3.aodl┋20251223T221845.541000000┋2025-12-24T06:18:45.541+08:00 LogUploader2.cpp:LogUpload::LogUploader2::LogBatchIsReady;
⇳
./logs/programs/OneDrive/Local/Microsoft/OneDrive/logs/ListSync/Business1/Nucleus-2025-12-23.1618.7692.3.aodl┋20251223T221845.605000000┋2025-12-24T06:18:45.605+08:00 LogUploader2.cpp:LogUpload::LogUploader2::LogBatchIsReady;
⇳
./logs/programs/OneDrive/Local/Microsoft/OneDrive/logs/ListSync/Business1/Nucleus-2025-12-23.1618.7692.3.aodl┋20251223T221845.605000000┋2025-12-24T06:18:45.605+08:00 LogUploader2.cpp:LogUpload::LogUploader2::LogBatchIsReady;
⇳
./logs/programs/OneDrive/Local/Microsoft/OneDrive/logs/ListSync/Business1/Nucleus-2025-12-23.1618.7692.3.aodl┋20251223T221845.668000000┋2025-12-24T06:18:45.668+08:00 LogUploader2.cpp:LogUpload::LogUploader2::LogBatchIsReady;
⇳
./logs/programs/OneDrive/Local/Microsoft/OneDrive/logs/ListSync/Business1/Nucleus-2025-12-23.1618.7692.3.aodl┋20251223T221845.668000000┋2025-12-24T06:18:45.668+08:00 LogUploader2.cpp:LogUpload::LogUploader2::LogBatchIsReady;
⇳
./logs/programs/OneDrive/Local/Microsoft/OneDrive/logs/ListSync/Business1/Nucleus-2025-12-23.1618.7692.3.aodl┋20251223T221845.732000000┋2025-12-24T06:18:45.732+08:00 LogUploader2.cpp:LogUpload::LogUploader2::LogBatchIsReady;
⇳
./logs/programs/OneDrive/Local/Microsoft/OneDrive/logs/ListSync/Business1/Nucleus-2025-12-23.1618.7692.3.aodl┋20251223T221845.732000000┋2025-12-24T06:18:45.732+08:00 LogUploader2.cpp:LogUpload::LogUploader2::LogBatchIsReady;
⇳
./logs/programs/OneDrive/Local/Microsoft/OneDrive/logs/ListSync/Business1/Nucleus-2025-12-23.1618.7692.3.aodl┋20251223T221845.796000000┋2025-12-24T06:18:45.796+08:00 LogUploader2.cpp:LogUpload::LogUploader2::LogBatchIsReady;
⇳
./logs/programs/OneDrive/Local/Microsoft/OneDrive/logs/ListSync/Business1/Nucleus-2025-12-23.1618.7692.3.aodl┋20251223T221845.796000000┋2025-12-24T06:18:45.796+08:00 LogUploader2.cpp:LogUpload::LogUploader2::LogBatchIsReady;
⇳
./logs/programs/OneDrive/Local/Microsoft/OneDrive/logs/ListSync/Business1/Nucleus-2025-12-23.1618.7692.3.aodl┋20251223T221845.860000000┋2025-12-24T06:18:45.860+08:00 LogUploader2.cpp:LogUpload::LogUploader2::LogBatchIsReady;
⇳
./logs/programs/OneDrive/Local/Microsoft/OneDrive/logs/ListSync/Business1/Nucleus-2025-12-23.1618.7692.3.aodl┋20251223T221845.860000000┋2025-12-24T06:18:45.860+08:00 LogUploader2.cpp:LogUpload::LogUploader2::LogBatchIsReady;
⇳
./logs/programs/OneDrive/Local/Microsoft/OneDrive/logs/ListSync/Business1/Nucleus-2025-12-23.1618.7692.3.aodl┋20251223T221845.924000000┋2025-12-24T06:18:45.924+08:00 LogUploader2.cpp:LogUpload::LogUploader2::LogBatchIsReady;
⇳
./logs/programs/OneDrive/Local/Microsoft/OneDrive/logs/ListSync/Business1/Nucleus-2025-12-23.1618.7692.3.aodl┋20251223T221845.924000000┋2025-12-24T06:18:45.924+08:00 LogUploader2.cpp:LogUpload::LogUploader2::LogBatchIsReady;
⇳
./logs/programs/OneDrive/Local/Microsoft/OneDrive/logs/ListSync/Business1/Nucleus-2025-12-23.1618.7692.3.aodl┋20251223T221845.988000000┋2025-12-24T06:18:45.988+08:00 LogUploader2.cpp:LogUpload::LogUploader2::LogBatchIsReady;
⇳
./logs/programs/OneDrive/Local/Microsoft/OneDrive/logs/ListSync/Business1/Nucleus-2025-12-23.1618.7692.3.aodl┋20251223T221845.988000000┋2025-12-24T06:18:45.988+08:00 LogUploader2.cpp:LogUpload::LogUploader2::LogBatchIsReady;
⇳
./logs/programs/OneDrive/Local/Microsoft/OneDrive/logs/ListSync/Business1/Nucleus-2025-12-23.1618.7692.3.aodl┋20251223T221846.051000000┋2025-12-24T06:18:46.051+08:00 LogUploader2.cpp:LogUpload::LogUploader2::ScanForUnuploadedLogs;
⇳
./logs/programs/OneDrive/Local/Microsoft/OneDrive/logs/ListSync/Business1/Nucleus-2025-12-23.1618.7692.3.aodl┋20251223T221846.051000000┋2025-12-24T06:18:46.051+08:00 LogUploader2.cpp:LogUpload::LogUploader2::ClearUploadQueue;
⇳
./logs/programs/OneDrive/Local/Microsoft/OneDrive/logs/ListSync/Business1/Nucleus-2025-12-23.1618.7692.3.aodl┋20251223T221846.051000000┋2025-12-24T06:18:46.051+08:00 LogUploader2.cpp:LogUpload::LogUploader2::GetLastActiveLogInformation;
⇳
./logs/programs/OneDrive/Local/Microsoft/OneDrive/logs/ListSync/Business1/Nucleus-2025-12-23.1618.7692.3.aodl┋20251223T221846.051000000┋2025-12-24T06:18:46.051+08:00 LogUploader2.cpp:LogUpload::LogUploader2::ScanForUnuploadedLogsHelper;
⇳
./logs/programs/OneDrive/Local/Microsoft/OneDrive/logs/ListSync/Business1/Nucleus-2025-12-23.1618.7692.3.aodl┋20251223T221846.052000000┋2025-12-24T06:18:46.052+08:00 LogUploader2.cpp:LogUpload::LogUploader2::ScanForUnuploadedLogsHelper;
⇳
./logs/programs/OneDrive/Local/Microsoft/OneDrive/logs/ListSync/Business1/Nucleus-2025-12-23.1618.7692.3.aodl┋20251223T221846.052000000┋2025-12-24T06:18:46.052+08:00 LogUploader2.cpp:LogUpload::LogUploader2::PersistSettings;
⇳
./logs/programs/OneDrive/Local/Microsoft/OneDrive/logs/ListSync/Business1/Nucleus-2025-12-23.1618.7692.3.aodl┋20251223T221846.052000000┋2025-12-24T06:18:46.052+08:00 LogUploader2.cpp:LogUpload::LogUploader2::ScanForUnuploadedLogs;
⇳
./logs/programs/OneDrive/Local/Microsoft/OneDrive/logs/ListSync/Business1/Nucleus-2025-12-23.1618.7692.3.aodl┋20251223T221846.052000000┋2025-12-24T06:18:46.052+08:00 LogUploader2.cpp:LogUpload::LogUploader2::LogBatchIsReady;
⇳
./logs/programs/OneDrive/Local/Microsoft/OneDrive/logs/ListSync/Business1/Nucleus-2025-12-23.1618.7692.3.aodl┋20251223T221846.052000000┋2025-12-24T06:18:46.052+08:00 LogUploader2.cpp:LogUpload::LogUploader2::ReportStateIfNeeded;
⇳
./logs/programs/OneDrive/Local/Microsoft/OneDrive/logs/ListSync/Business1/Nucleus-2025-12-23.1618.7692.3.aodl┋20251223T221846.052000000┋2025-12-24T06:18:46.052+08:00 LogUploader2.cpp:LogUpload::LogUploader2::LogBatchIsReady;
⇳
./logs/programs/OneDrive/Local/Microsoft/OneDrive/logs/ListSync/Business1/Nucleus-2025-12-23.1618.7692.3.aodl┋20251223T221846.052000000┋2025-12-24T06:18:46.052+08:00 LogUploader2.cpp:LogUpload::LogUploader2::LogBatchIsReady;
⇳
./logs/programs/OneDrive/Local/Microsoft/OneDrive/logs/ListSync/Business1/Nucleus-2025-12-23.1618.7692.3.aodl┋20251223T221846.052000000┋2025-12-24T06:18:46.052+08:00 LogUploader2.cpp:LogUpload::LogUploader2::StartNextLogUploadBatchIfAble;
⇳
./logs/programs/OneDrive/Local/Microsoft/OneDrive/logs/ListSync/Business1/Nucleus-2025-12-23.1618.7692.3.aodl┋20251223T221846.052000000┋2025-12-24T06:18:46.052+08:00 LogUploader2.cpp:LogUpload::LogUploader2::LogBatchIsReady;
⇳
./logs/programs/OneDrive/Local/Microsoft/OneDrive/logs/ListSync/Business1/Nucleus-2025-12-23.1618.7692.3.aodl┋20251223T221846.052000000┋2025-12-24T06:18:46.052+08:00 LogUploader2.cpp:LogUpload::LogUploader2::StartNextLogUploadBatchIfAble;
⇳
./logs/programs/OneDrive/Local/Microsoft/OneDrive/logs/ListSync/Business1/Nucleus-2025-12-23.1618.7692.3.aodl┋20251223T221846.052000000┋2025-12-24T06:18:46.052+08:00 LogUploader2.cpp:LogUpload::LogUploader2::BuildLogBatchQueue; Nucleus-2025-12-21.1214.9352.1.odlgz
⇳
./logs/programs/OneDrive/Local/Microsoft/OneDrive/logs/ListSync/Business1/Nucleus-2025-12-23.1618.7692.3.aodl┋20251223T221846.052000000┋2025-12-24T06:18:46.052+08:00 LogUploader2.cpp:LogUpload::LogUploader2::BuildLogBatchQueue; Nucleus-2025-12-21.1217.11120.1.odlgz
⇳
./logs/programs/OneDrive/Local/Microsoft/OneDrive/logs/ListSync/Business1/Nucleus-2025-12-23.1618.7692.3.aodl┋20251223T221846.052000000┋2025-12-24T06:18:46.052+08:00 LogUploader2.cpp:LogUpload::LogUploader2::BuildLogBatchQueue; Nucleus-2025-12-21.1214.9352.2.odlgz
⇳
./logs/programs/OneDrive/Local/Microsoft/OneDrive/logs/ListSync/Business1/Nucleus-2025-12-23.1618.7692.3.aodl┋20251223T221846.052000000┋2025-12-24T06:18:46.052+08:00 LogUploader2.cpp:LogUpload::LogUploader2::BuildLogBatchQueue; Nucleus-2025-12-21.1217.7692.1.odlgz
⇳
./logs/programs/OneDrive/Local/Microsoft/OneDrive/logs/ListSync/Business1/Nucleus-2025-12-23.1618.7692.3.aodl┋20251223T221846.052000000┋2025-12-24T06:18:46.052+08:00 LogUploader2.cpp:LogUpload::LogUploader2::BuildLogBatchQueue; Nucleus-2025-12-21.1217.11120.2.odlgz
⇳
./logs/programs/OneDrive/Local/Microsoft/OneDrive/logs/ListSync/Business1/Nucleus-2025-12-23.1618.7692.3.aodl┋20251223T221846.052000000┋2025-12-24T06:18:46.052+08:00 LogUploader2.cpp:LogUpload::LogUploader2::BuildLogBatchQueue; Nucleus-2025-12-22.1236.9320.1.odlgz
⇳
./logs/programs/OneDrive/Local/Microsoft/OneDrive/logs/ListSync/Business1/Nucleus-2025-12-23.1618.7692.3.aodl┋20251223T221846.052000000┋2025-12-24T06:18:46.052+08:00 LogUploader2.cpp:LogUpload::LogUploader2::BuildLogBatchQueue; Nucleus-2025-12-22.1236.9320.2.odlgz
⇳
./logs/programs/OneDrive/Local/Microsoft/OneDrive/logs/ListSync/Business1/Nucleus-2025-12-23.1618.7692.3.aodl┋20251223T221846.052000000┋2025-12-24T06:18:46.052+08:00 LogUploader2.cpp:LogUpload::LogUploader2::BuildLogBatchQueue; Nucleus-2025-12-23.1330.10164.2.odlgz
⇳
./logs/programs/OneDrive/Local/Microsoft/OneDrive/logs/ListSync/Business1/Nucleus-2025-12-23.1618.7692.3.aodl┋20251223T221846.052000000┋2025-12-24T06:18:46.052+08:00 LogUploader2.cpp:LogUpload::LogUploader2::BuildLogBatchQueue; Nucleus-2025-12-23.1330.10164.1.odlgz
⇳
./logs/programs/OneDrive/Local/Microsoft/OneDrive/logs/ListSync/Business1/Nucleus-2025-12-23.1618.7692.3.aodl┋20251223T221846.052000000┋2025-12-24T06:18:46.052+08:00 LogUploader2.cpp:LogUpload::LogUploader2::BuildLogBatchQueue; Nucleus-2025-12-21.1217.7692.2.odlgz
⇳
./logs/programs/OneDrive/Local/Microsoft/OneDrive/logs/ListSync/Business1/Nucleus-2025-12-23.1618.7692.3.aodl┋20251223T221846.052000000┋2025-12-24T06:18:46.052+08:00 LogUploader2.cpp:LogUpload::LogUploader2::StartNextLogUploadBatchIfAble;
⇳
./logs/programs/OneDrive/Local/Microsoft/OneDrive/logs/ListSync/Business1/Nucleus-2025-12-23.1618.7692.3.aodl┋20251223T221846.052000000┋2025-12-24T06:18:46.052+08:00 LogUploader2.cpp:LogUpload::LogUploader2::ExecuteLogUploadBatch;
⇳
./logs/programs/OneDrive/Local/Microsoft/OneDrive/logs/ListSync/Business1/Nucleus-2025-12-23.1618.7692.3.aodl┋20251223T221846.052000000┋2025-12-24T06:18:46.052+08:00 LogUploader2.cpp:LogUpload::LogUploader2::ExecuteLogUploadBatch;
⇳
./logs/programs/OneDrive/Local/Microsoft/OneDrive/logs/ListSync/Business1/Nucleus-2025-12-23.1618.7692.3.aodl┋20251223T221846.052000000┋2025-12-24T06:18:46.052+08:00 ScenarioTracking.cpp:LogNewTraceCreated; AuthSignIn/ 38240d22-ecc1-47c2-9832-0c3e012de780/
⇳
./logs/programs/OneDrive/Local/Microsoft/OneDrive/logs/ListSync/Business1/Nucleus-2025-12-23.1618.7692.3.aodl┋20251223T221846.052000000┋2025-12-24T06:18:46.052+08:00 WorkerThreadPool.cpp:WorkerThreadPool::AddThread; AuthenticationProviderThreadPool
⇳
./logs/programs/OneDrive/Local/Microsoft/OneDrive/logs/ListSync/Business1/Nucleus-2025-12-23.1618.7692.3.aodl┋20251223T221846.053000000┋2025-12-24T06:18:46.053+08:00 WorkerThreadPool.cpp:WorkerThreadPool::WorkerMainLoop; AuthenticationProviderThreadPool
⇳
./logs/programs/OneDrive/Local/Microsoft/OneDrive/logs/ListSync/Business1/Nucleus-2025-12-23.1618.7692.3.aodl┋20251223T221846.053000000┋2025-12-24T06:18:46.053+08:00 OAuthCredentialCache.cpp:OAuth::CredentialCache::GetCredential; https://onedrive.live.com
⇳
./logs/programs/OneDrive/Local/Microsoft/OneDrive/logs/ListSync/Business1/Nucleus-2025-12-23.1618.7692.3.aodl┋20251223T221846.053000000┋2025-12-24T06:18:46.053+08:00 AccountContext.cpp:Nucleus::Context::AccountContext::CacheAccountDetails;
⇳
./logs/programs/OneDrive/Local/Microsoft/OneDrive/logs/ListSync/Business1/Nucleus-2025-12-23.1618.7692.3.aodl┋20251223T221846.053000000┋2025-12-24T06:18:46.053+08:00 AuthenticationProvider.cpp:Nucleus::Auth::AuthenticationProvider::EnsureSignInContextIsValid;
⇳
./logs/programs/OneDrive/Local/Microsoft/OneDrive/logs/ListSync/Business1/Nucleus-2025-12-23.1618.7692.3.aodl┋20251223T221846.053000000┋2025-12-24T06:18:46.053+08:00 AuthenticationProvider.cpp:Nucleus::Auth::AuthenticationProvider::CheckIfResourceBlockedDuetoExternalSharing; https://onedrive.live.com
⇳
./logs/programs/OneDrive/Local/Microsoft/OneDrive/logs/ListSync/Business1/Nucleus-2025-12-23.1618.7692.3.aodl┋20251223T221846.053000000┋2025-12-24T06:18:46.053+08:00 AuthPlatformHttpRequest.cpp:AuthLibrary::AuthPlatformHttpRequest::Create; OPTIONS https://onedrive.live.com
⇳
./logs/programs/OneDrive/Local/Microsoft/OneDrive/logs/ListSync/Business1/Nucleus-2025-12-23.1618.7692.3.aodl┋20251223T221846.053000000┋2025-12-24T06:18:46.053+08:00 Auth.cpp:Auth::IsOnPremServer;
⇳
./logs/programs/OneDrive/Local/Microsoft/OneDrive/logs/ListSync/Business1/Nucleus-2025-12-23.1618.7692.3.aodl┋20251223T221846.053000000┋2025-12-24T06:18:46.053+08:00 CWinHttp.cpp:CWinHttpSession::InitializeSession;
⇳
./logs/programs/OneDrive/Local/Microsoft/OneDrive/logs/ListSync/Business1/Nucleus-2025-12-23.1618.7692.3.aodl┋20251223T221846.053000000┋2025-12-24T06:18:46.053+08:00 CWinHttp.cpp:CWinHttpSession::CreateRequest; OPTIONS https://onedrive.live.com
⇳
./logs/programs/OneDrive/Local/Microsoft/OneDrive/logs/ListSync/Business1/Nucleus-2025-12-23.1618.7692.3.aodl┋20251223T221846.053000000┋2025-12-24T06:18:46.053+08:00 Auth.cpp:Auth::IsNetworkAuthSupported;
⇳
./logs/programs/OneDrive/Local/Microsoft/OneDrive/logs/ListSync/Business1/Nucleus-2025-12-23.1618.7692.3.aodl┋20251223T221846.316000000┋2025-12-24T06:18:46.316+08:00 CWinHttp.cpp:CWinHttpRequest::OnRequestComplete;
⇳
./logs/programs/OneDrive/Local/Microsoft/OneDrive/logs/ListSync/Business1/Nucleus-2025-12-23.1618.7692.3.aodl┋20251223T221846.316000000┋2025-12-24T06:18:46.316+08:00 AuthPlatformHttpRequest.cpp:AuthLibrary::AuthPlatformHttpRequest::OnRequestComplete; S_OK
⇳
./logs/programs/OneDrive/Local/Microsoft/OneDrive/logs/ListSync/Business1/Nucleus-2025-12-23.1618.7692.3.aodl┋20251223T221846.316000000┋2025-12-24T06:18:46.316+08:00 AuthPlatformHttpRequest.cpp:AuthLibrary::AuthPlatformHttpRequest::Wait;
⇳
./logs/programs/OneDrive/Local/Microsoft/OneDrive/logs/ListSync/Business1/Nucleus-2025-12-23.1618.7692.3.aodl┋20251223T221846.316000000┋2025-12-24T06:18:46.316+08:00 AuthPlatformHttpRequest.cpp:AuthLibrary::AuthPlatformHttpRequest::Wait;
⇳
./logs/programs/OneDrive/Local/Microsoft/OneDrive/logs/ListSync/Business1/Nucleus-2025-12-23.1618.7692.3.aodl┋20251223T221846.316000000┋2025-12-24T06:18:46.316+08:00 AuthenticationProvider.cpp:Nucleus::Auth::AuthenticationProvider::AcquireTokenInternalWorker; https://onedrive.live.com
⇳
./logs/programs/OneDrive/Local/Microsoft/OneDrive/logs/ListSync/Business1/Nucleus-2025-12-23.1618.7692.3.aodl┋20251223T221846.316000000┋2025-12-24T06:18:46.316+08:00 AuthenticationProvider.cpp:Nucleus::Auth::AuthenticationProvider::AcquireTokenInternalWorker;
⇳
./logs/programs/OneDrive/Local/Microsoft/OneDrive/logs/ListSync/Business1/Nucleus-2025-12-23.1618.7692.3.aodl┋20251223T221846.316000000┋2025-12-24T06:18:46.316+08:00 OAuthCredentialCache.cpp:OAuth::CredentialCache::GetCredential; https://onedrive.live.com
⇳
./logs/programs/OneDrive/Local/Microsoft/OneDrive/logs/ListSync/Business1/Nucleus-2025-12-23.1618.7692.3.aodl┋20251223T221846.317000000┋2025-12-24T06:18:46.317+08:00 AuthenticationProvider.cpp:Nucleus::Auth::AuthenticationProvider::AcquireTokenInternalWorker;
⇳
./logs/programs/OneDrive/Local/Microsoft/OneDrive/logs/ListSync/Business1/Nucleus-2025-12-23.1618.7692.3.aodl┋20251223T221846.317000000┋2025-12-24T06:18:46.317+08:00 OneAuthAuthenticator.cpp:Nucleus::Auth::OneAuthAuthenticator::GetAccountFromAccountHint;
⇳
./logs/programs/OneDrive/Local/Microsoft/OneDrive/logs/ListSync/Business1/Nucleus-2025-12-23.1618.7692.3.aodl┋20251223T221846.317000000┋2025-12-24T06:18:46.317+08:00 OneAuthApi.cpp:Nucleus::Auth::OneAuthApi::ReadAllAccounts;
⇳
./logs/programs/OneDrive/Local/Microsoft/OneDrive/logs/ListSync/Business1/Nucleus-2025-12-23.1618.7692.3.aodl┋20251223T221846.317000000┋2025-12-24T06:18:46.317+08:00 OneAuthAuthenticator.cpp:Nucleus::Auth::OneAuthAuthenticator::GetAuthParameters;
⇳
./logs/programs/OneDrive/Local/Microsoft/OneDrive/logs/ListSync/Business1/Nucleus-2025-12-23.1618.7692.3.aodl┋20251223T221846.317000000┋2025-12-24T06:18:46.317+08:00 OneAuthAuthenticator.cpp:Nucleus::Auth::OneAuthAuthenticator::AcquireTokenSilentlyInternal;
⇳
./logs/programs/OneDrive/Local/Microsoft/OneDrive/logs/ListSync/Business1/Nucleus-2025-12-23.1618.7692.3.aodl┋20251223T221846.317000000┋2025-12-24T06:18:46.317+08:00 AuthenticationProvider.cpp:Nucleus::Auth::AuthenticationProvider::HandleAcquireTokenSilentlyException;
⇳
./logs/programs/OneDrive/Local/Microsoft/OneDrive/logs/ListSync/Business1/Nucleus-2025-12-23.1618.7692.3.aodl┋20251223T221846.318000000┋2025-12-24T06:18:46.318+08:00 AuthenticationScenarioTelemetry.cpp:Nucleus::Auth::AuthenticationScenarioTelemetry::Report; AuthSignIn AuthAcquireTokenSilently UnexpectedFailure No available AAD accounts, aborting sign in. https://onedrive.live.com OneAuth
⇳
./logs/programs/OneDrive/Local/Microsoft/OneDrive/logs/ListSync/Business1/Nucleus-2025-12-23.1618.7692.3.aodl┋20251223T221846.318000000┋2025-12-24T06:18:46.318+08:00 LoggingTelemetrySession.cpp:LoggingTelemetrySession::ApplyASHATransform; AuthSignIn UnexpectedFailure
⇳
./logs/programs/OneDrive/Local/Microsoft/OneDrive/logs/ListSync/Business1/Nucleus-2025-12-23.1618.7692.3.aodl┋20251223T221846.318000000┋2025-12-24T06:18:46.318+08:00 LogUploaderServiceApi.cpp:LogUpload::LogUploaderService::LogUploaderServiceApi::GetAuthHeader;
⇳
./logs/programs/OneDrive/Local/Microsoft/OneDrive/logs/ListSync/Business1/Nucleus-2025-12-23.1618.7692.3.aodl┋20251223T221846.318000000┋2025-12-24T06:18:46.318+08:00 LogUploaderServiceApi.cpp:LogUpload::LogUploaderService::LogUploaderServiceApi::GetLogBatchUploadLocation;
⇳
./logs/programs/OneDrive/Local/Microsoft/OneDrive/logs/ListSync/Business1/Nucleus-2025-12-23.1618.7692.3.aodl┋20251223T221846.318000000┋2025-12-24T06:18:46.318+08:00 NucleusLogUploader.cpp:Nucleus::System::NucleusEnvironmentLogUploaderConfig::Report; LogUpload LogUpload Success
⇳
./logs/programs/OneDrive/Local/Microsoft/OneDrive/logs/ListSync/Business1/Nucleus-2025-12-23.1618.7692.3.aodl┋20251223T221846.318000000┋2025-12-24T06:18:46.318+08:00 LogUploader2.cpp:LogUpload::LogUploader2::LogBatchIsReady;
⇳
./logs/programs/OneDrive/Local/Microsoft/OneDrive/logs/ListSync/Business1/Nucleus-2025-12-23.1618.7692.3.aodl┋20251223T221856.318000000┋2025-12-24T06:18:56.318+08:00 WorkerThreadPool.cpp:WorkerThreadPool::OnThreadExiting; AuthenticationProviderThreadPool
⇳
./logs/programs/OneDrive/Local/Microsoft/OneDrive/logs/ListSync/Business1/Nucleus-2025-12-23.1618.7692.3.aodl┋20251223T221856.318000000┋2025-12-24T06:18:56.318+08:00 WorkerThreadPool.cpp:WorkerThreadPool::OnThreadExiting; AuthenticationProviderThreadPool
⇳
./logs/programs/OneDrive/Local/Microsoft/OneDrive/logs/ListSync/Business1/Nucleus-2025-12-23.1618.7692.3.aodl┋20251223T224457.594000000┋2025-12-24T06:44:57.594+08:00 WorkerThreadPool.cpp:WorkerThreadPool::AddThread; Nucleus Shared Worker Thread
⇳
./logs/programs/OneDrive/Local/Microsoft/OneDrive/logs/ListSync/Business1/Nucleus-2025-12-23.1618.7692.3.aodl┋20251223T224457.595000000┋2025-12-24T06:44:57.595+08:00 WorkerThreadPool.cpp:WorkerThreadPool::WorkerMainLoop; Nucleus Shared Worker Thread
⇳
./logs/programs/OneDrive/Local/Microsoft/OneDrive/logs/ListSync/Business1/Nucleus-2025-12-23.1618.7692.3.aodl┋20251223T224457.595000000┋2025-12-24T06:44:57.595+08:00 ListSyncEngine.cpp:Nucleus::Sync::ListSync::ListSyncEngine::PollForDriveTokenRefreshAsync::<lambda_1>::operator ();
⇳
./logs/programs/OneDrive/Local/Microsoft/OneDrive/logs/ListSync/Business1/Nucleus-2025-12-23.1618.7692.3.aodl┋20251223T224457.595000000┋2025-12-24T06:44:57.595+08:00 ScenarioTracking.cpp:LogNewTraceCreated; RetriableTaskExecution/ b937da04-d6c2-4dc4-b9de-f54b88fe33be/
⇳
./logs/programs/OneDrive/Local/Microsoft/OneDrive/logs/ListSync/Business1/Nucleus-2025-12-23.1618.7692.3.aodl┋20251223T224457.595000000┋2025-12-24T06:44:57.595+08:00 WorkerThreadPool.cpp:WorkerThreadPool::AddThread; Nucleus Database Worker Thread
⇳
./logs/programs/OneDrive/Local/Microsoft/OneDrive/logs/ListSync/Business1/Nucleus-2025-12-23.1618.7692.3.aodl┋20251223T224457.595000000┋2025-12-24T06:44:57.595+08:00 WorkerThreadPool.cpp:WorkerThreadPool::WorkerMainLoop; Nucleus Database Worker Thread
⇳
./logs/programs/OneDrive/Local/Microsoft/OneDrive/logs/ListSync/Business1/Nucleus-2025-12-23.1618.7692.3.aodl┋20251223T224457.595000000┋2025-12-24T06:44:57.595+08:00 ListSyncEngine.cpp:Nucleus::Sync::ListSync::ListSyncEngine::RefreshDriveTokensForListCollectionWithRandomization;
⇳
./logs/programs/OneDrive/Local/Microsoft/OneDrive/logs/ListSync/Business1/Nucleus-2025-12-23.1618.7692.3.aodl┋20251223T224457.596000000┋2025-12-24T06:44:57.596+08:00 WorkerThreadPool.cpp:WorkerThreadPool::AddThread; Nucleus Shared Worker Thread
⇳
./logs/programs/OneDrive/Local/Microsoft/OneDrive/logs/ListSync/Business1/Nucleus-2025-12-23.1618.7692.3.aodl┋20251223T224457.596000000┋2025-12-24T06:44:57.596+08:00 WorkerThreadPool.cpp:WorkerThreadPool::AddThread; Nucleus Shared Worker Thread
⇳
./logs/programs/OneDrive/Local/Microsoft/OneDrive/logs/ListSync/Business1/Nucleus-2025-12-23.1618.7692.3.aodl┋20251223T224457.596000000┋2025-12-24T06:44:57.596+08:00 WorkerThreadPool.cpp:WorkerThreadPool::WorkerMainLoop; Nucleus Shared Worker Thread
⇳
./logs/programs/OneDrive/Local/Microsoft/OneDrive/logs/ListSync/Business1/Nucleus-2025-12-23.1618.7692.3.aodl┋20251223T224457.596000000┋2025-12-24T06:44:57.596+08:00 WorkerThreadPool.cpp:WorkerThreadPool::WorkerMainLoop; Nucleus Shared Worker Thread
⇳
./logs/programs/OneDrive/Local/Microsoft/OneDrive/logs/ListSync/Business1/Nucleus-2025-12-23.1618.7692.3.aodl┋20251223T224527.598000000┋2025-12-24T06:45:27.598+08:00 WorkerThreadPool.cpp:WorkerThreadPool::OnThreadExiting; Nucleus Database Worker Thread
⇳
./logs/programs/OneDrive/Local/Microsoft/OneDrive/logs/ListSync/Business1/Nucleus-2025-12-23.1618.7692.3.aodl┋20251223T224527.598000000┋2025-12-24T06:45:27.598+08:00 WorkerThreadPool.cpp:WorkerThreadPool::OnThreadExiting; Nucleus Shared Worker Thread
⇳
./logs/programs/OneDrive/Local/Microsoft/OneDrive/logs/ListSync/Business1/Nucleus-2025-12-23.1618.7692.3.aodl┋20251223T224527.598000000┋2025-12-24T06:45:27.598+08:00 WorkerThreadPool.cpp:WorkerThreadPool::OnThreadExiting; Nucleus Shared Worker Thread
⇳
./logs/programs/OneDrive/Local/Microsoft/OneDrive/logs/ListSync/Business1/Nucleus-2025-12-23.1618.7692.3.aodl┋20251223T224527.598000000┋2025-12-24T06:45:27.598+08:00 WorkerThreadPool.cpp:WorkerThreadPool::OnThreadExiting; Nucleus Shared Worker Thread
⇳
./logs/programs/OneDrive/Local/Microsoft/OneDrive/logs/ListSync/Business1/Nucleus-2025-12-23.1618.7692.3.aodl┋20251223T224527.599000000┋2025-12-24T06:45:27.599+08:00 WorkerThreadPool.cpp:WorkerThreadPool::OnThreadExiting; Nucleus Database Worker Thread
⇳
./logs/programs/OneDrive/Local/Microsoft/OneDrive/logs/ListSync/Business1/Nucleus-2025-12-23.1618.7692.3.aodl┋20251223T224527.599000000┋2025-12-24T06:45:27.599+08:00 WorkerThreadPool.cpp:WorkerThreadPool::OnThreadExiting; Nucleus Shared Worker Thread
⇳
./logs/programs/OneDrive/Local/Microsoft/OneDrive/logs/ListSync/Business1/Nucleus-2025-12-23.1618.7692.3.aodl┋20251223T231457.599000000┋2025-12-24T07:14:57.599+08:00 WorkerThreadPool.cpp:WorkerThreadPool::AddThread; Nucleus Shared Worker Thread
⇳
./logs/programs/OneDrive/Local/Microsoft/OneDrive/logs/ListSync/Business1/Nucleus-2025-12-23.1618.7692.3.aodl┋20251223T231457.599000000┋2025-12-24T07:14:57.599+08:00 WorkerThreadPool.cpp:WorkerThreadPool::WorkerMainLoop; Nucleus Shared Worker Thread
⇳
./logs/programs/OneDrive/Local/Microsoft/OneDrive/logs/ListSync/Business1/Nucleus-2025-12-23.1618.7692.3.aodl┋20251223T231457.600000000┋2025-12-24T07:14:57.600+08:00 ListSyncEngine.cpp:Nucleus::Sync::ListSync::ListSyncEngine::PollForDriveTokenRefreshAsync::<lambda_1>::operator ();
⇳
./logs/programs/OneDrive/Local/Microsoft/OneDrive/logs/ListSync/Business1/Nucleus-2025-12-23.1618.7692.3.aodl┋20251223T231457.600000000┋2025-12-24T07:14:57.600+08:00 ScenarioTracking.cpp:LogNewTraceCreated; RetriableTaskExecution/ 7e326bc0-ab01-41eb-b207-4e63e37625a5/
⇳
./logs/programs/OneDrive/Local/Microsoft/OneDrive/logs/ListSync/Business1/Nucleus-2025-12-23.1618.7692.3.aodl┋20251223T231457.600000000┋2025-12-24T07:14:57.600+08:00 WorkerThreadPool.cpp:WorkerThreadPool::AddThread; Nucleus Database Worker Thread
⇳
./logs/programs/OneDrive/Local/Microsoft/OneDrive/logs/ListSync/Business1/Nucleus-2025-12-23.1618.7692.3.aodl┋20251223T231457.600000000┋2025-12-24T07:14:57.600+08:00 WorkerThreadPool.cpp:WorkerThreadPool::WorkerMainLoop; Nucleus Database Worker Thread
⇳
./logs/programs/OneDrive/Local/Microsoft/OneDrive/logs/ListSync/Business1/Nucleus-2025-12-23.1618.7692.3.aodl┋20251223T231457.600000000┋2025-12-24T07:14:57.600+08:00 ListSyncEngine.cpp:Nucleus::Sync::ListSync::ListSyncEngine::RefreshDriveTokensForListCollectionWithRandomization;
⇳
./logs/programs/OneDrive/Local/Microsoft/OneDrive/logs/ListSync/Business1/Nucleus-2025-12-23.1618.7692.3.aodl┋20251223T231457.600000000┋2025-12-24T07:14:57.600+08:00 WorkerThreadPool.cpp:WorkerThreadPool::AddThread; Nucleus Shared Worker Thread
⇳
./logs/programs/OneDrive/Local/Microsoft/OneDrive/logs/ListSync/Business1/Nucleus-2025-12-23.1618.7692.3.aodl┋20251223T231457.600000000┋2025-12-24T07:14:57.600+08:00 WorkerThreadPool.cpp:WorkerThreadPool::AddThread; Nucleus Shared Worker Thread
⇳
./logs/programs/OneDrive/Local/Microsoft/OneDrive/logs/ListSync/Business1/Nucleus-2025-12-23.1618.7692.3.aodl┋20251223T231457.600000000┋2025-12-24T07:14:57.600+08:00 WorkerThreadPool.cpp:WorkerThreadPool::WorkerMainLoop; Nucleus Shared Worker Thread
⇳
./logs/programs/OneDrive/Local/Microsoft/OneDrive/logs/ListSync/Business1/Nucleus-2025-12-23.1618.7692.3.aodl┋20251223T231457.600000000┋2025-12-24T07:14:57.600+08:00 WorkerThreadPool.cpp:WorkerThreadPool::WorkerMainLoop; Nucleus Shared Worker Thread
⇳
./logs/programs/OneDrive/Local/Microsoft/OneDrive/logs/ListSync/Business1/Nucleus-2025-12-23.1618.7692.3.aodl┋20251223T231527.608000000┋2025-12-24T07:15:27.608+08:00 WorkerThreadPool.cpp:WorkerThreadPool::OnThreadExiting; Nucleus Shared Worker Thread
⇳
./logs/programs/OneDrive/Local/Microsoft/OneDrive/logs/ListSync/Business1/Nucleus-2025-12-23.1618.7692.3.aodl┋20251223T231527.608000000┋2025-12-24T07:15:27.608+08:00 WorkerThreadPool.cpp:WorkerThreadPool::OnThreadExiting; Nucleus Database Worker Thread
⇳
./logs/programs/OneDrive/Local/Microsoft/OneDrive/logs/ListSync/Business1/Nucleus-2025-12-23.1618.7692.3.aodl┋20251223T231527.608000000┋2025-12-24T07:15:27.608+08:00 WorkerThreadPool.cpp:WorkerThreadPool::OnThreadExiting; Nucleus Shared Worker Thread
⇳
./logs/programs/OneDrive/Local/Microsoft/OneDrive/logs/ListSync/Business1/Nucleus-2025-12-23.1618.7692.3.aodl┋20251223T231527.608000000┋2025-12-24T07:15:27.608+08:00 WorkerThreadPool.cpp:WorkerThreadPool::OnThreadExiting; Nucleus Database Worker Thread
⇳
./logs/programs/OneDrive/Local/Microsoft/OneDrive/logs/ListSync/Business1/Nucleus-2025-12-23.1618.7692.3.aodl┋20251223T231527.608000000┋2025-12-24T07:15:27.608+08:00 WorkerThreadPool.cpp:WorkerThreadPool::OnThreadExiting; Nucleus Shared Worker Thread
⇳
./logs/programs/OneDrive/Local/Microsoft/OneDrive/logs/ListSync/Business1/Nucleus-2025-12-23.1618.7692.3.aodl┋20251223T231527.608000000┋2025-12-24T07:15:27.608+08:00 WorkerThreadPool.cpp:WorkerThreadPool::OnThreadExiting; Nucleus Shared Worker Thread
⇳
./logs/programs/OneDrive/Local/Microsoft/OneDrive/logs/ListSync/Business1/Nucleus-2025-12-23.1618.7692.3.aodl┋20251223T231846.324000000┋2025-12-24T07:18:46.324+08:00 LogUploader2.cpp:LogUpload::LogUploader2::LogBatchIsReady;
⇳
./logs/programs/OneDrive/Local/Microsoft/OneDrive/logs/ListSync/Business1/Nucleus-2025-12-23.1618.7692.3.aodl┋20251223T231846.324000000┋2025-12-24T07:18:46.324+08:00 LogUploader2.cpp:LogUpload::LogUploader2::LogBatchIsReady;
⇳
./logs/programs/OneDrive/Local/Microsoft/OneDrive/logs/ListSync/Business1/Nucleus-2025-12-23.1618.7692.3.aodl┋20251223T231846.324000000┋2025-12-24T07:18:46.324+08:00 LogUploader2.cpp:LogUpload::LogUploader2::ReportStateIfNeeded;
⇳
./logs/programs/OneDrive/Local/Microsoft/OneDrive/logs/ListSync/Business1/Nucleus-2025-12-23.1618.7692.3.aodl┋20251223T231846.387000000┋2025-12-24T07:18:46.387+08:00 LogUploader2.cpp:LogUpload::LogUploader2::LogBatchIsReady;
⇳
./logs/programs/OneDrive/Local/Microsoft/OneDrive/logs/ListSync/Business1/Nucleus-2025-12-23.1618.7692.3.aodl┋20251223T231846.387000000┋2025-12-24T07:18:46.387+08:00 LogUploader2.cpp:LogUpload::LogUploader2::LogBatchIsReady;
⇳
./logs/programs/OneDrive/Local/Microsoft/OneDrive/logs/ListSync/Business1/Nucleus-2025-12-23.1618.7692.3.aodl┋20251223T231846.451000000┋2025-12-24T07:18:46.451+08:00 LogUploader2.cpp:LogUpload::LogUploader2::LogBatchIsReady;
⇳
./logs/programs/OneDrive/Local/Microsoft/OneDrive/logs/ListSync/Business1/Nucleus-2025-12-23.1618.7692.3.aodl┋20251223T231846.451000000┋2025-12-24T07:18:46.451+08:00 LogUploader2.cpp:LogUpload::LogUploader2::LogBatchIsReady;
⇳
./logs/programs/OneDrive/Local/Microsoft/OneDrive/logs/ListSync/Business1/Nucleus-2025-12-23.1618.7692.3.aodl┋20251223T231846.515000000┋2025-12-24T07:18:46.515+08:00 LogUploader2.cpp:LogUpload::LogUploader2::LogBatchIsReady;
⇳
./logs/programs/OneDrive/Local/Microsoft/OneDrive/logs/ListSync/Business1/Nucleus-2025-12-23.1618.7692.3.aodl┋20251223T231846.515000000┋2025-12-24T07:18:46.515+08:00 LogUploader2.cpp:LogUpload::LogUploader2::LogBatchIsReady;
⇳
./logs/programs/OneDrive/Local/Microsoft/OneDrive/logs/ListSync/Business1/Nucleus-2025-12-23.1618.7692.3.aodl┋20251223T231846.578000000┋2025-12-24T07:18:46.578+08:00 LogUploader2.cpp:LogUpload::LogUploader2::LogBatchIsReady;
⇳
./logs/programs/OneDrive/Local/Microsoft/OneDrive/logs/ListSync/Business1/Nucleus-2025-12-23.1618.7692.3.aodl┋20251223T231846.578000000┋2025-12-24T07:18:46.578+08:00 LogUploader2.cpp:LogUpload::LogUploader2::LogBatchIsReady;
⇳
./logs/programs/OneDrive/Local/Microsoft/OneDrive/logs/ListSync/Business1/Nucleus-2025-12-23.1618.7692.3.aodl┋20251223T231846.642000000┋2025-12-24T07:18:46.642+08:00 LogUploader2.cpp:LogUpload::LogUploader2::LogBatchIsReady;
⇳
./logs/programs/OneDrive/Local/Microsoft/OneDrive/logs/ListSync/Business1/Nucleus-2025-12-23.1618.7692.3.aodl┋20251223T231846.642000000┋2025-12-24T07:18:46.642+08:00 LogUploader2.cpp:LogUpload::LogUploader2::LogBatchIsReady;
⇳
./logs/programs/OneDrive/Local/Microsoft/OneDrive/logs/ListSync/Business1/Nucleus-2025-12-23.1618.7692.3.aodl┋20251223T231846.705000000┋2025-12-24T07:18:46.705+08:00 LogUploader2.cpp:LogUpload::LogUploader2::LogBatchIsReady;
⇳
./logs/programs/OneDrive/Local/Microsoft/OneDrive/logs/ListSync/Business1/Nucleus-2025-12-23.1618.7692.3.aodl┋20251223T231846.706000000┋2025-12-24T07:18:46.706+08:00 LogUploader2.cpp:LogUpload::LogUploader2::LogBatchIsReady;
⇳
./logs/programs/OneDrive/Local/Microsoft/OneDrive/logs/ListSync/Business1/Nucleus-2025-12-23.1618.7692.3.aodl┋20251223T231846.769000000┋2025-12-24T07:18:46.769+08:00 LogUploader2.cpp:LogUpload::LogUploader2::LogBatchIsReady;
⇳
./logs/programs/OneDrive/Local/Microsoft/OneDrive/logs/ListSync/Business1/Nucleus-2025-12-23.1618.7692.3.aodl┋20251223T231846.770000000┋2025-12-24T07:18:46.770+08:00 LogUploader2.cpp:LogUpload::LogUploader2::LogBatchIsReady;
⇳
./logs/programs/OneDrive/Local/Microsoft/OneDrive/logs/ListSync/Business1/Nucleus-2025-12-23.1618.7692.3.aodl┋20251223T231846.833000000┋2025-12-24T07:18:46.833+08:00 LogUploader2.cpp:LogUpload::LogUploader2::LogBatchIsReady;
⇳
./logs/programs/OneDrive/Local/Microsoft/OneDrive/logs/ListSync/Business1/Nucleus-2025-12-23.1618.7692.3.aodl┋20251223T231846.833000000┋2025-12-24T07:18:46.833+08:00 LogUploader2.cpp:LogUpload::LogUploader2::LogBatchIsReady;
⇳
./logs/programs/OneDrive/Local/Microsoft/OneDrive/logs/ListSync/Business1/Nucleus-2025-12-23.1618.7692.3.aodl┋20251223T231846.896000000┋2025-12-24T07:18:46.896+08:00 LogUploader2.cpp:LogUpload::LogUploader2::LogBatchIsReady;
⇳
./logs/programs/OneDrive/Local/Microsoft/OneDrive/logs/ListSync/Business1/Nucleus-2025-12-23.1618.7692.3.aodl┋20251223T231846.896000000┋2025-12-24T07:18:46.896+08:00 LogUploader2.cpp:LogUpload::LogUploader2::LogBatchIsReady;
⇳
./logs/programs/OneDrive/Local/Microsoft/OneDrive/logs/ListSync/Business1/Nucleus-2025-12-23.1618.7692.3.aodl┋20251223T231846.961000000┋2025-12-24T07:18:46.961+08:00 LogUploader2.cpp:LogUpload::LogUploader2::LogBatchIsReady;
⇳
./logs/programs/OneDrive/Local/Microsoft/OneDrive/logs/ListSync/Business1/Nucleus-2025-12-23.1618.7692.3.aodl┋20251223T231846.961000000┋2025-12-24T07:18:46.961+08:00 LogUploader2.cpp:LogUpload::LogUploader2::LogBatchIsReady;
⇳
./logs/programs/OneDrive/Local/Microsoft/OneDrive/logs/ListSync/Business1/Nucleus-2025-12-23.1618.7692.3.aodl┋20251223T231847.024000000┋2025-12-24T07:18:47.024+08:00 LogUploader2.cpp:LogUpload::LogUploader2::ScanForUnuploadedLogs;
⇳
./logs/programs/OneDrive/Local/Microsoft/OneDrive/logs/ListSync/Business1/Nucleus-2025-12-23.1618.7692.3.aodl┋20251223T231847.024000000┋2025-12-24T07:18:47.024+08:00 LogUploader2.cpp:LogUpload::LogUploader2::ClearUploadQueue;
⇳
./logs/programs/OneDrive/Local/Microsoft/OneDrive/logs/ListSync/Business1/Nucleus-2025-12-23.1618.7692.3.aodl┋20251223T231847.024000000┋2025-12-24T07:18:47.024+08:00 LogUploader2.cpp:LogUpload::LogUploader2::GetLastActiveLogInformation;
⇳
./logs/programs/OneDrive/Local/Microsoft/OneDrive/logs/ListSync/Business1/Nucleus-2025-12-23.1618.7692.3.aodl┋20251223T231847.024000000┋2025-12-24T07:18:47.024+08:00 LogUploader2.cpp:LogUpload::LogUploader2::ScanForUnuploadedLogsHelper;
⇳
./logs/programs/OneDrive/Local/Microsoft/OneDrive/logs/ListSync/Business1/Nucleus-2025-12-23.1618.7692.3.aodl┋20251223T231847.025000000┋2025-12-24T07:18:47.025+08:00 LogUploader2.cpp:LogUpload::LogUploader2::ScanForUnuploadedLogsHelper;
⇳
./logs/programs/OneDrive/Local/Microsoft/OneDrive/logs/ListSync/Business1/Nucleus-2025-12-23.1618.7692.3.aodl┋20251223T231847.025000000┋2025-12-24T07:18:47.025+08:00 LogUploader2.cpp:LogUpload::LogUploader2::PersistSettings;
⇳
./logs/programs/OneDrive/Local/Microsoft/OneDrive/logs/ListSync/Business1/Nucleus-2025-12-23.1618.7692.3.aodl┋20251223T231847.025000000┋2025-12-24T07:18:47.025+08:00 LogUploader2.cpp:LogUpload::LogUploader2::ScanForUnuploadedLogs;
⇳
./logs/programs/OneDrive/Local/Microsoft/OneDrive/logs/ListSync/Business1/Nucleus-2025-12-23.1618.7692.3.aodl┋20251223T231847.025000000┋2025-12-24T07:18:47.025+08:00 LogUploader2.cpp:LogUpload::LogUploader2::LogBatchIsReady;
⇳
./logs/programs/OneDrive/Local/Microsoft/OneDrive/logs/ListSync/Business1/Nucleus-2025-12-23.1618.7692.3.aodl┋20251223T231847.025000000┋2025-12-24T07:18:47.025+08:00 LogUploader2.cpp:LogUpload::LogUploader2::ReportStateIfNeeded;
⇳
./logs/programs/OneDrive/Local/Microsoft/OneDrive/logs/ListSync/Business1/Nucleus-2025-12-23.1618.7692.3.aodl┋20251223T231847.025000000┋2025-12-24T07:18:47.025+08:00 LogUploader2.cpp:LogUpload::LogUploader2::LogBatchIsReady;
⇳
./logs/programs/OneDrive/Local/Microsoft/OneDrive/logs/ListSync/Business1/Nucleus-2025-12-23.1618.7692.3.aodl┋20251223T231847.025000000┋2025-12-24T07:18:47.025+08:00 LogUploader2.cpp:LogUpload::LogUploader2::LogBatchIsReady;
⇳
./logs/programs/OneDrive/Local/Microsoft/OneDrive/logs/ListSync/Business1/Nucleus-2025-12-23.1618.7692.3.aodl┋20251223T231847.025000000┋2025-12-24T07:18:47.025+08:00 LogUploader2.cpp:LogUpload::LogUploader2::StartNextLogUploadBatchIfAble;
⇳
./logs/programs/OneDrive/Local/Microsoft/OneDrive/logs/ListSync/Business1/Nucleus-2025-12-23.1618.7692.3.aodl┋20251223T231847.025000000┋2025-12-24T07:18:47.025+08:00 LogUploader2.cpp:LogUpload::LogUploader2::LogBatchIsReady;
⇳
./logs/programs/OneDrive/Local/Microsoft/OneDrive/logs/ListSync/Business1/Nucleus-2025-12-23.1618.7692.3.aodl┋20251223T231847.025000000┋2025-12-24T07:18:47.025+08:00 LogUploader2.cpp:LogUpload::LogUploader2::StartNextLogUploadBatchIfAble;
⇳
./logs/programs/OneDrive/Local/Microsoft/OneDrive/logs/ListSync/Business1/Nucleus-2025-12-23.1618.7692.3.aodl┋20251223T231847.025000000┋2025-12-24T07:18:47.025+08:00 LogUploader2.cpp:LogUpload::LogUploader2::BuildLogBatchQueue; Nucleus-2025-12-21.1214.9352.1.odlgz
⇳
./logs/programs/OneDrive/Local/Microsoft/OneDrive/logs/ListSync/Business1/Nucleus-2025-12-23.1618.7692.3.aodl┋20251223T231847.025000000┋2025-12-24T07:18:47.025+08:00 LogUploader2.cpp:LogUpload::LogUploader2::BuildLogBatchQueue; Nucleus-2025-12-21.1217.11120.1.odlgz
⇳
./logs/programs/OneDrive/Local/Microsoft/OneDrive/logs/ListSync/Business1/Nucleus-2025-12-23.1618.7692.3.aodl┋20251223T231847.025000000┋2025-12-24T07:18:47.025+08:00 LogUploader2.cpp:LogUpload::LogUploader2::BuildLogBatchQueue; Nucleus-2025-12-21.1214.9352.2.odlgz
⇳
./logs/programs/OneDrive/Local/Microsoft/OneDrive/logs/ListSync/Business1/Nucleus-2025-12-23.1618.7692.3.aodl┋20251223T231847.025000000┋2025-12-24T07:18:47.025+08:00 LogUploader2.cpp:LogUpload::LogUploader2::BuildLogBatchQueue; Nucleus-2025-12-21.1217.7692.1.odlgz
⇳
./logs/programs/OneDrive/Local/Microsoft/OneDrive/logs/ListSync/Business1/Nucleus-2025-12-23.1618.7692.3.aodl┋20251223T231847.025000000┋2025-12-24T07:18:47.025+08:00 LogUploader2.cpp:LogUpload::LogUploader2::BuildLogBatchQueue; Nucleus-2025-12-21.1217.11120.2.odlgz
⇳
./logs/programs/OneDrive/Local/Microsoft/OneDrive/logs/ListSync/Business1/Nucleus-2025-12-23.1618.7692.3.aodl┋20251223T231847.025000000┋2025-12-24T07:18:47.025+08:00 LogUploader2.cpp:LogUpload::LogUploader2::BuildLogBatchQueue; Nucleus-2025-12-22.1236.9320.1.odlgz
⇳
./logs/programs/OneDrive/Local/Microsoft/OneDrive/logs/ListSync/Business1/Nucleus-2025-12-23.1618.7692.3.aodl┋20251223T231847.025000000┋2025-12-24T07:18:47.025+08:00 LogUploader2.cpp:LogUpload::LogUploader2::BuildLogBatchQueue; Nucleus-2025-12-22.1236.9320.2.odlgz
⇳
./logs/programs/OneDrive/Local/Microsoft/OneDrive/logs/ListSync/Business1/Nucleus-2025-12-23.1618.7692.3.aodl┋20251223T231847.025000000┋2025-12-24T07:18:47.025+08:00 LogUploader2.cpp:LogUpload::LogUploader2::BuildLogBatchQueue; Nucleus-2025-12-23.1330.10164.2.odlgz
⇳
./logs/programs/OneDrive/Local/Microsoft/OneDrive/logs/ListSync/Business1/Nucleus-2025-12-23.1618.7692.3.aodl┋20251223T231847.025000000┋2025-12-24T07:18:47.025+08:00 LogUploader2.cpp:LogUpload::LogUploader2::BuildLogBatchQueue; Nucleus-2025-12-23.1330.10164.1.odlgz
⇳
./logs/programs/OneDrive/Local/Microsoft/OneDrive/logs/ListSync/Business1/Nucleus-2025-12-23.1618.7692.3.aodl┋20251223T231847.025000000┋2025-12-24T07:18:47.025+08:00 LogUploader2.cpp:LogUpload::LogUploader2::BuildLogBatchQueue; Nucleus-2025-12-21.1217.7692.2.odlgz
⇳
./logs/programs/OneDrive/Local/Microsoft/OneDrive/logs/ListSync/Business1/Nucleus-2025-12-23.1618.7692.3.aodl┋20251223T231847.025000000┋2025-12-24T07:18:47.025+08:00 LogUploader2.cpp:LogUpload::LogUploader2::StartNextLogUploadBatchIfAble;
⇳
./logs/programs/OneDrive/Local/Microsoft/OneDrive/logs/ListSync/Business1/Nucleus-2025-12-23.1618.7692.3.aodl┋20251223T231847.025000000┋2025-12-24T07:18:47.025+08:00 LogUploader2.cpp:LogUpload::LogUploader2::ExecuteLogUploadBatch;
⇳
./logs/programs/OneDrive/Local/Microsoft/OneDrive/logs/ListSync/Business1/Nucleus-2025-12-23.1618.7692.3.aodl┋20251223T231847.025000000┋2025-12-24T07:18:47.025+08:00 LogUploader2.cpp:LogUpload::LogUploader2::ExecuteLogUploadBatch;
⇳
./logs/programs/OneDrive/Local/Microsoft/OneDrive/logs/ListSync/Business1/Nucleus-2025-12-23.1618.7692.3.aodl┋20251223T231847.025000000┋2025-12-24T07:18:47.025+08:00 ScenarioTracking.cpp:LogNewTraceCreated; AuthSignIn/ af70361c-959a-4c8b-8e74-63aa9e5ec0af/
⇳
./logs/programs/OneDrive/Local/Microsoft/OneDrive/logs/ListSync/Business1/Nucleus-2025-12-23.1618.7692.3.aodl┋20251223T231847.025000000┋2025-12-24T07:18:47.025+08:00 WorkerThreadPool.cpp:WorkerThreadPool::AddThread; AuthenticationProviderThreadPool
⇳
./logs/programs/OneDrive/Local/Microsoft/OneDrive/logs/ListSync/Business1/Nucleus-2025-12-23.1618.7692.3.aodl┋20251223T231847.025000000┋2025-12-24T07:18:47.025+08:00 WorkerThreadPool.cpp:WorkerThreadPool::WorkerMainLoop; AuthenticationProviderThreadPool
⇳
./logs/programs/OneDrive/Local/Microsoft/OneDrive/logs/ListSync/Business1/Nucleus-2025-12-23.1618.7692.3.aodl┋20251223T231847.026000000┋2025-12-24T07:18:47.026+08:00 OAuthCredentialCache.cpp:OAuth::CredentialCache::GetCredential; https://onedrive.live.com
⇳
./logs/programs/OneDrive/Local/Microsoft/OneDrive/logs/ListSync/Business1/Nucleus-2025-12-23.1618.7692.3.aodl┋20251223T231847.026000000┋2025-12-24T07:18:47.026+08:00 AccountContext.cpp:Nucleus::Context::AccountContext::CacheAccountDetails;
⇳
./logs/programs/OneDrive/Local/Microsoft/OneDrive/logs/ListSync/Business1/Nucleus-2025-12-23.1618.7692.3.aodl┋20251223T231847.026000000┋2025-12-24T07:18:47.026+08:00 AuthenticationProvider.cpp:Nucleus::Auth::AuthenticationProvider::EnsureSignInContextIsValid;
⇳
./logs/programs/OneDrive/Local/Microsoft/OneDrive/logs/ListSync/Business1/Nucleus-2025-12-23.1618.7692.3.aodl┋20251223T231847.026000000┋2025-12-24T07:18:47.026+08:00 AuthenticationProvider.cpp:Nucleus::Auth::AuthenticationProvider::CheckIfResourceBlockedDuetoExternalSharing; https://onedrive.live.com
⇳
./logs/programs/OneDrive/Local/Microsoft/OneDrive/logs/ListSync/Business1/Nucleus-2025-12-23.1618.7692.3.aodl┋20251223T231847.026000000┋2025-12-24T07:18:47.026+08:00 AuthPlatformHttpRequest.cpp:AuthLibrary::AuthPlatformHttpRequest::Create; OPTIONS https://onedrive.live.com
⇳
./logs/programs/OneDrive/Local/Microsoft/OneDrive/logs/ListSync/Business1/Nucleus-2025-12-23.1618.7692.3.aodl┋20251223T231847.026000000┋2025-12-24T07:18:47.026+08:00 Auth.cpp:Auth::IsOnPremServer;
⇳
./logs/programs/OneDrive/Local/Microsoft/OneDrive/logs/ListSync/Business1/Nucleus-2025-12-23.1618.7692.3.aodl┋20251223T231847.026000000┋2025-12-24T07:18:47.026+08:00 CWinHttp.cpp:CWinHttpSession::InitializeSession;
⇳
./logs/programs/OneDrive/Local/Microsoft/OneDrive/logs/ListSync/Business1/Nucleus-2025-12-23.1618.7692.3.aodl┋20251223T231847.026000000┋2025-12-24T07:18:47.026+08:00 CWinHttp.cpp:CWinHttpSession::CreateRequest; OPTIONS https://onedrive.live.com
⇳
./logs/programs/OneDrive/Local/Microsoft/OneDrive/logs/ListSync/Business1/Nucleus-2025-12-23.1618.7692.3.aodl┋20251223T231847.026000000┋2025-12-24T07:18:47.026+08:00 Auth.cpp:Auth::IsNetworkAuthSupported;
⇳
./logs/programs/OneDrive/Local/Microsoft/OneDrive/logs/ListSync/Business1/Nucleus-2025-12-23.1618.7692.3.aodl┋20251223T231847.154000000┋2025-12-24T07:18:47.154+08:00 CWinHttp.cpp:CWinHttpRequest::OnRequestComplete;
⇳
./logs/programs/OneDrive/Local/Microsoft/OneDrive/logs/ListSync/Business1/Nucleus-2025-12-23.1618.7692.3.aodl┋20251223T231847.154000000┋2025-12-24T07:18:47.154+08:00 AuthPlatformHttpRequest.cpp:AuthLibrary::AuthPlatformHttpRequest::OnRequestComplete; S_OK
⇳
./logs/programs/OneDrive/Local/Microsoft/OneDrive/logs/ListSync/Business1/Nucleus-2025-12-23.1618.7692.3.aodl┋20251223T231847.154000000┋2025-12-24T07:18:47.154+08:00 AuthPlatformHttpRequest.cpp:AuthLibrary::AuthPlatformHttpRequest::Wait;
⇳
./logs/programs/OneDrive/Local/Microsoft/OneDrive/logs/ListSync/Business1/Nucleus-2025-12-23.1618.7692.3.aodl┋20251223T231847.154000000┋2025-12-24T07:18:47.154+08:00 AuthPlatformHttpRequest.cpp:AuthLibrary::AuthPlatformHttpRequest::Wait;
⇳
./logs/programs/OneDrive/Local/Microsoft/OneDrive/logs/ListSync/Business1/Nucleus-2025-12-23.1618.7692.3.aodl┋20251223T231847.154000000┋2025-12-24T07:18:47.154+08:00 AuthenticationProvider.cpp:Nucleus::Auth::AuthenticationProvider::AcquireTokenInternalWorker; https://onedrive.live.com
⇳
./logs/programs/OneDrive/Local/Microsoft/OneDrive/logs/ListSync/Business1/Nucleus-2025-12-23.1618.7692.3.aodl┋20251223T231847.154000000┋2025-12-24T07:18:47.154+08:00 AuthenticationProvider.cpp:Nucleus::Auth::AuthenticationProvider::AcquireTokenInternalWorker;
⇳
./logs/programs/OneDrive/Local/Microsoft/OneDrive/logs/ListSync/Business1/Nucleus-2025-12-23.1618.7692.3.aodl┋20251223T231847.154000000┋2025-12-24T07:18:47.154+08:00 OAuthCredentialCache.cpp:OAuth::CredentialCache::GetCredential; https://onedrive.live.com
⇳
./logs/programs/OneDrive/Local/Microsoft/OneDrive/logs/ListSync/Business1/Nucleus-2025-12-23.1618.7692.3.aodl┋20251223T231847.154000000┋2025-12-24T07:18:47.154+08:00 AuthenticationProvider.cpp:Nucleus::Auth::AuthenticationProvider::AcquireTokenInternalWorker;
⇳
./logs/programs/OneDrive/Local/Microsoft/OneDrive/logs/ListSync/Business1/Nucleus-2025-12-23.1618.7692.3.aodl┋20251223T231847.154000000┋2025-12-24T07:18:47.154+08:00 OneAuthAuthenticator.cpp:Nucleus::Auth::OneAuthAuthenticator::GetAccountFromAccountHint;
⇳
./logs/programs/OneDrive/Local/Microsoft/OneDrive/logs/ListSync/Business1/Nucleus-2025-12-23.1618.7692.3.aodl┋20251223T231847.154000000┋2025-12-24T07:18:47.154+08:00 OneAuthApi.cpp:Nucleus::Auth::OneAuthApi::ReadAllAccounts;
⇳
./logs/programs/OneDrive/Local/Microsoft/OneDrive/logs/ListSync/Business1/Nucleus-2025-12-23.1618.7692.3.aodl┋20251223T231847.154000000┋2025-12-24T07:18:47.154+08:00 OneAuthAuthenticator.cpp:Nucleus::Auth::OneAuthAuthenticator::GetAuthParameters;
⇳
./logs/programs/OneDrive/Local/Microsoft/OneDrive/logs/ListSync/Business1/Nucleus-2025-12-23.1618.7692.3.aodl┋20251223T231847.154000000┋2025-12-24T07:18:47.154+08:00 OneAuthAuthenticator.cpp:Nucleus::Auth::OneAuthAuthenticator::AcquireTokenSilentlyInternal;
⇳
./logs/programs/OneDrive/Local/Microsoft/OneDrive/logs/ListSync/Business1/Nucleus-2025-12-23.1618.7692.3.aodl┋20251223T231847.155000000┋2025-12-24T07:18:47.155+08:00 AuthenticationProvider.cpp:Nucleus::Auth::AuthenticationProvider::HandleAcquireTokenSilentlyException;
⇳
./logs/programs/OneDrive/Local/Microsoft/OneDrive/logs/ListSync/Business1/Nucleus-2025-12-23.1618.7692.3.aodl┋20251223T231847.155000000┋2025-12-24T07:18:47.155+08:00 AuthenticationScenarioTelemetry.cpp:Nucleus::Auth::AuthenticationScenarioTelemetry::Report; AuthSignIn AuthAcquireTokenSilently UnexpectedFailure No available AAD accounts, aborting sign in. https://onedrive.live.com OneAuth
⇳
./logs/programs/OneDrive/Local/Microsoft/OneDrive/logs/ListSync/Business1/Nucleus-2025-12-23.1618.7692.3.aodl┋20251223T231847.155000000┋2025-12-24T07:18:47.155+08:00 LoggingTelemetrySession.cpp:LoggingTelemetrySession::ApplyASHATransform; AuthSignIn UnexpectedFailure
⇳
./logs/programs/OneDrive/Local/Microsoft/OneDrive/logs/ListSync/Business1/Nucleus-2025-12-23.1618.7692.3.aodl┋20251223T231847.155000000┋2025-12-24T07:18:47.155+08:00 LogUploaderServiceApi.cpp:LogUpload::LogUploaderService::LogUploaderServiceApi::GetAuthHeader;
⇳
./logs/programs/OneDrive/Local/Microsoft/OneDrive/logs/ListSync/Business1/Nucleus-2025-12-23.1618.7692.3.aodl┋20251223T231847.155000000┋2025-12-24T07:18:47.155+08:00 LogUploaderServiceApi.cpp:LogUpload::LogUploaderService::LogUploaderServiceApi::GetLogBatchUploadLocation;
⇳
./logs/programs/OneDrive/Local/Microsoft/OneDrive/logs/ListSync/Business1/Nucleus-2025-12-23.1618.7692.3.aodl┋20251223T231847.155000000┋2025-12-24T07:18:47.155+08:00 NucleusLogUploader.cpp:Nucleus::System::NucleusEnvironmentLogUploaderConfig::Report; LogUpload LogUpload Success
⇳
./logs/programs/OneDrive/Local/Microsoft/OneDrive/logs/ListSync/Business1/Nucleus-2025-12-23.1618.7692.3.aodl┋20251223T231847.155000000┋2025-12-24T07:18:47.155+08:00 LogUploader2.cpp:LogUpload::LogUploader2::LogBatchIsReady;
⇳
./logs/programs/OneDrive/Local/Microsoft/OneDrive/logs/ListSync/Business1/Nucleus-2025-12-23.1618.7692.3.aodl┋20251223T231857.170000000┋2025-12-24T07:18:57.170+08:00 WorkerThreadPool.cpp:WorkerThreadPool::OnThreadExiting; AuthenticationProviderThreadPool
⇳
./logs/programs/OneDrive/Local/Microsoft/OneDrive/logs/ListSync/Business1/Nucleus-2025-12-23.1618.7692.3.aodl┋20251223T231857.170000000┋2025-12-24T07:18:57.170+08:00 WorkerThreadPool.cpp:WorkerThreadPool::OnThreadExiting; AuthenticationProviderThreadPool
⇳
