{"mean":{"confidence_interval":{"confidence_level":0.95,"lower_bound":-0.005061126097125484,"upper_bound":0.0026345543144853816},"point_estimate":-0.0009501245548596549,"standard_error":0.001961527541523483},"median":{"confidence_interval":{"confidence_level":0.95,"lower_bound":-0.0024450117066168175,"upper_bound":0.0011530985241614555},"point_estimate":-0.0012575014103847204,"standard_error":0.0009111805151818899}}