{"mean":{"confidence_interval":{"confidence_level":0.95,"lower_bound":-0.00811794069746124,"upper_bound":0.0062480030230113205},"point_estimate":-0.0014453103109967058,"standard_error":0.003659191472652485},"median":{"confidence_interval":{"confidence_level":0.95,"lower_bound":-0.0004948128003422481,"upper_bound":0.0025134130760708917},"point_estimate":0.0012372198383632238,"standard_error":0.0007829657535441763}}