{"mean":{"confidence_interval":{"confidence_level":0.95,"lower_bound":-0.011212601063918975,"upper_bound":-0.003515733216148382},"point_estimate":-0.007433737237574678,"standard_error":0.001948164042555199},"median":{"confidence_interval":{"confidence_level":0.95,"lower_bound":-0.007548582614919641,"upper_bound":-0.003444390364090173},"point_estimate":-0.005517227921922108,"standard_error":0.0010571219497233562}}