{"mean":{"confidence_interval":{"confidence_level":0.95,"lower_bound":-0.002247312937767709,"upper_bound":0.0013834717243937141},"point_estimate":-0.000367608075664716,"standard_error":0.0009265102273322656},"median":{"confidence_interval":{"confidence_level":0.95,"lower_bound":-0.00086853637261608,"upper_bound":0.0013591090089775104},"point_estimate":0.00028890280203741625,"standard_error":0.0005751921049723464}}