{"mean":{"confidence_interval":{"confidence_level":0.95,"lower_bound":0.0006446721452277182,"upper_bound":0.014856284777874639},"point_estimate":0.008221089818011063,"standard_error":0.003623700066974509},"median":{"confidence_interval":{"confidence_level":0.95,"lower_bound":0.008669469699584154,"upper_bound":0.02262259468103195},"point_estimate":0.015618202693229888,"standard_error":0.00379733464835861}}