{"mean":{"confidence_interval":{"confidence_level":0.95,"lower_bound":-0.04510864629264024,"upper_bound":-0.018483538904566534},"point_estimate":-0.031168132340678834,"standard_error":0.006808511346194951},"median":{"confidence_interval":{"confidence_level":0.95,"lower_bound":-0.017625644025470916,"upper_bound":-0.006378083296536534},"point_estimate":-0.011540942896092421,"standard_error":0.002875499098820311}}