{"mean":{"confidence_interval":{"confidence_level":0.95,"lower_bound":-0.005426938625570897,"upper_bound":0.015336409935027943},"point_estimate":0.004734876249759434,"standard_error":0.005356278350354708},"median":{"confidence_interval":{"confidence_level":0.95,"lower_bound":-0.000525708060814902,"upper_bound":0.004693053574049836},"point_estimate":0.0011992734027574947,"standard_error":0.001395900596589533}}