{"mean":{"confidence_interval":{"confidence_level":0.95,"lower_bound":-0.013614905010550857,"upper_bound":0.011228387598670269},"point_estimate":-0.0017566938244426566,"standard_error":0.006355622158085706},"median":{"confidence_interval":{"confidence_level":0.95,"lower_bound":-0.02557698795114849,"upper_bound":0.006186888093310028},"point_estimate":-0.009452660700873028,"standard_error":0.007950812696502451}}