2026-07-14 18:44:35, Info                  [0x000000] VERBOSESETTINGS: Found edition ID: Professional
2026-07-14 18:44:35, Info                  [0x000000] Onesettings: Querying Prod server settings-win.data.microsoft.com
2026-07-14 18:44:36, Info                  [0x000000] VERBOSESETTINGS: Succeeded in creating OneSetting interface
2026-07-14 18:44:36, Info                  [0x000000] VERBOSESETTINGS: Before OneSettings default ON for client: Yes
2026-07-14 18:44:36, Info                  [0x000000] VERBOSESETTINGS: After OneSettings default ON for client: Yes
2026-07-14 18:44:36, Info                  [0x000000] VERBOSESETTINGS: Before OneSettings default ON for server: No
2026-07-14 18:44:36, Info                  [0x000000] VERBOSESETTINGS: After OneSettings default ON for server: No
2026-07-14 18:44:36, Info                  [0x000000] VERBOSESETTINGS: Before OneSettings default minimum volume size (GiB): 200
2026-07-14 18:44:36, Info                  [0x000000] VERBOSESETTINGS: After OneSettings default minimum volume size (GiB): 200
2026-07-14 18:44:36, Info                  [0x000000] VERBOSESETTINGS: Before OneSettings default reboot delay: 30
2026-07-14 18:44:36, Info                  [0x000000] VERBOSESETTINGS: After OneSettings default reboot delay: 30
2026-07-14 18:44:36, Info                  [0x000000] VERBOSESETTINGS: Before OneSettings default snapshot interval: 1440
2026-07-14 18:44:36, Info                  [0x000000] VERBOSESETTINGS: After OneSettings default snapshot interval: 1440
2026-07-14 18:44:36, Info                  [0x000000] VERBOSESETTINGS: Before OneSettings default snapshot max count: -1
2026-07-14 18:44:36, Info                  [0x000000] VERBOSESETTINGS: After OneSettings default snapshot max count: -1
2026-07-14 18:44:36, Info                  [0x000000] VERBOSESETTINGS: Before OneSettings default snapshot max timespan: 4320
2026-07-14 18:44:36, Info                  [0x000000] VERBOSESETTINGS: After OneSettings default snapshot max timespan: 4320
2026-07-14 18:44:36, Info                  [0x000000] VERBOSESETTINGS: Before OneSettings default snapshot global size (MiB): 3072
2026-07-14 18:44:36, Info                  [0x000000] VERBOSESETTINGS: After OneSettings default snapshot global size (MiB): 3072
2026-07-14 18:44:36, Info                  [0x000000] VERBOSESETTINGS: Before OneSettings default snapshot global size percentage: 2
2026-07-14 18:44:36, Info                  [0x000000] VERBOSESETTINGS: After OneSettings default snapshot global size percentage: 2
2026-07-14 18:44:36, Info                  [0x000000] VERBOSESETTINGS: Before OneSettings default snapshot global size min value (MiB): 2048
2026-07-14 18:44:36, Info                  [0x000000] VERBOSESETTINGS: After OneSettings default snapshot global size min value (MiB): 2048
2026-07-14 18:44:36, Info                  [0x000000] VERBOSESETTINGS: Before OneSettings default snapshot global size max value (MiB): 51200
2026-07-14 18:44:36, Info                  [0x000000] VERBOSESETTINGS: After OneSettings default snapshot global size max value (MiB): 51200
2026-07-14 18:44:36, Info                  [0x000000] Total bytes on volume C:\WINDOWS: 1967930736640
2026-07-14 18:44:36, Info                  [0x000000] DetectManagedStatus: OS Edition: Professional
2026-07-14 18:44:36, Info                  [0x000000] DetectManagedStatus: Professional edition detected, need to further check managed status
2026-07-14 18:44:37, Info                  [0x000000] DetectDomainJoinStatus: Entra joined status: false
2026-07-14 18:44:37, Info                  [0x000000] DetectDomainJoinStatus: AD joined status: false
2026-07-14 18:44:37, Info                  [0x000000] DetectManagedStatus: Detected device management statuses:
2026-07-14 18:44:37, Info                  [0x000000] DetectManagedStatus:    WU Managed: false
2026-07-14 18:44:37, Info                  [0x000000] DetectManagedStatus:    Domain Joined: false
2026-07-14 18:44:37, Info                  [0x000000] DetectManagedStatus:    MDM Enrolled: false
2026-07-14 18:44:37, Info                  [0x000000] DetectManagedStatus: No management signal detected, consider this is an unmanaged device
2026-07-14 18:44:37, Info                  [0x000000] DefaultEnabled: Device is not managed
2026-07-14 18:44:37, Info                  [0x000000] VERSIONTRACK: Will return settings interface version 2
2026-07-14 18:44:37, Info                  [0x000000] Onesettings: Querying Prod server settings-win.data.microsoft.com
2026-07-14 18:44:37, Info                  [0x000000] CPITRTaskHandler::IsSnapshotCreationAllowed: Snapshot creation is allowed
2026-07-14 18:44:39, Info                  [0x000000] CPITRTaskHandler::Worker: Created snapshot with ID: {B08918D3-4EFA-4BD5-8B26-FF0CE534C27B}
2026-07-14 18:44:39, Info                  [0x000000] CPITRBase::UpdateScheduledTask: Time from latest snapshot : 0
2026-07-14 18:44:39, Info                  [0x000000] CPITRBase::UpdateScheduledTask: System uptime             : 177
2026-07-14 18:44:39, Info                  [0x000000] CPITRBase::UpdateScheduledTask: Time to next snapshot     : 1440
2026-07-14 18:44:39, Info                  [0x000000] CPITRBase::ReschedulePITRTask: Will reschedule task to start at: 2026-07-15T18:44:39
2026-07-14 18:44:39, Info                  [0x000000] CPITRBase::UpdateScheduledTask: Successfully rescheduled task
2026-07-14 18:44:39, Info                  [0x000000] CPITRBase::UpdateScheduledTask: Successfully set VSS limit to 37535 MB
2026-07-15 18:44:39, Info                  [0x000000] VERBOSESETTINGS: Found edition ID: Professional
2026-07-15 18:44:39, Info                  [0x000000] Onesettings: Querying Prod server settings-win.data.microsoft.com
2026-07-15 18:44:40, Info                  [0x000000] VERBOSESETTINGS: Succeeded in creating OneSetting interface
2026-07-15 18:44:40, Info                  [0x000000] VERBOSESETTINGS: Before OneSettings default ON for client: Yes
2026-07-15 18:44:40, Info                  [0x000000] VERBOSESETTINGS: After OneSettings default ON for client: Yes
2026-07-15 18:44:40, Info                  [0x000000] VERBOSESETTINGS: Before OneSettings default ON for server: No
2026-07-15 18:44:40, Info                  [0x000000] VERBOSESETTINGS: After OneSettings default ON for server: No
2026-07-15 18:44:40, Info                  [0x000000] VERBOSESETTINGS: Before OneSettings default minimum volume size (GiB): 200
2026-07-15 18:44:40, Info                  [0x000000] VERBOSESETTINGS: After OneSettings default minimum volume size (GiB): 200
2026-07-15 18:44:40, Info                  [0x000000] VERBOSESETTINGS: Before OneSettings default reboot delay: 30
2026-07-15 18:44:40, Info                  [0x000000] VERBOSESETTINGS: After OneSettings default reboot delay: 30
2026-07-15 18:44:40, Info                  [0x000000] VERBOSESETTINGS: Before OneSettings default snapshot interval: 1440
2026-07-15 18:44:40, Info                  [0x000000] VERBOSESETTINGS: After OneSettings default snapshot interval: 1440
2026-07-15 18:44:40, Info                  [0x000000] VERBOSESETTINGS: Before OneSettings default snapshot max count: -1
2026-07-15 18:44:40, Info                  [0x000000] VERBOSESETTINGS: After OneSettings default snapshot max count: -1
2026-07-15 18:44:40, Info                  [0x000000] VERBOSESETTINGS: Before OneSettings default snapshot max timespan: 4320
2026-07-15 18:44:40, Info                  [0x000000] VERBOSESETTINGS: After OneSettings default snapshot max timespan: 4320
2026-07-15 18:44:40, Info                  [0x000000] VERBOSESETTINGS: Before OneSettings default snapshot global size (MiB): 3072
2026-07-15 18:44:40, Info                  [0x000000] VERBOSESETTINGS: After OneSettings default snapshot global size (MiB): 3072
2026-07-15 18:44:40, Info                  [0x000000] VERBOSESETTINGS: Before OneSettings default snapshot global size percentage: 2
2026-07-15 18:44:40, Info                  [0x000000] VERBOSESETTINGS: After OneSettings default snapshot global size percentage: 2
2026-07-15 18:44:40, Info                  [0x000000] VERBOSESETTINGS: Before OneSettings default snapshot global size min value (MiB): 2048
2026-07-15 18:44:40, Info                  [0x000000] VERBOSESETTINGS: After OneSettings default snapshot global size min value (MiB): 2048
2026-07-15 18:44:40, Info                  [0x000000] VERBOSESETTINGS: Before OneSettings default snapshot global size max value (MiB): 51200
2026-07-15 18:44:40, Info                  [0x000000] VERBOSESETTINGS: After OneSettings default snapshot global size max value (MiB): 51200
2026-07-15 18:44:40, Info                  [0x000000] Total bytes on volume C:\WINDOWS: 1967930736640
2026-07-15 18:44:40, Info                  [0x000000] DetectManagedStatus: OS Edition: Professional
2026-07-15 18:44:40, Info                  [0x000000] DetectManagedStatus: Professional edition detected, need to further check managed status
2026-07-15 18:44:40, Info                  [0x000000] DetectDomainJoinStatus: Entra joined status: false
2026-07-15 18:44:40, Info                  [0x000000] DetectDomainJoinStatus: AD joined status: false
2026-07-15 18:44:40, Info                  [0x000000] DetectManagedStatus: Detected device management statuses:
2026-07-15 18:44:40, Info                  [0x000000] DetectManagedStatus:    WU Managed: false
2026-07-15 18:44:40, Info                  [0x000000] DetectManagedStatus:    Domain Joined: false
2026-07-15 18:44:40, Info                  [0x000000] DetectManagedStatus:    MDM Enrolled: false
2026-07-15 18:44:40, Info                  [0x000000] DetectManagedStatus: No management signal detected, consider this is an unmanaged device
2026-07-15 18:44:40, Info                  [0x000000] DefaultEnabled: Device is not managed
2026-07-15 18:44:40, Info                  [0x000000] VERSIONTRACK: Will return settings interface version 2
2026-07-15 18:44:40, Info                  [0x000000] Onesettings: Querying Prod server settings-win.data.microsoft.com
2026-07-15 18:44:40, Info                  [0x000000] CPITRTaskHandler::IsSnapshotCreationAllowed: Snapshot creation is allowed
2026-07-15 18:44:42, Info                  [0x000000] CPITRTaskHandler::Worker: Created snapshot with ID: {45524E3B-6074-4F68-9B6D-C65674437A03}
2026-07-15 18:44:42, Info                  [0x000000] CPITRBase::UpdateScheduledTask: Time from latest snapshot : 0
2026-07-15 18:44:42, Info                  [0x000000] CPITRBase::UpdateScheduledTask: System uptime             : 1618
2026-07-15 18:44:42, Info                  [0x000000] CPITRBase::UpdateScheduledTask: Time to next snapshot     : 1440
2026-07-15 18:44:42, Info                  [0x000000] CPITRBase::ReschedulePITRTask: Will reschedule task to start at: 2026-07-16T18:44:42
2026-07-15 18:44:42, Info                  [0x000000] CPITRBase::UpdateScheduledTask: Successfully rescheduled task
2026-07-15 18:44:42, Info                  [0x000000] CPITRBase::UpdateScheduledTask: Successfully set VSS limit to 37535 MB
2026-07-15 18:44:42, Info                  [0x000000] CPITRBase::CleanupSnapshots: Snapshot {B08918D3-4EFA-4BD5-8B26-FF0CE534C27B} is no longer present, will remove the metadata
2026-07-15 18:44:42, Warning               [0x000000] VssDeleteSnapshot: Target snapshot doesn't exist, assume it's already removed
2026-07-16 18:44:42, Info                  [0x000000] VERBOSESETTINGS: Found edition ID: Professional
2026-07-16 18:44:42, Info                  [0x000000] Onesettings: Querying Prod server settings-win.data.microsoft.com
2026-07-16 18:44:43, Info                  [0x000000] VERBOSESETTINGS: Succeeded in creating OneSetting interface
2026-07-16 18:44:43, Info                  [0x000000] VERBOSESETTINGS: Before OneSettings default ON for client: Yes
2026-07-16 18:44:43, Info                  [0x000000] VERBOSESETTINGS: After OneSettings default ON for client: Yes
2026-07-16 18:44:43, Info                  [0x000000] VERBOSESETTINGS: Before OneSettings default ON for server: No
2026-07-16 18:44:43, Info                  [0x000000] VERBOSESETTINGS: After OneSettings default ON for server: No
2026-07-16 18:44:43, Info                  [0x000000] VERBOSESETTINGS: Before OneSettings default minimum volume size (GiB): 200
2026-07-16 18:44:43, Info                  [0x000000] VERBOSESETTINGS: After OneSettings default minimum volume size (GiB): 200
2026-07-16 18:44:43, Info                  [0x000000] VERBOSESETTINGS: Before OneSettings default reboot delay: 30
2026-07-16 18:44:43, Info                  [0x000000] VERBOSESETTINGS: After OneSettings default reboot delay: 30
2026-07-16 18:44:43, Info                  [0x000000] VERBOSESETTINGS: Before OneSettings default snapshot interval: 1440
2026-07-16 18:44:43, Info                  [0x000000] VERBOSESETTINGS: After OneSettings default snapshot interval: 1440
2026-07-16 18:44:43, Info                  [0x000000] VERBOSESETTINGS: Before OneSettings default snapshot max count: -1
2026-07-16 18:44:43, Info                  [0x000000] VERBOSESETTINGS: After OneSettings default snapshot max count: -1
2026-07-16 18:44:43, Info                  [0x000000] VERBOSESETTINGS: Before OneSettings default snapshot max timespan: 4320
2026-07-16 18:44:43, Info                  [0x000000] VERBOSESETTINGS: After OneSettings default snapshot max timespan: 4320
2026-07-16 18:44:43, Info                  [0x000000] VERBOSESETTINGS: Before OneSettings default snapshot global size (MiB): 3072
2026-07-16 18:44:43, Info                  [0x000000] VERBOSESETTINGS: After OneSettings default snapshot global size (MiB): 3072
2026-07-16 18:44:43, Info                  [0x000000] VERBOSESETTINGS: Before OneSettings default snapshot global size percentage: 2
2026-07-16 18:44:43, Info                  [0x000000] VERBOSESETTINGS: After OneSettings default snapshot global size percentage: 2
2026-07-16 18:44:43, Info                  [0x000000] VERBOSESETTINGS: Before OneSettings default snapshot global size min value (MiB): 2048
2026-07-16 18:44:43, Info                  [0x000000] VERBOSESETTINGS: After OneSettings default snapshot global size min value (MiB): 2048
2026-07-16 18:44:43, Info                  [0x000000] VERBOSESETTINGS: Before OneSettings default snapshot global size max value (MiB): 51200
2026-07-16 18:44:43, Info                  [0x000000] VERBOSESETTINGS: After OneSettings default snapshot global size max value (MiB): 51200
2026-07-16 18:44:43, Info                  [0x000000] Total bytes on volume C:\WINDOWS: 1967930736640
2026-07-16 18:44:43, Info                  [0x000000] DetectManagedStatus: OS Edition: Professional
2026-07-16 18:44:43, Info                  [0x000000] DetectManagedStatus: Professional edition detected, need to further check managed status
2026-07-16 18:44:43, Info                  [0x000000] DetectDomainJoinStatus: Entra joined status: false
2026-07-16 18:44:43, Info                  [0x000000] DetectDomainJoinStatus: AD joined status: false
2026-07-16 18:44:43, Info                  [0x000000] DetectManagedStatus: Detected device management statuses:
2026-07-16 18:44:43, Info                  [0x000000] DetectManagedStatus:    WU Managed: false
2026-07-16 18:44:43, Info                  [0x000000] DetectManagedStatus:    Domain Joined: false
2026-07-16 18:44:43, Info                  [0x000000] DetectManagedStatus:    MDM Enrolled: false
2026-07-16 18:44:43, Info                  [0x000000] DetectManagedStatus: No management signal detected, consider this is an unmanaged device
2026-07-16 18:44:43, Info                  [0x000000] DefaultEnabled: Device is not managed
2026-07-16 18:44:43, Info                  [0x000000] VERSIONTRACK: Will return settings interface version 2
2026-07-16 18:44:43, Info                  [0x000000] Onesettings: Querying Prod server settings-win.data.microsoft.com
2026-07-16 18:44:43, Info                  [0x000000] CPITRTaskHandler::IsSnapshotCreationAllowed: Snapshot creation is allowed
2026-07-16 18:44:45, Info                  [0x000000] CPITRTaskHandler::Worker: Created snapshot with ID: {72E5E72E-069A-4CEE-AD3D-67010164CD3F}
2026-07-16 18:44:45, Info                  [0x000000] CPITRBase::UpdateScheduledTask: Time from latest snapshot : 0
2026-07-16 18:44:45, Info                  [0x000000] CPITRBase::UpdateScheduledTask: System uptime             : 3058
2026-07-16 18:44:45, Info                  [0x000000] CPITRBase::UpdateScheduledTask: Time to next snapshot     : 1440
2026-07-16 18:44:45, Info                  [0x000000] CPITRBase::ReschedulePITRTask: Will reschedule task to start at: 2026-07-17T18:44:45
2026-07-16 18:44:45, Info                  [0x000000] CPITRBase::UpdateScheduledTask: Successfully rescheduled task
2026-07-16 18:44:45, Info                  [0x000000] CPITRBase::UpdateScheduledTask: Successfully set VSS limit to 37535 MB
2026-07-17 18:44:45, Info                  [0x000000] VERBOSESETTINGS: Found edition ID: Professional
2026-07-17 18:44:45, Info                  [0x000000] Onesettings: Querying Prod server settings-win.data.microsoft.com
2026-07-17 18:44:45, Info                  [0x000000] VERBOSESETTINGS: Succeeded in creating OneSetting interface
2026-07-17 18:44:45, Info                  [0x000000] VERBOSESETTINGS: Before OneSettings default ON for client: Yes
2026-07-17 18:44:45, Info                  [0x000000] VERBOSESETTINGS: After OneSettings default ON for client: Yes
2026-07-17 18:44:45, Info                  [0x000000] VERBOSESETTINGS: Before OneSettings default ON for server: No
2026-07-17 18:44:45, Info                  [0x000000] VERBOSESETTINGS: After OneSettings default ON for server: No
2026-07-17 18:44:45, Info                  [0x000000] VERBOSESETTINGS: Before OneSettings default minimum volume size (GiB): 200
2026-07-17 18:44:45, Info                  [0x000000] VERBOSESETTINGS: After OneSettings default minimum volume size (GiB): 200
2026-07-17 18:44:45, Info                  [0x000000] VERBOSESETTINGS: Before OneSettings default reboot delay: 30
2026-07-17 18:44:45, Info                  [0x000000] VERBOSESETTINGS: After OneSettings default reboot delay: 30
2026-07-17 18:44:45, Info                  [0x000000] VERBOSESETTINGS: Before OneSettings default snapshot interval: 1440
2026-07-17 18:44:45, Info                  [0x000000] VERBOSESETTINGS: After OneSettings default snapshot interval: 1440
2026-07-17 18:44:45, Info                  [0x000000] VERBOSESETTINGS: Before OneSettings default snapshot max count: -1
2026-07-17 18:44:45, Info                  [0x000000] VERBOSESETTINGS: After OneSettings default snapshot max count: -1
2026-07-17 18:44:45, Info                  [0x000000] VERBOSESETTINGS: Before OneSettings default snapshot max timespan: 4320
2026-07-17 18:44:45, Info                  [0x000000] VERBOSESETTINGS: After OneSettings default snapshot max timespan: 4320
2026-07-17 18:44:45, Info                  [0x000000] VERBOSESETTINGS: Before OneSettings default snapshot global size (MiB): 3072
2026-07-17 18:44:45, Info                  [0x000000] VERBOSESETTINGS: After OneSettings default snapshot global size (MiB): 3072
2026-07-17 18:44:45, Info                  [0x000000] VERBOSESETTINGS: Before OneSettings default snapshot global size percentage: 2
2026-07-17 18:44:45, Info                  [0x000000] VERBOSESETTINGS: After OneSettings default snapshot global size percentage: 2
2026-07-17 18:44:45, Info                  [0x000000] VERBOSESETTINGS: Before OneSettings default snapshot global size min value (MiB): 2048
2026-07-17 18:44:45, Info                  [0x000000] VERBOSESETTINGS: After OneSettings default snapshot global size min value (MiB): 2048
2026-07-17 18:44:45, Info                  [0x000000] VERBOSESETTINGS: Before OneSettings default snapshot global size max value (MiB): 51200
2026-07-17 18:44:45, Info                  [0x000000] VERBOSESETTINGS: After OneSettings default snapshot global size max value (MiB): 51200
2026-07-17 18:44:45, Info                  [0x000000] Total bytes on volume C:\WINDOWS: 1967930736640
2026-07-17 18:44:45, Info                  [0x000000] DetectManagedStatus: OS Edition: Professional
2026-07-17 18:44:45, Info                  [0x000000] DetectManagedStatus: Professional edition detected, need to further check managed status
2026-07-17 18:44:45, Info                  [0x000000] DetectDomainJoinStatus: Entra joined status: false
2026-07-17 18:44:45, Info                  [0x000000] DetectDomainJoinStatus: AD joined status: false
2026-07-17 18:44:45, Info                  [0x000000] DetectManagedStatus: Detected device management statuses:
2026-07-17 18:44:45, Info                  [0x000000] DetectManagedStatus:    WU Managed: false
2026-07-17 18:44:45, Info                  [0x000000] DetectManagedStatus:    Domain Joined: false
2026-07-17 18:44:45, Info                  [0x000000] DetectManagedStatus:    MDM Enrolled: false
2026-07-17 18:44:45, Info                  [0x000000] DetectManagedStatus: No management signal detected, consider this is an unmanaged device
2026-07-17 18:44:45, Info                  [0x000000] DefaultEnabled: Device is not managed
2026-07-17 18:44:45, Info                  [0x000000] VERSIONTRACK: Will return settings interface version 2
2026-07-17 18:44:45, Info                  [0x000000] Onesettings: Querying Prod server settings-win.data.microsoft.com
2026-07-17 18:44:45, Info                  [0x000000] CPITRTaskHandler::IsSnapshotCreationAllowed: Snapshot creation is allowed
2026-07-17 18:44:47, Info                  [0x000000] CPITRTaskHandler::Worker: Created snapshot with ID: {C009F3BA-99E7-4596-AE37-6A071699C09C}
2026-07-17 18:44:47, Info                  [0x000000] CPITRBase::UpdateScheduledTask: Time from latest snapshot : 0
2026-07-17 18:44:47, Info                  [0x000000] CPITRBase::UpdateScheduledTask: System uptime             : 4498
2026-07-17 18:44:47, Info                  [0x000000] CPITRBase::UpdateScheduledTask: Time to next snapshot     : 1440
2026-07-17 18:44:47, Info                  [0x000000] CPITRBase::ReschedulePITRTask: Will reschedule task to start at: 2026-07-18T18:44:47
2026-07-17 18:44:47, Info                  [0x000000] CPITRBase::UpdateScheduledTask: Successfully rescheduled task
2026-07-17 18:44:47, Info                  [0x000000] CPITRBase::UpdateScheduledTask: Successfully set VSS limit to 37535 MB
2026-07-17 18:44:47, Info                  [0x000000] CPITRBase::CleanupSnapshots: Snapshot {45524E3B-6074-4F68-9B6D-C65674437A03} is no longer present, will remove the metadata
2026-07-17 18:44:47, Warning               [0x000000] VssDeleteSnapshot: Target snapshot doesn't exist, assume it's already removed
2026-07-17 18:44:47, Info                  [0x000000] CPITRBase::CleanupSnapshots: Snapshot {72E5E72E-069A-4CEE-AD3D-67010164CD3F} is no longer present, will remove the metadata
2026-07-17 18:44:47, Warning               [0x000000] VssDeleteSnapshot: Target snapshot doesn't exist, assume it's already removed
2026-07-18 18:45:00, Info                  [0x000000] VERBOSESETTINGS: Found edition ID: Professional
2026-07-18 18:45:00, Info                  [0x000000] Onesettings: Querying Prod server settings-win.data.microsoft.com
2026-07-18 18:45:01, Info                  [0x000000] VERBOSESETTINGS: Succeeded in creating OneSetting interface
2026-07-18 18:45:01, Info                  [0x000000] VERBOSESETTINGS: Before OneSettings default ON for client: Yes
2026-07-18 18:45:01, Info                  [0x000000] VERBOSESETTINGS: After OneSettings default ON for client: Yes
2026-07-18 18:45:01, Info                  [0x000000] VERBOSESETTINGS: Before OneSettings default ON for server: No
2026-07-18 18:45:01, Info                  [0x000000] VERBOSESETTINGS: After OneSettings default ON for server: No
2026-07-18 18:45:01, Info                  [0x000000] VERBOSESETTINGS: Before OneSettings default minimum volume size (GiB): 200
2026-07-18 18:45:01, Info                  [0x000000] VERBOSESETTINGS: After OneSettings default minimum volume size (GiB): 200
2026-07-18 18:45:01, Info                  [0x000000] VERBOSESETTINGS: Before OneSettings default reboot delay: 30
2026-07-18 18:45:01, Info                  [0x000000] VERBOSESETTINGS: After OneSettings default reboot delay: 30
2026-07-18 18:45:01, Info                  [0x000000] VERBOSESETTINGS: Before OneSettings default snapshot interval: 1440
2026-07-18 18:45:01, Info                  [0x000000] VERBOSESETTINGS: After OneSettings default snapshot interval: 1440
2026-07-18 18:45:01, Info                  [0x000000] VERBOSESETTINGS: Before OneSettings default snapshot max count: -1
2026-07-18 18:45:01, Info                  [0x000000] VERBOSESETTINGS: After OneSettings default snapshot max count: -1
2026-07-18 18:45:01, Info                  [0x000000] VERBOSESETTINGS: Before OneSettings default snapshot max timespan: 4320
2026-07-18 18:45:01, Info                  [0x000000] VERBOSESETTINGS: After OneSettings default snapshot max timespan: 4320
2026-07-18 18:45:01, Info                  [0x000000] VERBOSESETTINGS: Before OneSettings default snapshot global size (MiB): 3072
2026-07-18 18:45:01, Info                  [0x000000] VERBOSESETTINGS: After OneSettings default snapshot global size (MiB): 3072
2026-07-18 18:45:01, Info                  [0x000000] VERBOSESETTINGS: Before OneSettings default snapshot global size percentage: 2
2026-07-18 18:45:01, Info                  [0x000000] VERBOSESETTINGS: After OneSettings default snapshot global size percentage: 2
2026-07-18 18:45:01, Info                  [0x000000] VERBOSESETTINGS: Before OneSettings default snapshot global size min value (MiB): 2048
2026-07-18 18:45:01, Info                  [0x000000] VERBOSESETTINGS: After OneSettings default snapshot global size min value (MiB): 2048
2026-07-18 18:45:01, Info                  [0x000000] VERBOSESETTINGS: Before OneSettings default snapshot global size max value (MiB): 51200
2026-07-18 18:45:01, Info                  [0x000000] VERBOSESETTINGS: After OneSettings default snapshot global size max value (MiB): 51200
2026-07-18 18:45:01, Info                  [0x000000] Total bytes on volume C:\WINDOWS: 1967930736640
2026-07-18 18:45:01, Info                  [0x000000] DetectManagedStatus: OS Edition: Professional
2026-07-18 18:45:01, Info                  [0x000000] DetectManagedStatus: Professional edition detected, need to further check managed status
2026-07-18 18:45:01, Info                  [0x000000] DetectDomainJoinStatus: Entra joined status: false
2026-07-18 18:45:01, Info                  [0x000000] DetectDomainJoinStatus: AD joined status: false
2026-07-18 18:45:01, Info                  [0x000000] DetectManagedStatus: Detected device management statuses:
2026-07-18 18:45:01, Info                  [0x000000] DetectManagedStatus:    WU Managed: false
2026-07-18 18:45:01, Info                  [0x000000] DetectManagedStatus:    Domain Joined: false
2026-07-18 18:45:01, Info                  [0x000000] DetectManagedStatus:    MDM Enrolled: false
2026-07-18 18:45:01, Info                  [0x000000] DetectManagedStatus: No management signal detected, consider this is an unmanaged device
2026-07-18 18:45:01, Info                  [0x000000] DefaultEnabled: Device is not managed
2026-07-18 18:45:01, Info                  [0x000000] VERSIONTRACK: Will return settings interface version 2
2026-07-18 18:45:01, Info                  [0x000000] Onesettings: Querying Prod server settings-win.data.microsoft.com
2026-07-18 18:45:01, Info                  [0x000000] CPITRTaskHandler::IsSnapshotCreationAllowed: Snapshot creation is allowed
2026-07-18 18:45:03, Info                  [0x000000] CPITRTaskHandler::Worker: Created snapshot with ID: {CC7B7833-3414-4F71-A0E8-60BB51C3719C}
2026-07-18 18:45:03, Info                  [0x000000] CPITRBase::UpdateScheduledTask: Time from latest snapshot : 0
2026-07-18 18:45:03, Info                  [0x000000] CPITRBase::UpdateScheduledTask: System uptime             : 5938
2026-07-18 18:45:03, Info                  [0x000000] CPITRBase::UpdateScheduledTask: Time to next snapshot     : 1440
2026-07-18 18:45:03, Info                  [0x000000] CPITRBase::ReschedulePITRTask: Will reschedule task to start at: 2026-07-19T18:45:03
2026-07-18 18:45:03, Info                  [0x000000] CPITRBase::UpdateScheduledTask: Successfully rescheduled task
2026-07-18 18:45:03, Info                  [0x000000] CPITRBase::UpdateScheduledTask: Successfully set VSS limit to 37535 MB
2026-07-18 18:45:03, Info                  [0x000000] CPITRBase::CleanupSnapshots: Snapshot {C009F3BA-99E7-4596-AE37-6A071699C09C} is no longer present, will remove the metadata
2026-07-18 18:45:03, Warning               [0x000000] VssDeleteSnapshot: Target snapshot doesn't exist, assume it's already removed
2026-07-19 18:45:03, Info                  [0x000000] VERBOSESETTINGS: Found edition ID: Professional
2026-07-19 18:45:03, Info                  [0x000000] Onesettings: Querying Prod server settings-win.data.microsoft.com
2026-07-19 18:45:04, Info                  [0x000000] VERBOSESETTINGS: Succeeded in creating OneSetting interface
2026-07-19 18:45:04, Info                  [0x000000] VERBOSESETTINGS: Before OneSettings default ON for client: Yes
2026-07-19 18:45:04, Info                  [0x000000] VERBOSESETTINGS: After OneSettings default ON for client: Yes
2026-07-19 18:45:04, Info                  [0x000000] VERBOSESETTINGS: Before OneSettings default ON for server: No
2026-07-19 18:45:04, Info                  [0x000000] VERBOSESETTINGS: After OneSettings default ON for server: No
2026-07-19 18:45:04, Info                  [0x000000] VERBOSESETTINGS: Before OneSettings default minimum volume size (GiB): 200
2026-07-19 18:45:04, Info                  [0x000000] VERBOSESETTINGS: After OneSettings default minimum volume size (GiB): 200
2026-07-19 18:45:04, Info                  [0x000000] VERBOSESETTINGS: Before OneSettings default reboot delay: 30
2026-07-19 18:45:04, Info                  [0x000000] VERBOSESETTINGS: After OneSettings default reboot delay: 30
2026-07-19 18:45:04, Info                  [0x000000] VERBOSESETTINGS: Before OneSettings default snapshot interval: 1440
2026-07-19 18:45:04, Info                  [0x000000] VERBOSESETTINGS: After OneSettings default snapshot interval: 1440
2026-07-19 18:45:04, Info                  [0x000000] VERBOSESETTINGS: Before OneSettings default snapshot max count: -1
2026-07-19 18:45:04, Info                  [0x000000] VERBOSESETTINGS: After OneSettings default snapshot max count: -1
2026-07-19 18:45:04, Info                  [0x000000] VERBOSESETTINGS: Before OneSettings default snapshot max timespan: 4320
2026-07-19 18:45:04, Info                  [0x000000] VERBOSESETTINGS: After OneSettings default snapshot max timespan: 4320
2026-07-19 18:45:04, Info                  [0x000000] VERBOSESETTINGS: Before OneSettings default snapshot global size (MiB): 3072
2026-07-19 18:45:04, Info                  [0x000000] VERBOSESETTINGS: After OneSettings default snapshot global size (MiB): 3072
2026-07-19 18:45:04, Info                  [0x000000] VERBOSESETTINGS: Before OneSettings default snapshot global size percentage: 2
2026-07-19 18:45:04, Info                  [0x000000] VERBOSESETTINGS: After OneSettings default snapshot global size percentage: 2
2026-07-19 18:45:04, Info                  [0x000000] VERBOSESETTINGS: Before OneSettings default snapshot global size min value (MiB): 2048
2026-07-19 18:45:04, Info                  [0x000000] VERBOSESETTINGS: After OneSettings default snapshot global size min value (MiB): 2048
2026-07-19 18:45:04, Info                  [0x000000] VERBOSESETTINGS: Before OneSettings default snapshot global size max value (MiB): 51200
2026-07-19 18:45:04, Info                  [0x000000] VERBOSESETTINGS: After OneSettings default snapshot global size max value (MiB): 51200
2026-07-19 18:45:04, Info                  [0x000000] Total bytes on volume C:\WINDOWS: 1967930736640
2026-07-19 18:45:04, Info                  [0x000000] DetectManagedStatus: OS Edition: Professional
2026-07-19 18:45:04, Info                  [0x000000] DetectManagedStatus: Professional edition detected, need to further check managed status
2026-07-19 18:45:04, Info                  [0x000000] DetectDomainJoinStatus: Entra joined status: false
2026-07-19 18:45:04, Info                  [0x000000] DetectDomainJoinStatus: AD joined status: false
2026-07-19 18:45:04, Info                  [0x000000] DetectManagedStatus: Detected device management statuses:
2026-07-19 18:45:04, Info                  [0x000000] DetectManagedStatus:    WU Managed: false
2026-07-19 18:45:04, Info                  [0x000000] DetectManagedStatus:    Domain Joined: false
2026-07-19 18:45:04, Info                  [0x000000] DetectManagedStatus:    MDM Enrolled: false
2026-07-19 18:45:04, Info                  [0x000000] DetectManagedStatus: No management signal detected, consider this is an unmanaged device
2026-07-19 18:45:04, Info                  [0x000000] DefaultEnabled: Device is not managed
2026-07-19 18:45:04, Info                  [0x000000] VERSIONTRACK: Will return settings interface version 2
2026-07-19 18:45:04, Info                  [0x000000] Onesettings: Querying Prod server settings-win.data.microsoft.com
2026-07-19 18:45:04, Info                  [0x000000] CPITRTaskHandler::IsSnapshotCreationAllowed: Snapshot creation is allowed
2026-07-19 18:45:06, Info                  [0x000000] CPITRTaskHandler::Worker: Created snapshot with ID: {C7CD7D0A-0495-4071-B345-66C1AD7E5AB4}
2026-07-19 18:45:06, Info                  [0x000000] CPITRBase::UpdateScheduledTask: Time from latest snapshot : 0
2026-07-19 18:45:06, Info                  [0x000000] CPITRBase::UpdateScheduledTask: System uptime             : 7378
2026-07-19 18:45:06, Info                  [0x000000] CPITRBase::UpdateScheduledTask: Time to next snapshot     : 1440
2026-07-19 18:45:06, Info                  [0x000000] CPITRBase::ReschedulePITRTask: Will reschedule task to start at: 2026-07-20T18:45:06
2026-07-19 18:45:06, Info                  [0x000000] CPITRBase::UpdateScheduledTask: Successfully rescheduled task
2026-07-19 18:45:06, Info                  [0x000000] CPITRBase::UpdateScheduledTask: Successfully set VSS limit to 37535 MB
2026-07-19 18:45:06, Info                  [0x000000] CPITRBase::CleanupSnapshots: Snapshot {CC7B7833-3414-4F71-A0E8-60BB51C3719C} is no longer present, will remove the metadata
2026-07-19 18:45:06, Warning               [0x000000] VssDeleteSnapshot: Target snapshot doesn't exist, assume it's already removed
2026-07-20 18:45:06, Info                  [0x000000] VERBOSESETTINGS: Found edition ID: Professional
2026-07-20 18:45:06, Info                  [0x000000] Onesettings: Querying Prod server settings-win.data.microsoft.com
2026-07-20 18:45:07, Info                  [0x000000] VERBOSESETTINGS: Succeeded in creating OneSetting interface
2026-07-20 18:45:07, Info                  [0x000000] VERBOSESETTINGS: Before OneSettings default ON for client: Yes
2026-07-20 18:45:07, Info                  [0x000000] VERBOSESETTINGS: After OneSettings default ON for client: Yes
2026-07-20 18:45:07, Info                  [0x000000] VERBOSESETTINGS: Before OneSettings default ON for server: No
2026-07-20 18:45:07, Info                  [0x000000] VERBOSESETTINGS: After OneSettings default ON for server: No
2026-07-20 18:45:07, Info                  [0x000000] VERBOSESETTINGS: Before OneSettings default minimum volume size (GiB): 200
2026-07-20 18:45:07, Info                  [0x000000] VERBOSESETTINGS: After OneSettings default minimum volume size (GiB): 200
2026-07-20 18:45:07, Info                  [0x000000] VERBOSESETTINGS: Before OneSettings default reboot delay: 30
2026-07-20 18:45:07, Info                  [0x000000] VERBOSESETTINGS: After OneSettings default reboot delay: 30
2026-07-20 18:45:07, Info                  [0x000000] VERBOSESETTINGS: Before OneSettings default snapshot interval: 1440
2026-07-20 18:45:07, Info                  [0x000000] VERBOSESETTINGS: After OneSettings default snapshot interval: 1440
2026-07-20 18:45:07, Info                  [0x000000] VERBOSESETTINGS: Before OneSettings default snapshot max count: -1
2026-07-20 18:45:07, Info                  [0x000000] VERBOSESETTINGS: After OneSettings default snapshot max count: -1
2026-07-20 18:45:07, Info                  [0x000000] VERBOSESETTINGS: Before OneSettings default snapshot max timespan: 4320
2026-07-20 18:45:07, Info                  [0x000000] VERBOSESETTINGS: After OneSettings default snapshot max timespan: 4320
2026-07-20 18:45:07, Info                  [0x000000] VERBOSESETTINGS: Before OneSettings default snapshot global size (MiB): 3072
2026-07-20 18:45:07, Info                  [0x000000] VERBOSESETTINGS: After OneSettings default snapshot global size (MiB): 3072
2026-07-20 18:45:07, Info                  [0x000000] VERBOSESETTINGS: Before OneSettings default snapshot global size percentage: 2
2026-07-20 18:45:07, Info                  [0x000000] VERBOSESETTINGS: After OneSettings default snapshot global size percentage: 2
2026-07-20 18:45:07, Info                  [0x000000] VERBOSESETTINGS: Before OneSettings default snapshot global size min value (MiB): 2048
2026-07-20 18:45:07, Info                  [0x000000] VERBOSESETTINGS: After OneSettings default snapshot global size min value (MiB): 2048
2026-07-20 18:45:07, Info                  [0x000000] VERBOSESETTINGS: Before OneSettings default snapshot global size max value (MiB): 51200
2026-07-20 18:45:07, Info                  [0x000000] VERBOSESETTINGS: After OneSettings default snapshot global size max value (MiB): 51200
2026-07-20 18:45:07, Info                  [0x000000] Total bytes on volume C:\WINDOWS: 1967930736640
2026-07-20 18:45:07, Info                  [0x000000] DetectManagedStatus: OS Edition: Professional
2026-07-20 18:45:07, Info                  [0x000000] DetectManagedStatus: Professional edition detected, need to further check managed status
2026-07-20 18:45:07, Info                  [0x000000] DetectDomainJoinStatus: Entra joined status: false
2026-07-20 18:45:07, Info                  [0x000000] DetectDomainJoinStatus: AD joined status: false
2026-07-20 18:45:07, Info                  [0x000000] DetectManagedStatus: Detected device management statuses:
2026-07-20 18:45:07, Info                  [0x000000] DetectManagedStatus:    WU Managed: false
2026-07-20 18:45:07, Info                  [0x000000] DetectManagedStatus:    Domain Joined: false
2026-07-20 18:45:07, Info                  [0x000000] DetectManagedStatus:    MDM Enrolled: false
2026-07-20 18:45:07, Info                  [0x000000] DetectManagedStatus: No management signal detected, consider this is an unmanaged device
2026-07-20 18:45:07, Info                  [0x000000] DefaultEnabled: Device is not managed
2026-07-20 18:45:07, Info                  [0x000000] VERSIONTRACK: Will return settings interface version 2
2026-07-20 18:45:07, Info                  [0x000000] Onesettings: Querying Prod server settings-win.data.microsoft.com
2026-07-20 18:45:07, Info                  [0x000000] CPITRTaskHandler::IsSnapshotCreationAllowed: Snapshot creation is allowed
2026-07-20 18:45:09, Info                  [0x000000] CPITRTaskHandler::Worker: Created snapshot with ID: {12D84118-2120-44D1-A02A-293B03FE0BAF}
2026-07-20 18:45:09, Info                  [0x000000] CPITRBase::UpdateScheduledTask: Time from latest snapshot : 0
2026-07-20 18:45:09, Info                  [0x000000] CPITRBase::UpdateScheduledTask: System uptime             : 8818
2026-07-20 18:45:09, Info                  [0x000000] CPITRBase::UpdateScheduledTask: Time to next snapshot     : 1440
2026-07-20 18:45:09, Info                  [0x000000] CPITRBase::ReschedulePITRTask: Will reschedule task to start at: 2026-07-21T18:45:09
2026-07-20 18:45:09, Info                  [0x000000] CPITRBase::UpdateScheduledTask: Successfully rescheduled task
2026-07-20 18:45:09, Info                  [0x000000] CPITRBase::UpdateScheduledTask: Successfully set VSS limit to 37535 MB
2026-07-20 18:45:09, Info                  [0x000000] CPITRBase::CleanupSnapshots: Snapshot {C7CD7D0A-0495-4071-B345-66C1AD7E5AB4} is no longer present, will remove the metadata
2026-07-20 18:45:09, Warning               [0x000000] VssDeleteSnapshot: Target snapshot doesn't exist, assume it's already removed
2026-07-21 18:45:09, Info                  [0x000000] VERBOSESETTINGS: Found edition ID: Professional
2026-07-21 18:45:09, Info                  [0x000000] Onesettings: Querying Prod server settings-win.data.microsoft.com
2026-07-21 18:45:10, Info                  [0x000000] VERBOSESETTINGS: Succeeded in creating OneSetting interface
2026-07-21 18:45:10, Info                  [0x000000] VERBOSESETTINGS: Before OneSettings default ON for client: Yes
2026-07-21 18:45:10, Info                  [0x000000] VERBOSESETTINGS: After OneSettings default ON for client: Yes
2026-07-21 18:45:10, Info                  [0x000000] VERBOSESETTINGS: Before OneSettings default ON for server: No
2026-07-21 18:45:10, Info                  [0x000000] VERBOSESETTINGS: After OneSettings default ON for server: No
2026-07-21 18:45:10, Info                  [0x000000] VERBOSESETTINGS: Before OneSettings default minimum volume size (GiB): 200
2026-07-21 18:45:10, Info                  [0x000000] VERBOSESETTINGS: After OneSettings default minimum volume size (GiB): 200
2026-07-21 18:45:10, Info                  [0x000000] VERBOSESETTINGS: Before OneSettings default reboot delay: 30
2026-07-21 18:45:10, Info                  [0x000000] VERBOSESETTINGS: After OneSettings default reboot delay: 30
2026-07-21 18:45:10, Info                  [0x000000] VERBOSESETTINGS: Before OneSettings default snapshot interval: 1440
2026-07-21 18:45:10, Info                  [0x000000] VERBOSESETTINGS: After OneSettings default snapshot interval: 1440
2026-07-21 18:45:10, Info                  [0x000000] VERBOSESETTINGS: Before OneSettings default snapshot max count: -1
2026-07-21 18:45:10, Info                  [0x000000] VERBOSESETTINGS: After OneSettings default snapshot max count: -1
2026-07-21 18:45:10, Info                  [0x000000] VERBOSESETTINGS: Before OneSettings default snapshot max timespan: 4320
2026-07-21 18:45:10, Info                  [0x000000] VERBOSESETTINGS: After OneSettings default snapshot max timespan: 4320
2026-07-21 18:45:10, Info                  [0x000000] VERBOSESETTINGS: Before OneSettings default snapshot global size (MiB): 3072
2026-07-21 18:45:10, Info                  [0x000000] VERBOSESETTINGS: After OneSettings default snapshot global size (MiB): 3072
2026-07-21 18:45:10, Info                  [0x000000] VERBOSESETTINGS: Before OneSettings default snapshot global size percentage: 2
2026-07-21 18:45:10, Info                  [0x000000] VERBOSESETTINGS: After OneSettings default snapshot global size percentage: 2
2026-07-21 18:45:10, Info                  [0x000000] VERBOSESETTINGS: Before OneSettings default snapshot global size min value (MiB): 2048
2026-07-21 18:45:10, Info                  [0x000000] VERBOSESETTINGS: After OneSettings default snapshot global size min value (MiB): 2048
2026-07-21 18:45:10, Info                  [0x000000] VERBOSESETTINGS: Before OneSettings default snapshot global size max value (MiB): 51200
2026-07-21 18:45:10, Info                  [0x000000] VERBOSESETTINGS: After OneSettings default snapshot global size max value (MiB): 51200
2026-07-21 18:45:10, Info                  [0x000000] Total bytes on volume C:\WINDOWS: 1967930736640
2026-07-21 18:45:10, Info                  [0x000000] DetectManagedStatus: OS Edition: Professional
2026-07-21 18:45:10, Info                  [0x000000] DetectManagedStatus: Professional edition detected, need to further check managed status
2026-07-21 18:45:10, Info                  [0x000000] DetectDomainJoinStatus: Entra joined status: false
2026-07-21 18:45:10, Info                  [0x000000] DetectDomainJoinStatus: AD joined status: false
2026-07-21 18:45:10, Info                  [0x000000] DetectManagedStatus: Detected device management statuses:
2026-07-21 18:45:10, Info                  [0x000000] DetectManagedStatus:    WU Managed: false
2026-07-21 18:45:10, Info                  [0x000000] DetectManagedStatus:    Domain Joined: false
2026-07-21 18:45:10, Info                  [0x000000] DetectManagedStatus:    MDM Enrolled: false
2026-07-21 18:45:10, Info                  [0x000000] DetectManagedStatus: No management signal detected, consider this is an unmanaged device
2026-07-21 18:45:10, Info                  [0x000000] DefaultEnabled: Device is not managed
2026-07-21 18:45:10, Info                  [0x000000] VERSIONTRACK: Will return settings interface version 2
2026-07-21 18:45:10, Info                  [0x000000] Onesettings: Querying Prod server settings-win.data.microsoft.com
2026-07-21 18:45:10, Info                  [0x000000] CPITRTaskHandler::IsSnapshotCreationAllowed: Snapshot creation is allowed
2026-07-21 18:45:12, Info                  [0x000000] CPITRTaskHandler::Worker: Created snapshot with ID: {17CA116F-A97B-4E57-8DDC-05CBDC861174}
2026-07-21 18:45:12, Info                  [0x000000] CPITRBase::UpdateScheduledTask: Time from latest snapshot : 0
2026-07-21 18:45:12, Info                  [0x000000] CPITRBase::UpdateScheduledTask: System uptime             : 10258
2026-07-21 18:45:12, Info                  [0x000000] CPITRBase::UpdateScheduledTask: Time to next snapshot     : 1440
2026-07-21 18:45:12, Info                  [0x000000] CPITRBase::ReschedulePITRTask: Will reschedule task to start at: 2026-07-22T18:45:12
2026-07-21 18:45:12, Info                  [0x000000] CPITRBase::UpdateScheduledTask: Successfully rescheduled task
2026-07-21 18:45:12, Info                  [0x000000] CPITRBase::UpdateScheduledTask: Successfully set VSS limit to 37535 MB
2026-07-21 18:45:12, Info                  [0x000000] CPITRBase::CleanupSnapshots: Snapshot {12D84118-2120-44D1-A02A-293B03FE0BAF} is no longer present, will remove the metadata
2026-07-21 18:45:12, Warning               [0x000000] VssDeleteSnapshot: Target snapshot doesn't exist, assume it's already removed
2026-07-23 22:56:18, Info                         SetupRecoveryTaskHandler::Worker: Opening root key to query for registered plugins
2026-07-23 22:56:18, Info                         SetupRecoveryTaskHandler::Worker: Successfully opened HKLM Key [SOFTWARE\Microsoft\Windows\CurrentVersion\Setup\TelemetryTask]
2026-07-23 22:56:18, Info                         SetupRecoveryTaskHandler::Worker: Looping through registered plugins to pull out binary information to run
2026-07-23 22:56:18, Info                  [0x000000] SetupRecoveryTaskHandler::Worker: Successfully found [QMRDataTask] as a registered plugin.
2026-07-23 22:56:18, Info                  [0x000000] SetupRecoveryTaskHandler::InternalCallPluginWorker: Successfully opened [QMRDataTask] key
2026-07-23 22:56:18, Info                  [0x000000] SetupRecoveryTaskHandler::InternalCallPluginWorker: Successfully queried the BinaryLocation: [C:\WINDOWS\System32\oobe\QMRDataTask.dll]
2026-07-23 22:56:18, Info                  [0x000000] SetupRecoveryTaskHandler::InternalCallPluginWorker: Expanding the binary location file path in case of environment variable usage
2026-07-23 22:56:18, Info                  [0x000000] SetupRecoveryTaskHandler::InternalCallPluginWorker: Successfully queried the EntryPoint: [QMRDataTaskDoWork]
2026-07-23 22:56:18, Info                  [0x000000] SetupRecoveryTaskHandler::InternalCallPluginWorker: Successfully loaded the binary path
2026-07-23 22:56:18, Info                  [0x000000] SetupRecoveryTaskHandler::InternalCallPluginWorker: Successfully converted entrypoint into UTF-8 for GetProcAddress
2026-07-23 22:56:18, Info                  [0x000000] SetupRecoveryTaskHandler::InternalCallPluginWorker: Successfully got handle to the entry point
2026-07-23 22:56:18, Info                  [0x000000] QMRDataTaskDoWork: Entering QMR Data Task worker function
2026-07-23 22:56:18, Info                  [0x000000] QMRDataTaskDoWork: Creating a settings handle
2026-07-23 22:56:18, Info                  [0x000000] QMRDataTaskDoWork: Initializing settings handle
2026-07-23 22:56:18, Info                  [0x000000] [taskhostw.exe] Enter WinReGetConfig
2026-07-23 22:56:18, Info                  [0x000000] [taskhostw.exe] Parameters: configWinDir: NULL
2026-07-23 22:56:18, Info                  [0x000000] [taskhostw.exe] WinRE config file path: C:\WINDOWS\system32\Recovery\ReAgent.xml
2026-07-23 22:56:18, Info                  [0x000000] [taskhostw.exe] Update enhanced config info is enabled.
2026-07-23 22:56:18, Info                  [0x000000] [taskhostw.exe] WinRE is installed
2026-07-23 22:56:18, Info                  [0x000000] [taskhostw.exe] WinRE is installed at: \\?\GLOBALROOT\device\harddisk1\partition4\Recovery\WindowsRE
2026-07-23 22:56:18, Info                  [0x000000] [taskhostw.exe] System is WimBoot: FALSE
2026-07-23 22:56:18, Info                  [0x000000] [taskhostw.exe] WinRE image validated
2026-07-23 22:56:18, Info                  [0x000000] [taskhostw.exe] Exit WinReGetConfig return value: 1, last error: 0x2
2026-07-23 22:56:18, Info                  [0x000000] VERBOSESETTINGS: Found edition ID: Professional
2026-07-23 22:56:18, Info                  [0x000000] Onesettings: Querying Prod server settings-win.data.microsoft.com
2026-07-23 22:56:18, Info                  [0x000000] QMRDataTaskDoWork: Querying and sending setting information
2026-07-23 22:56:18, Info                  [0x000000] InternalGetSettingAndSendData: Querying setting: [CloudRemediation]
2026-07-23 22:56:18, Warning               [0x000000] Onesettings: Settings not fresh after query: 0x80040170
2026-07-23 22:56:18, Info                  [0x000000] InternalGetSettingAndSendData: Queried setting [CloudRemediation] and found value [On]
2026-07-23 22:56:18, Warning               [0x000000] Onesettings: Cache warning detected and ignored
2026-07-23 22:56:18, Info                  [0x000000] InternalGetSettingAndSendData: Sending telemetry for setting: [CloudRemediation]
2026-07-23 22:56:18, Info                  [0x000000] VERBOSESETTINGS: Succeeded in creating OneSetting interface
2026-07-23 22:56:18, Info                  [0x000000] InternalGetSettingAndSendData: Querying setting: [AutoRemediation]
2026-07-23 22:56:18, Info                  [0x000000] VERBOSESETTINGS: Before OneSettings default ON for client: Yes
2026-07-23 22:56:18, Info                  [0x000000] VERBOSESETTINGS: After OneSettings default ON for client: Yes
2026-07-23 22:56:18, Info                  [0x000000] VERBOSESETTINGS: Before OneSettings default ON for server: No
2026-07-23 22:56:18, Info                  [0x000000] VERBOSESETTINGS: After OneSettings default ON for server: No
2026-07-23 22:56:18, Info                  [0x000000] VERBOSESETTINGS: Before OneSettings default minimum volume size (GiB): 200
2026-07-23 22:56:18, Info                  [0x000000] VERBOSESETTINGS: After OneSettings default minimum volume size (GiB): 200
2026-07-23 22:56:18, Info                  [0x000000] VERBOSESETTINGS: Before OneSettings default reboot delay: 30
2026-07-23 22:56:18, Info                  [0x000000] VERBOSESETTINGS: After OneSettings default reboot delay: 30
2026-07-23 22:56:18, Info                  [0x000000] InternalGetSettingAndSendData: Queried setting [AutoRemediation] and found value [On]
2026-07-23 22:56:18, Info                  [0x000000] VERBOSESETTINGS: Before OneSettings default snapshot interval: 1440
2026-07-23 22:56:18, Info                  [0x000000] InternalGetSettingAndSendData: Sending telemetry for setting: [AutoRemediation]
2026-07-23 22:56:18, Info                  [0x000000] VERBOSESETTINGS: After OneSettings default snapshot interval: 1440
2026-07-23 22:56:18, Info                  [0x000000] InternalGetSettingAndSendData: Querying setting: [HeadlessMode]
2026-07-23 22:56:18, Info                  [0x000000] VERBOSESETTINGS: Before OneSettings default snapshot max count: -1
2026-07-23 22:56:18, Info                  [0x000000] VERBOSESETTINGS: After OneSettings default snapshot max count: -1
2026-07-23 22:56:18, Info                  [0x000000] VERBOSESETTINGS: Before OneSettings default snapshot max timespan: 4320
2026-07-23 22:56:18, Info                  [0x000000] VERBOSESETTINGS: After OneSettings default snapshot max timespan: 4320
2026-07-23 22:56:18, Info                  [0x000000] VERBOSESETTINGS: Before OneSettings default snapshot global size (MiB): 3072
2026-07-23 22:56:18, Info                  [0x000000] VERBOSESETTINGS: After OneSettings default snapshot global size (MiB): 3072
2026-07-23 22:56:18, Info                  [0x000000] VERBOSESETTINGS: Before OneSettings default snapshot global size percentage: 2
2026-07-23 22:56:18, Info                  [0x000000] InternalGetSettingAndSendData: Queried setting [HeadlessMode] and found value [Off]
2026-07-23 22:56:18, Info                  [0x000000] VERBOSESETTINGS: After OneSettings default snapshot global size percentage: 2
2026-07-23 22:56:18, Info                  [0x000000] InternalGetSettingAndSendData: Sending telemetry for setting: [HeadlessMode]
2026-07-23 22:56:18, Info                  [0x000000] VERBOSESETTINGS: Before OneSettings default snapshot global size min value (MiB): 2048
2026-07-23 22:56:18, Info                  [0x000000] InternalGetSettingAndSendData: Querying setting: [TotalWaitTime]
2026-07-23 22:56:18, Info                  [0x000000] VERBOSESETTINGS: After OneSettings default snapshot global size min value (MiB): 2048
2026-07-23 22:56:18, Info                  [0x000000] VERBOSESETTINGS: Before OneSettings default snapshot global size max value (MiB): 51200
2026-07-23 22:56:18, Info                  [0x000000] VERBOSESETTINGS: After OneSettings default snapshot global size max value (MiB): 51200
2026-07-23 22:56:18, Info                  [0x000000] InternalGetSettingAndSendData: Queried setting [TotalWaitTime] and found value [180]
2026-07-23 22:56:18, Info                  [0x000000] InternalGetSettingAndSendData: Sending telemetry for setting: [TotalWaitTime]
2026-07-23 22:56:18, Info                  [0x000000] InternalGetSettingAndSendData: Querying setting: [WaitInterval]
2026-07-23 22:56:18, Info                  [0x000000] InternalGetSettingAndSendData: Queried setting [WaitInterval] and found value [0]
2026-07-23 22:56:18, Info                  [0x000000] InternalGetSettingAndSendData: Sending telemetry for setting: [WaitInterval]
2026-07-23 22:56:18, Info                  [0x000000] QMRDataTaskDoWork: Querying WinRE enablement and version information
2026-07-23 22:56:18, Info                  [0x000000] QMRDataTaskDoWork: Querying WinRE configuration info
2026-07-23 22:56:18, Info                  [0x000000] [taskhostw.exe] Enter WinReGetConfig
2026-07-23 22:56:18, Info                  [0x000000] [taskhostw.exe] Parameters: configWinDir: NULL
2026-07-23 22:56:18, Info                  [0x000000] [taskhostw.exe] WinRE config file path: C:\WINDOWS\system32\Recovery\ReAgent.xml
2026-07-23 22:56:18, Info                  [0x000000] [taskhostw.exe] Update enhanced config info is enabled.
2026-07-23 22:56:18, Info                  [0x000000] Total bytes on volume C:\WINDOWS: 1967930736640
2026-07-23 22:56:18, Info                  [0x000000] DetectManagedStatus: OS Edition: Professional
2026-07-23 22:56:18, Info                  [0x000000] DetectManagedStatus: Professional edition detected, need to further check managed status
2026-07-23 22:56:18, Info                  [0x000000] DetectDomainJoinStatus: Entra joined status: false
2026-07-23 22:56:18, Info                  [0x000000] DetectDomainJoinStatus: AD joined status: false
2026-07-23 22:56:18, Info                  [0x000000] DetectManagedStatus: Detected device management statuses:
2026-07-23 22:56:18, Info                  [0x000000] DetectManagedStatus:    WU Managed: false
2026-07-23 22:56:18, Info                  [0x000000] DetectManagedStatus:    Domain Joined: false
2026-07-23 22:56:18, Info                  [0x000000] DetectManagedStatus:    MDM Enrolled: false
2026-07-23 22:56:18, Info                  [0x000000] DetectManagedStatus: No management signal detected, consider this is an unmanaged device
2026-07-23 22:56:18, Info                  [0x000000] DefaultEnabled: Device is not managed
2026-07-23 22:56:18, Info                  [0x000000] VERSIONTRACK: Will return settings interface version 2
2026-07-23 22:56:18, Info                  [0x000000] Onesettings: Querying Prod server settings-win.data.microsoft.com
2026-07-23 22:56:18, Warning               [0x000000] Onesettings: Settings not fresh after query: 0x80040170
2026-07-23 22:56:18, Warning               [0x000000] Onesettings: Cache warning detected and ignored
2026-07-23 22:56:18, Info                  [0x000000] CPITRTaskHandler::IsSnapshotCreationAllowed: Snapshot creation is allowed
2026-07-23 22:56:18, Info                  [0x000000] [taskhostw.exe] WinRE is installed
2026-07-23 22:56:18, Info                  [0x000000] [taskhostw.exe] WinRE is installed at: \\?\GLOBALROOT\device\harddisk1\partition4\Recovery\WindowsRE
2026-07-23 22:56:18, Info                  [0x000000] [taskhostw.exe] System is WimBoot: FALSE
2026-07-23 22:56:18, Info                  [0x000000] [taskhostw.exe] WinRE image validated
2026-07-23 22:56:18, Info                  [0x000000] [taskhostw.exe] Exit WinReGetConfig return value: 1, last error: 0x2
2026-07-23 22:56:18, Info                  [0x000000] QMRDataTaskDoWork: IsWinREAvailable [Enabled]
2026-07-23 22:56:18, Info                  [0x000000] QMRDataTaskDoWork: Loading WinREAgent dll
2026-07-23 22:56:18, Info                  [0x000000] QMRDataTaskDoWork: Successfully loaded the binary path
2026-07-23 22:56:18, Info                  [0x000000] QMRDataTaskDoWork: Getting handle to the GetWinREVersion function
2026-07-23 22:56:18, Info                  [0x000000] QMRDataTaskDoWork: Successfully got handle to the GetWinREVersion function
2026-07-23 22:56:18, Info                  [0x000000] LogSession: Starting a new log session at [C:\Windows\Logs\WinREAgent]
2026-07-23 22:56:18, Info                  [0x000000] Enter GetWinREVersionInternal
2026-07-23 22:56:18, Info                  [0x000000] [taskhostw.exe] Enter WinReGetConfig
2026-07-23 22:56:18, Info                  [0x000000] [taskhostw.exe] Parameters: configWinDir: NULL
2026-07-23 22:56:18, Info                  [0x000000] [taskhostw.exe] WinRE config file path: C:\WINDOWS\system32\Recovery\ReAgent.xml
2026-07-23 22:56:18, Info                  [0x000000] [taskhostw.exe] Update enhanced config info is enabled.
2026-07-23 22:56:18, Info                  [0x000000] [taskhostw.exe] WinRE is installed
2026-07-23 22:56:18, Info                  [0x000000] [taskhostw.exe] WinRE is installed at: \\?\GLOBALROOT\device\harddisk1\partition4\Recovery\WindowsRE
2026-07-23 22:56:18, Info                  [0x000000] [taskhostw.exe] System is WimBoot: FALSE
2026-07-23 22:56:18, Info                  [0x000000] [taskhostw.exe] WinRE image validated
2026-07-23 22:56:18, Info                  [0x000000] [taskhostw.exe] Exit WinReGetConfig return value: 1, last error: 0x2
2026-07-23 22:56:18, Info                  [0x0b8000] Initialized Panther logging at C:\Windows\Logs\WinREAgent\setupact.log
2026-07-23 22:56:18, Info                  [0x0b8000] DISM Provider Store: PID=11036 TID=20360 Found and Initialized the DISM Logger. - CDISMProviderStore::Internal_InitializeLogger
2026-07-23 22:56:18, Info                  [0x0b8000] DISM Manager: PID=11036 TID=20360 Successfully created the local image session and provider store. - CDISMManager::CreateLocalImageSession
2026-07-23 22:56:18, Info                  [0x0b8000] DISM Imaging Provider: PID=11036 TID=20360 WIM image specified - CGenericImagingManager::GetImageInfoCollection
2026-07-23 22:56:18, Info                  [0x000000] WinRE version: 10.0.26100.8875
2026-07-23 22:56:18, Info                  [0x000000] Exit GetWinREVersionInternal
2026-07-23 22:56:18, Info                  [0x000000] QMRDataTaskDoWork: WinREVersion [10.0.26100.8875]
2026-07-23 22:56:18, Info                  [0x000000] QMRDataTaskDoWork: Cleaning up variables for QMRDataTask
2026-07-23 22:56:18, Info                  [0x000000] QMRDataTaskDoWork: Exiting QMR Data Task worker function
2026-07-23 22:56:18, Info                  [0x000000] SetupRecoveryTaskHandler::InternalCallPluginWorker: Successfully called the entry point
2026-07-23 22:56:18, Info                  [0x000000] SetupRecoveryTaskHandler::InternalCallPluginWorker: Cleaning up variables for [QMRDataTask]
2026-07-23 22:56:18, Info                  [0x000000] SetupRecoveryTaskHandler::Worker: Cleaning up variables for SetupRecoveryDataTask
2026-07-23 22:56:18, Info                  [0x000000] SetupRecoveryTaskHandler::Worker: Exiting execution of the SetupRecoveryDataTask
2026-07-23 22:56:20, Info                  [0x000000] CPITRTaskHandler::Worker: Created snapshot with ID: {16567EAB-9D72-4530-8B39-41BBA1D867F6}
2026-07-23 22:56:20, Info                  [0x000000] CPITRBase::UpdateScheduledTask: Time from latest snapshot : 0
2026-07-23 22:56:20, Info                  [0x000000] CPITRBase::UpdateScheduledTask: System uptime             : 13
2026-07-23 22:56:20, Info                  [0x000000] CPITRBase::UpdateScheduledTask: Time to next snapshot     : 1457
2026-07-23 22:56:20, Info                  [0x000000] CPITRBase::ReschedulePITRTask: Will reschedule task to start at: 2026-07-24T23:13:20
2026-07-23 22:56:20, Info                  [0x000000] CPITRBase::UpdateScheduledTask: Successfully rescheduled task
2026-07-23 22:56:20, Info                  [0x000000] CPITRBase::UpdateScheduledTask: Successfully set VSS limit to 37535 MB
2026-07-24 15:24:34, Info                  [0x000000] VERBOSESETTINGS: Found edition ID: Professional
2026-07-24 15:24:34, Info                  [0x000000] Onesettings: Querying Prod server settings-win.data.microsoft.com
2026-07-24 15:24:34, Info                  [0x000000] VERBOSESETTINGS: Succeeded in creating OneSetting interface
2026-07-24 15:24:34, Info                  [0x000000] VERBOSESETTINGS: Before OneSettings default ON for client: Yes
2026-07-24 15:24:34, Info                  [0x000000] VERBOSESETTINGS: After OneSettings default ON for client: Yes
2026-07-24 15:24:34, Info                  [0x000000] VERBOSESETTINGS: Before OneSettings default ON for server: No
2026-07-24 15:24:34, Info                  [0x000000] VERBOSESETTINGS: After OneSettings default ON for server: No
2026-07-24 15:24:34, Info                  [0x000000] VERBOSESETTINGS: Before OneSettings default minimum volume size (GiB): 200
2026-07-24 15:24:34, Info                  [0x000000] VERBOSESETTINGS: After OneSettings default minimum volume size (GiB): 200
2026-07-24 15:24:34, Info                  [0x000000] VERBOSESETTINGS: Before OneSettings default reboot delay: 30
2026-07-24 15:24:34, Info                  [0x000000] VERBOSESETTINGS: After OneSettings default reboot delay: 30
2026-07-24 15:24:34, Info                  [0x000000] VERBOSESETTINGS: Before OneSettings default snapshot interval: 1440
2026-07-24 15:24:34, Info                  [0x000000] VERBOSESETTINGS: After OneSettings default snapshot interval: 1440
2026-07-24 15:24:34, Info                  [0x000000] VERBOSESETTINGS: Before OneSettings default snapshot max count: -1
2026-07-24 15:24:34, Info                  [0x000000] VERBOSESETTINGS: After OneSettings default snapshot max count: -1
2026-07-24 15:24:34, Info                  [0x000000] VERBOSESETTINGS: Before OneSettings default snapshot max timespan: 4320
2026-07-24 15:24:34, Info                  [0x000000] VERBOSESETTINGS: After OneSettings default snapshot max timespan: 4320
2026-07-24 15:24:34, Info                  [0x000000] VERBOSESETTINGS: Before OneSettings default snapshot global size (MiB): 3072
2026-07-24 15:24:34, Info                  [0x000000] VERBOSESETTINGS: After OneSettings default snapshot global size (MiB): 3072
2026-07-24 15:24:34, Info                  [0x000000] VERBOSESETTINGS: Before OneSettings default snapshot global size percentage: 2
2026-07-24 15:24:34, Info                  [0x000000] VERBOSESETTINGS: After OneSettings default snapshot global size percentage: 2
2026-07-24 15:24:34, Info                  [0x000000] VERBOSESETTINGS: Before OneSettings default snapshot global size min value (MiB): 2048
2026-07-24 15:24:34, Info                  [0x000000] VERBOSESETTINGS: After OneSettings default snapshot global size min value (MiB): 2048
2026-07-24 15:24:34, Info                  [0x000000] VERBOSESETTINGS: Before OneSettings default snapshot global size max value (MiB): 51200
2026-07-24 15:24:34, Info                  [0x000000] VERBOSESETTINGS: After OneSettings default snapshot global size max value (MiB): 51200
2026-07-24 15:24:34, Info                  [0x000000] Total bytes on volume C:\WINDOWS: 1967930736640
2026-07-24 15:24:34, Info                  [0x000000] DetectManagedStatus: OS Edition: Professional
2026-07-24 15:24:34, Info                  [0x000000] DetectManagedStatus: Professional edition detected, need to further check managed status
2026-07-24 15:24:34, Info                  [0x000000] DetectDomainJoinStatus: Entra joined status: false
2026-07-24 15:24:34, Info                  [0x000000] DetectDomainJoinStatus: AD joined status: false
2026-07-24 15:24:34, Info                  [0x000000] DetectManagedStatus: Detected device management statuses:
2026-07-24 15:24:34, Info                  [0x000000] DetectManagedStatus:    WU Managed: false
2026-07-24 15:24:34, Info                  [0x000000] DetectManagedStatus:    Domain Joined: false
2026-07-24 15:24:34, Info                  [0x000000] DetectManagedStatus:    MDM Enrolled: false
2026-07-24 15:24:34, Info                  [0x000000] DetectManagedStatus: No management signal detected, consider this is an unmanaged device
2026-07-24 15:24:34, Info                  [0x000000] DefaultEnabled: Device is not managed
2026-07-24 15:24:34, Info                  [0x000000] VERSIONTRACK: Will return settings interface version 2
2026-07-24 15:24:34, Info                  [0x000000] Onesettings: Querying Prod server settings-win.data.microsoft.com
2026-07-24 15:24:34, Info                  [0x000000] CPITRTaskHandler::IsSnapshotCreationAllowed: Snapshot creation is allowed
2026-07-24 15:24:37, Info                  [0x000000] CPITRTaskHandler::Worker: Created snapshot with ID: {FE23276B-44BA-4E71-BB2A-C3B4BDCE6B5F}
2026-07-24 15:24:37, Info                  [0x000000] CPITRBase::UpdateScheduledTask: Time from latest snapshot : 0
2026-07-24 15:24:37, Info                  [0x000000] CPITRBase::UpdateScheduledTask: System uptime             : 43
2026-07-24 15:24:37, Info                  [0x000000] CPITRBase::UpdateScheduledTask: Time to next snapshot     : 1440
2026-07-24 15:24:37, Info                  [0x000000] CPITRBase::ReschedulePITRTask: Will reschedule task to start at: 2026-07-25T15:24:37
2026-07-24 15:24:37, Info                  [0x000000] CPITRBase::UpdateScheduledTask: Successfully rescheduled task
2026-07-24 15:24:38, Info                  [0x000000] CPITRBase::UpdateScheduledTask: Successfully set VSS limit to 37535 MB
2026-07-29 09:29:19, Info                  [0x000000] VERBOSESETTINGS: Found edition ID: Professional
2026-07-29 09:29:19, Info                  [0x000000] Onesettings: Querying Prod server settings-win.data.microsoft.com
2026-07-29 09:29:19, Info                  [0x000000] VERBOSESETTINGS: Succeeded in creating OneSetting interface
2026-07-29 09:29:19, Info                  [0x000000] VERBOSESETTINGS: Before OneSettings default ON for client: Yes
2026-07-29 09:29:19, Info                  [0x000000] VERBOSESETTINGS: After OneSettings default ON for client: Yes
2026-07-29 09:29:19, Info                  [0x000000] VERBOSESETTINGS: Before OneSettings default ON for server: No
2026-07-29 09:29:19, Info                  [0x000000] VERBOSESETTINGS: After OneSettings default ON for server: No
2026-07-29 09:29:19, Info                  [0x000000] VERBOSESETTINGS: Before OneSettings default minimum volume size (GiB): 200
2026-07-29 09:29:19, Info                  [0x000000] VERBOSESETTINGS: After OneSettings default minimum volume size (GiB): 200
2026-07-29 09:29:19, Info                  [0x000000] VERBOSESETTINGS: Before OneSettings default reboot delay: 30
2026-07-29 09:29:19, Info                  [0x000000] VERBOSESETTINGS: After OneSettings default reboot delay: 30
2026-07-29 09:29:19, Info                  [0x000000] VERBOSESETTINGS: Before OneSettings default snapshot interval: 1440
2026-07-29 09:29:19, Info                  [0x000000] VERBOSESETTINGS: After OneSettings default snapshot interval: 1440
2026-07-29 09:29:19, Info                  [0x000000] VERBOSESETTINGS: Before OneSettings default snapshot max count: -1
2026-07-29 09:29:19, Info                  [0x000000] VERBOSESETTINGS: After OneSettings default snapshot max count: -1
2026-07-29 09:29:19, Info                  [0x000000] VERBOSESETTINGS: Before OneSettings default snapshot max timespan: 4320
2026-07-29 09:29:19, Info                  [0x000000] VERBOSESETTINGS: After OneSettings default snapshot max timespan: 4320
2026-07-29 09:29:19, Info                  [0x000000] VERBOSESETTINGS: Before OneSettings default snapshot global size (MiB): 3072
2026-07-29 09:29:19, Info                  [0x000000] VERBOSESETTINGS: After OneSettings default snapshot global size (MiB): 3072
2026-07-29 09:29:19, Info                  [0x000000] VERBOSESETTINGS: Before OneSettings default snapshot global size percentage: 2
2026-07-29 09:29:19, Info                  [0x000000] VERBOSESETTINGS: After OneSettings default snapshot global size percentage: 2
2026-07-29 09:29:19, Info                  [0x000000] VERBOSESETTINGS: Before OneSettings default snapshot global size min value (MiB): 2048
2026-07-29 09:29:19, Info                  [0x000000] VERBOSESETTINGS: After OneSettings default snapshot global size min value (MiB): 2048
2026-07-29 09:29:19, Info                  [0x000000] VERBOSESETTINGS: Before OneSettings default snapshot global size max value (MiB): 51200
2026-07-29 09:29:19, Info                  [0x000000] VERBOSESETTINGS: After OneSettings default snapshot global size max value (MiB): 51200
2026-07-29 09:29:19, Info                  [0x000000] Total bytes on volume C:\WINDOWS: 1967930736640
2026-07-29 09:29:19, Info                  [0x000000] DetectManagedStatus: OS Edition: Professional
2026-07-29 09:29:19, Info                  [0x000000] DetectManagedStatus: Professional edition detected, need to further check managed status
2026-07-29 09:29:19, Info                  [0x000000] DetectDomainJoinStatus: Entra joined status: false
2026-07-29 09:29:19, Info                  [0x000000] DetectDomainJoinStatus: AD joined status: false
2026-07-29 09:29:19, Info                  [0x000000] DetectManagedStatus: Detected device management statuses:
2026-07-29 09:29:19, Info                  [0x000000] DetectManagedStatus:    WU Managed: false
2026-07-29 09:29:19, Info                  [0x000000] DetectManagedStatus:    Domain Joined: false
2026-07-29 09:29:19, Info                  [0x000000] DetectManagedStatus:    MDM Enrolled: false
2026-07-29 09:29:19, Info                  [0x000000] DetectManagedStatus: No management signal detected, consider this is an unmanaged device
2026-07-29 09:29:19, Info                  [0x000000] DefaultEnabled: Device is not managed
2026-07-29 09:29:19, Info                  [0x000000] VERSIONTRACK: Will return settings interface version 2
2026-07-29 09:29:19, Info                  [0x000000] Onesettings: Querying Prod server settings-win.data.microsoft.com
2026-07-29 09:29:19, Info                  [0x000000] CPITRTaskHandler::IsSnapshotCreationAllowed: Snapshot creation is allowed
2026-07-29 09:29:21, Info                  [0x000000] CPITRTaskHandler::Worker: Created snapshot with ID: {E97E014A-F073-4EFD-AA43-3D2A9ECA530A}
2026-07-29 09:29:22, Info                  [0x000000] CPITRBase::UpdateScheduledTask: Time from latest snapshot : 0
2026-07-29 09:29:22, Info                  [0x000000] CPITRBase::UpdateScheduledTask: System uptime             : 10
2026-07-29 09:29:22, Info                  [0x000000] CPITRBase::UpdateScheduledTask: Time to next snapshot     : 1460
2026-07-29 09:29:22, Info                  [0x000000] CPITRBase::ReschedulePITRTask: Will reschedule task to start at: 2026-07-30T09:49:22
2026-07-29 09:29:22, Info                  [0x000000] CPITRBase::UpdateScheduledTask: Successfully rescheduled task
2026-07-29 09:29:22, Info                  [0x000000] CPITRBase::UpdateScheduledTask: Successfully set VSS limit to 37535 MB
2026-07-29 09:29:22, Info                  [0x000000] CPITRBase::CleanupSnapshots: Snapshot {17CA116F-A97B-4E57-8DDC-05CBDC861174} is too old (10964 minutes vs 4320 max minutes). Removing snapshot.
2026-07-29 09:29:22, Info                  [0x000000] CPITRBase::CleanupSnapshots: Snapshot {16567EAB-9D72-4530-8B39-41BBA1D867F6} is too old (7833 minutes vs 4320 max minutes). Removing snapshot.
2026-07-29 09:29:22, Info                  [0x000000] CPITRBase::CleanupSnapshots: Snapshot {FE23276B-44BA-4E71-BB2A-C3B4BDCE6B5F} is too old (6844 minutes vs 4320 max minutes). Removing snapshot.
2026-07-30 09:49:22, Info                  [0x000000] VERBOSESETTINGS: Found edition ID: Professional
2026-07-30 09:49:22, Info                  [0x000000] Onesettings: Querying Prod server settings-win.data.microsoft.com
2026-07-30 09:49:23, Info                  [0x000000] VERBOSESETTINGS: Succeeded in creating OneSetting interface
2026-07-30 09:49:23, Info                  [0x000000] VERBOSESETTINGS: Before OneSettings default ON for client: Yes
2026-07-30 09:49:23, Info                  [0x000000] VERBOSESETTINGS: After OneSettings default ON for client: Yes
2026-07-30 09:49:23, Info                  [0x000000] VERBOSESETTINGS: Before OneSettings default ON for server: No
2026-07-30 09:49:23, Info                  [0x000000] VERBOSESETTINGS: After OneSettings default ON for server: No
2026-07-30 09:49:23, Info                  [0x000000] VERBOSESETTINGS: Before OneSettings default minimum volume size (GiB): 200
2026-07-30 09:49:23, Info                  [0x000000] VERBOSESETTINGS: After OneSettings default minimum volume size (GiB): 200
2026-07-30 09:49:23, Info                  [0x000000] VERBOSESETTINGS: Before OneSettings default reboot delay: 30
2026-07-30 09:49:23, Info                  [0x000000] VERBOSESETTINGS: After OneSettings default reboot delay: 30
2026-07-30 09:49:23, Info                  [0x000000] VERBOSESETTINGS: Before OneSettings default snapshot interval: 1440
2026-07-30 09:49:23, Info                  [0x000000] VERBOSESETTINGS: After OneSettings default snapshot interval: 1440
2026-07-30 09:49:23, Info                  [0x000000] VERBOSESETTINGS: Before OneSettings default snapshot max count: -1
2026-07-30 09:49:23, Info                  [0x000000] VERBOSESETTINGS: After OneSettings default snapshot max count: -1
2026-07-30 09:49:23, Info                  [0x000000] VERBOSESETTINGS: Before OneSettings default snapshot max timespan: 4320
2026-07-30 09:49:23, Info                  [0x000000] VERBOSESETTINGS: After OneSettings default snapshot max timespan: 4320
2026-07-30 09:49:23, Info                  [0x000000] VERBOSESETTINGS: Before OneSettings default snapshot global size (MiB): 3072
2026-07-30 09:49:23, Info                  [0x000000] VERBOSESETTINGS: After OneSettings default snapshot global size (MiB): 3072
2026-07-30 09:49:23, Info                  [0x000000] VERBOSESETTINGS: Before OneSettings default snapshot global size percentage: 2
2026-07-30 09:49:23, Info                  [0x000000] VERBOSESETTINGS: After OneSettings default snapshot global size percentage: 2
2026-07-30 09:49:23, Info                  [0x000000] VERBOSESETTINGS: Before OneSettings default snapshot global size min value (MiB): 2048
2026-07-30 09:49:23, Info                  [0x000000] VERBOSESETTINGS: After OneSettings default snapshot global size min value (MiB): 2048
2026-07-30 09:49:23, Info                  [0x000000] VERBOSESETTINGS: Before OneSettings default snapshot global size max value (MiB): 51200
2026-07-30 09:49:23, Info                  [0x000000] VERBOSESETTINGS: After OneSettings default snapshot global size max value (MiB): 51200
2026-07-30 09:49:23, Info                  [0x000000] Total bytes on volume C:\WINDOWS: 1967930736640
2026-07-30 09:49:23, Info                  [0x000000] DetectManagedStatus: OS Edition: Professional
2026-07-30 09:49:23, Info                  [0x000000] DetectManagedStatus: Professional edition detected, need to further check managed status
2026-07-30 09:49:23, Info                  [0x000000] DetectDomainJoinStatus: Entra joined status: false
2026-07-30 09:49:23, Info                  [0x000000] DetectDomainJoinStatus: AD joined status: false
2026-07-30 09:49:23, Info                  [0x000000] DetectManagedStatus: Detected device management statuses:
2026-07-30 09:49:23, Info                  [0x000000] DetectManagedStatus:    WU Managed: false
2026-07-30 09:49:23, Info                  [0x000000] DetectManagedStatus:    Domain Joined: false
2026-07-30 09:49:23, Info                  [0x000000] DetectManagedStatus:    MDM Enrolled: false
2026-07-30 09:49:23, Info                  [0x000000] DetectManagedStatus: No management signal detected, consider this is an unmanaged device
2026-07-30 09:49:23, Info                  [0x000000] DefaultEnabled: Device is not managed
2026-07-30 09:49:23, Info                  [0x000000] VERSIONTRACK: Will return settings interface version 2
2026-07-30 09:49:23, Info                  [0x000000] Onesettings: Querying Prod server settings-win.data.microsoft.com
2026-07-30 09:49:23, Info                  [0x000000] CPITRTaskHandler::IsSnapshotCreationAllowed: Snapshot creation is allowed
2026-07-30 09:49:26, Info                  [0x000000] CPITRTaskHandler::Worker: Created snapshot with ID: {140E087B-3D1F-4B8B-A26B-8B0888555BA4}
2026-07-30 09:49:26, Info                  [0x000000] CPITRBase::UpdateScheduledTask: Time from latest snapshot : 0
2026-07-30 09:49:26, Info                  [0x000000] CPITRBase::UpdateScheduledTask: System uptime             : 1471
2026-07-30 09:49:26, Info                  [0x000000] CPITRBase::UpdateScheduledTask: Time to next snapshot     : 1440
2026-07-30 09:49:26, Info                  [0x000000] CPITRBase::ReschedulePITRTask: Will reschedule task to start at: 2026-07-31T09:49:26
2026-07-30 09:49:26, Info                  [0x000000] CPITRBase::UpdateScheduledTask: Successfully rescheduled task
2026-07-30 09:49:26, Info                  [0x000000] CPITRBase::UpdateScheduledTask: Successfully set VSS limit to 37535 MB
2026-07-30 09:49:26, Info                  [0x000000] CPITRBase::CleanupSnapshots: Snapshot {E97E014A-F073-4EFD-AA43-3D2A9ECA530A} is no longer present, will remove the metadata
2026-07-30 09:49:26, Warning               [0x000000] VssDeleteSnapshot: Target snapshot doesn't exist, assume it's already removed
2026-07-31 09:49:26, Info                  [0x000000] VERBOSESETTINGS: Found edition ID: Professional
2026-07-31 09:49:26, Info                  [0x000000] Onesettings: Querying Prod server settings-win.data.microsoft.com
2026-07-31 09:49:27, Info                  [0x000000] VERBOSESETTINGS: Succeeded in creating OneSetting interface
2026-07-31 09:49:27, Info                  [0x000000] VERBOSESETTINGS: Before OneSettings default ON for client: Yes
2026-07-31 09:49:27, Info                  [0x000000] VERBOSESETTINGS: After OneSettings default ON for client: Yes
2026-07-31 09:49:27, Info                  [0x000000] VERBOSESETTINGS: Before OneSettings default ON for server: No
2026-07-31 09:49:27, Info                  [0x000000] VERBOSESETTINGS: After OneSettings default ON for server: No
2026-07-31 09:49:27, Info                  [0x000000] VERBOSESETTINGS: Before OneSettings default minimum volume size (GiB): 200
2026-07-31 09:49:27, Info                  [0x000000] VERBOSESETTINGS: After OneSettings default minimum volume size (GiB): 200
2026-07-31 09:49:27, Info                  [0x000000] VERBOSESETTINGS: Before OneSettings default reboot delay: 30
2026-07-31 09:49:27, Info                  [0x000000] VERBOSESETTINGS: After OneSettings default reboot delay: 30
2026-07-31 09:49:27, Info                  [0x000000] VERBOSESETTINGS: Before OneSettings default snapshot interval: 1440
2026-07-31 09:49:27, Info                  [0x000000] VERBOSESETTINGS: After OneSettings default snapshot interval: 1440
2026-07-31 09:49:27, Info                  [0x000000] VERBOSESETTINGS: Before OneSettings default snapshot max count: -1
2026-07-31 09:49:27, Info                  [0x000000] VERBOSESETTINGS: After OneSettings default snapshot max count: -1
2026-07-31 09:49:27, Info                  [0x000000] VERBOSESETTINGS: Before OneSettings default snapshot max timespan: 4320
2026-07-31 09:49:27, Info                  [0x000000] VERBOSESETTINGS: After OneSettings default snapshot max timespan: 4320
2026-07-31 09:49:27, Info                  [0x000000] VERBOSESETTINGS: Before OneSettings default snapshot global size (MiB): 3072
2026-07-31 09:49:27, Info                  [0x000000] VERBOSESETTINGS: After OneSettings default snapshot global size (MiB): 3072
2026-07-31 09:49:27, Info                  [0x000000] VERBOSESETTINGS: Before OneSettings default snapshot global size percentage: 2
2026-07-31 09:49:27, Info                  [0x000000] VERBOSESETTINGS: After OneSettings default snapshot global size percentage: 2
2026-07-31 09:49:27, Info                  [0x000000] VERBOSESETTINGS: Before OneSettings default snapshot global size min value (MiB): 2048
2026-07-31 09:49:27, Info                  [0x000000] VERBOSESETTINGS: After OneSettings default snapshot global size min value (MiB): 2048
2026-07-31 09:49:27, Info                  [0x000000] VERBOSESETTINGS: Before OneSettings default snapshot global size max value (MiB): 51200
2026-07-31 09:49:27, Info                  [0x000000] VERBOSESETTINGS: After OneSettings default snapshot global size max value (MiB): 51200
2026-07-31 09:49:27, Info                  [0x000000] Total bytes on volume C:\WINDOWS: 1967930736640
2026-07-31 09:49:27, Info                  [0x000000] DetectManagedStatus: OS Edition: Professional
2026-07-31 09:49:27, Info                  [0x000000] DetectManagedStatus: Professional edition detected, need to further check managed status
2026-07-31 09:49:27, Info                  [0x000000] DetectDomainJoinStatus: Entra joined status: false
2026-07-31 09:49:27, Info                  [0x000000] DetectDomainJoinStatus: AD joined status: false
2026-07-31 09:49:27, Info                  [0x000000] DetectManagedStatus: Detected device management statuses:
2026-07-31 09:49:27, Info                  [0x000000] DetectManagedStatus:    WU Managed: false
2026-07-31 09:49:27, Info                  [0x000000] DetectManagedStatus:    Domain Joined: false
2026-07-31 09:49:27, Info                  [0x000000] DetectManagedStatus:    MDM Enrolled: false
2026-07-31 09:49:27, Info                  [0x000000] DetectManagedStatus: No management signal detected, consider this is an unmanaged device
2026-07-31 09:49:27, Info                  [0x000000] DefaultEnabled: Device is not managed
2026-07-31 09:49:27, Info                  [0x000000] VERSIONTRACK: Will return settings interface version 2
2026-07-31 09:49:27, Info                  [0x000000] Onesettings: Querying Prod server settings-win.data.microsoft.com
2026-07-31 09:49:27, Info                  [0x000000] CPITRTaskHandler::IsSnapshotCreationAllowed: Snapshot creation is allowed
2026-07-31 09:49:29, Info                  [0x000000] CPITRTaskHandler::Worker: Created snapshot with ID: {2CC75CE8-5848-41F1-818A-659F8BF209CB}
2026-07-31 09:49:29, Info                  [0x000000] CPITRBase::UpdateScheduledTask: Time from latest snapshot : 0
2026-07-31 09:49:29, Info                  [0x000000] CPITRBase::UpdateScheduledTask: System uptime             : 2911
2026-07-31 09:49:29, Info                  [0x000000] CPITRBase::UpdateScheduledTask: Time to next snapshot     : 1440
2026-07-31 09:49:29, Info                  [0x000000] CPITRBase::ReschedulePITRTask: Will reschedule task to start at: 2026-08-01T09:49:29
2026-07-31 09:49:29, Info                  [0x000000] CPITRBase::UpdateScheduledTask: Successfully rescheduled task
2026-07-31 09:49:29, Info                  [0x000000] CPITRBase::UpdateScheduledTask: Successfully set VSS limit to 37535 MB
2026-07-31 09:49:29, Info                  [0x000000] CPITRBase::CleanupSnapshots: Snapshot {140E087B-3D1F-4B8B-A26B-8B0888555BA4} is no longer present, will remove the metadata
2026-07-31 09:49:29, Warning               [0x000000] VssDeleteSnapshot: Target snapshot doesn't exist, assume it's already removed
2026-08-01 09:49:29, Info                  [0x000000] VERBOSESETTINGS: Found edition ID: Professional
2026-08-01 09:49:29, Info                  [0x000000] Onesettings: Querying Prod server settings-win.data.microsoft.com
2026-08-01 09:49:30, Info                  [0x000000] VERBOSESETTINGS: Succeeded in creating OneSetting interface
2026-08-01 09:49:30, Info                  [0x000000] VERBOSESETTINGS: Before OneSettings default ON for client: Yes
2026-08-01 09:49:30, Info                  [0x000000] VERBOSESETTINGS: After OneSettings default ON for client: Yes
2026-08-01 09:49:30, Info                  [0x000000] VERBOSESETTINGS: Before OneSettings default ON for server: No
2026-08-01 09:49:30, Info                  [0x000000] VERBOSESETTINGS: After OneSettings default ON for server: No
2026-08-01 09:49:30, Info                  [0x000000] VERBOSESETTINGS: Before OneSettings default minimum volume size (GiB): 200
2026-08-01 09:49:30, Info                  [0x000000] VERBOSESETTINGS: After OneSettings default minimum volume size (GiB): 200
2026-08-01 09:49:30, Info                  [0x000000] VERBOSESETTINGS: Before OneSettings default reboot delay: 30
2026-08-01 09:49:30, Info                  [0x000000] VERBOSESETTINGS: After OneSettings default reboot delay: 30
2026-08-01 09:49:30, Info                  [0x000000] VERBOSESETTINGS: Before OneSettings default snapshot interval: 1440
2026-08-01 09:49:30, Info                  [0x000000] VERBOSESETTINGS: After OneSettings default snapshot interval: 1440
2026-08-01 09:49:30, Info                  [0x000000] VERBOSESETTINGS: Before OneSettings default snapshot max count: -1
2026-08-01 09:49:30, Info                  [0x000000] VERBOSESETTINGS: After OneSettings default snapshot max count: -1
2026-08-01 09:49:30, Info                  [0x000000] VERBOSESETTINGS: Before OneSettings default snapshot max timespan: 4320
2026-08-01 09:49:30, Info                  [0x000000] VERBOSESETTINGS: After OneSettings default snapshot max timespan: 4320
2026-08-01 09:49:30, Info                  [0x000000] VERBOSESETTINGS: Before OneSettings default snapshot global size (MiB): 3072
2026-08-01 09:49:30, Info                  [0x000000] VERBOSESETTINGS: After OneSettings default snapshot global size (MiB): 3072
2026-08-01 09:49:30, Info                  [0x000000] VERBOSESETTINGS: Before OneSettings default snapshot global size percentage: 2
2026-08-01 09:49:30, Info                  [0x000000] VERBOSESETTINGS: After OneSettings default snapshot global size percentage: 2
2026-08-01 09:49:30, Info                  [0x000000] VERBOSESETTINGS: Before OneSettings default snapshot global size min value (MiB): 2048
2026-08-01 09:49:30, Info                  [0x000000] VERBOSESETTINGS: After OneSettings default snapshot global size min value (MiB): 2048
2026-08-01 09:49:30, Info                  [0x000000] VERBOSESETTINGS: Before OneSettings default snapshot global size max value (MiB): 51200
2026-08-01 09:49:30, Info                  [0x000000] VERBOSESETTINGS: After OneSettings default snapshot global size max value (MiB): 51200
2026-08-01 09:49:30, Info                  [0x000000] Total bytes on volume C:\WINDOWS: 1967930736640
2026-08-01 09:49:30, Info                  [0x000000] DetectManagedStatus: OS Edition: Professional
2026-08-01 09:49:30, Info                  [0x000000] DetectManagedStatus: Professional edition detected, need to further check managed status
2026-08-01 09:49:30, Info                  [0x000000] DetectDomainJoinStatus: Entra joined status: false
2026-08-01 09:49:30, Info                  [0x000000] DetectDomainJoinStatus: AD joined status: false
2026-08-01 09:49:30, Info                  [0x000000] DetectManagedStatus: Detected device management statuses:
2026-08-01 09:49:30, Info                  [0x000000] DetectManagedStatus:    WU Managed: false
2026-08-01 09:49:30, Info                  [0x000000] DetectManagedStatus:    Domain Joined: false
2026-08-01 09:49:30, Info                  [0x000000] DetectManagedStatus:    MDM Enrolled: false
2026-08-01 09:49:30, Info                  [0x000000] DetectManagedStatus: No management signal detected, consider this is an unmanaged device
2026-08-01 09:49:30, Info                  [0x000000] DefaultEnabled: Device is not managed
2026-08-01 09:49:30, Info                  [0x000000] VERSIONTRACK: Will return settings interface version 2
2026-08-01 09:49:30, Info                  [0x000000] Onesettings: Querying Prod server settings-win.data.microsoft.com
2026-08-01 09:49:30, Info                  [0x000000] CPITRTaskHandler::IsSnapshotCreationAllowed: Snapshot creation is allowed
2026-08-01 09:49:32, Info                  [0x000000] CPITRTaskHandler::Worker: Created snapshot with ID: {2DF39504-9573-4023-8F0D-AE64CF1BC6A3}
2026-08-01 09:49:32, Info                  [0x000000] CPITRBase::UpdateScheduledTask: Time from latest snapshot : 0
2026-08-01 09:49:32, Info                  [0x000000] CPITRBase::UpdateScheduledTask: System uptime             : 4351
2026-08-01 09:49:32, Info                  [0x000000] CPITRBase::UpdateScheduledTask: Time to next snapshot     : 1440
2026-08-01 09:49:32, Info                  [0x000000] CPITRBase::ReschedulePITRTask: Will reschedule task to start at: 2026-08-02T09:49:32
2026-08-01 09:49:32, Info                  [0x000000] CPITRBase::UpdateScheduledTask: Successfully rescheduled task
2026-08-01 09:49:32, Info                  [0x000000] CPITRBase::UpdateScheduledTask: Successfully set VSS limit to 37535 MB
2026-08-02 09:49:32, Info                  [0x000000] VERBOSESETTINGS: Found edition ID: Professional
2026-08-02 09:49:32, Info                  [0x000000] Onesettings: Querying Prod server settings-win.data.microsoft.com
2026-08-02 09:49:32, Info                  [0x000000] VERBOSESETTINGS: Succeeded in creating OneSetting interface
2026-08-02 09:49:32, Info                  [0x000000] VERBOSESETTINGS: Before OneSettings default ON for client: Yes
2026-08-02 09:49:32, Info                  [0x000000] VERBOSESETTINGS: After OneSettings default ON for client: Yes
2026-08-02 09:49:32, Info                  [0x000000] VERBOSESETTINGS: Before OneSettings default ON for server: No
2026-08-02 09:49:32, Info                  [0x000000] VERBOSESETTINGS: After OneSettings default ON for server: No
2026-08-02 09:49:32, Info                  [0x000000] VERBOSESETTINGS: Before OneSettings default minimum volume size (GiB): 200
2026-08-02 09:49:32, Info                  [0x000000] VERBOSESETTINGS: After OneSettings default minimum volume size (GiB): 200
2026-08-02 09:49:32, Info                  [0x000000] VERBOSESETTINGS: Before OneSettings default reboot delay: 30
2026-08-02 09:49:32, Info                  [0x000000] VERBOSESETTINGS: After OneSettings default reboot delay: 30
2026-08-02 09:49:32, Info                  [0x000000] VERBOSESETTINGS: Before OneSettings default snapshot interval: 1440
2026-08-02 09:49:32, Info                  [0x000000] VERBOSESETTINGS: After OneSettings default snapshot interval: 1440
2026-08-02 09:49:32, Info                  [0x000000] VERBOSESETTINGS: Before OneSettings default snapshot max count: -1
2026-08-02 09:49:32, Info                  [0x000000] VERBOSESETTINGS: After OneSettings default snapshot max count: -1
2026-08-02 09:49:32, Info                  [0x000000] VERBOSESETTINGS: Before OneSettings default snapshot max timespan: 4320
2026-08-02 09:49:32, Info                  [0x000000] VERBOSESETTINGS: After OneSettings default snapshot max timespan: 4320
2026-08-02 09:49:32, Info                  [0x000000] VERBOSESETTINGS: Before OneSettings default snapshot global size (MiB): 3072
2026-08-02 09:49:32, Info                  [0x000000] VERBOSESETTINGS: After OneSettings default snapshot global size (MiB): 3072
2026-08-02 09:49:32, Info                  [0x000000] VERBOSESETTINGS: Before OneSettings default snapshot global size percentage: 2
2026-08-02 09:49:32, Info                  [0x000000] VERBOSESETTINGS: After OneSettings default snapshot global size percentage: 2
2026-08-02 09:49:32, Info                  [0x000000] VERBOSESETTINGS: Before OneSettings default snapshot global size min value (MiB): 2048
2026-08-02 09:49:32, Info                  [0x000000] VERBOSESETTINGS: After OneSettings default snapshot global size min value (MiB): 2048
2026-08-02 09:49:32, Info                  [0x000000] VERBOSESETTINGS: Before OneSettings default snapshot global size max value (MiB): 51200
2026-08-02 09:49:32, Info                  [0x000000] VERBOSESETTINGS: After OneSettings default snapshot global size max value (MiB): 51200
2026-08-02 09:49:32, Info                  [0x000000] Total bytes on volume C:\WINDOWS: 1967930736640
2026-08-02 09:49:32, Info                  [0x000000] DetectManagedStatus: OS Edition: Professional
2026-08-02 09:49:32, Info                  [0x000000] DetectManagedStatus: Professional edition detected, need to further check managed status
2026-08-02 09:49:32, Info                  [0x000000] DetectDomainJoinStatus: Entra joined status: false
2026-08-02 09:49:32, Info                  [0x000000] DetectDomainJoinStatus: AD joined status: false
2026-08-02 09:49:32, Info                  [0x000000] DetectManagedStatus: Detected device management statuses:
2026-08-02 09:49:32, Info                  [0x000000] DetectManagedStatus:    WU Managed: false
2026-08-02 09:49:32, Info                  [0x000000] DetectManagedStatus:    Domain Joined: false
2026-08-02 09:49:32, Info                  [0x000000] DetectManagedStatus:    MDM Enrolled: false
2026-08-02 09:49:32, Info                  [0x000000] DetectManagedStatus: No management signal detected, consider this is an unmanaged device
2026-08-02 09:49:32, Info                  [0x000000] DefaultEnabled: Device is not managed
2026-08-02 09:49:32, Info                  [0x000000] VERSIONTRACK: Will return settings interface version 2
2026-08-02 09:49:32, Info                  [0x000000] Onesettings: Querying Prod server settings-win.data.microsoft.com
2026-08-02 09:49:32, Info                  [0x000000] CPITRTaskHandler::IsSnapshotCreationAllowed: Snapshot creation is allowed
2026-08-02 09:49:34, Info                  [0x000000] CPITRTaskHandler::Worker: Created snapshot with ID: {A4829D2F-B219-4073-9F84-0EFB3F1E7039}
2026-08-02 09:49:34, Info                  [0x000000] CPITRBase::UpdateScheduledTask: Time from latest snapshot : 0
2026-08-02 09:49:34, Info                  [0x000000] CPITRBase::UpdateScheduledTask: System uptime             : 5791
2026-08-02 09:49:34, Info                  [0x000000] CPITRBase::UpdateScheduledTask: Time to next snapshot     : 1440
2026-08-02 09:49:34, Info                  [0x000000] CPITRBase::ReschedulePITRTask: Will reschedule task to start at: 2026-08-03T09:49:34
2026-08-02 09:49:35, Info                  [0x000000] CPITRBase::UpdateScheduledTask: Successfully rescheduled task
2026-08-02 09:49:35, Info                  [0x000000] CPITRBase::UpdateScheduledTask: Successfully set VSS limit to 37535 MB
2026-08-02 09:49:35, Info                  [0x000000] CPITRBase::CleanupSnapshots: Snapshot {2CC75CE8-5848-41F1-818A-659F8BF209CB} is no longer present, will remove the metadata
2026-08-02 09:49:35, Warning               [0x000000] VssDeleteSnapshot: Target snapshot doesn't exist, assume it's already removed
2026-08-02 09:49:35, Info                  [0x000000] CPITRBase::CleanupSnapshots: Snapshot {2DF39504-9573-4023-8F0D-AE64CF1BC6A3} is no longer present, will remove the metadata
2026-08-02 09:49:35, Warning               [0x000000] VssDeleteSnapshot: Target snapshot doesn't exist, assume it's already removed
2026-08-03 09:49:34, Info                  [0x000000] VERBOSESETTINGS: Found edition ID: Professional
2026-08-03 09:49:34, Info                  [0x000000] Onesettings: Querying Prod server settings-win.data.microsoft.com
2026-08-03 09:49:34, Info                  [0x000000] VERBOSESETTINGS: Succeeded in creating OneSetting interface
2026-08-03 09:49:34, Info                  [0x000000] VERBOSESETTINGS: Before OneSettings default ON for client: Yes
2026-08-03 09:49:34, Info                  [0x000000] VERBOSESETTINGS: After OneSettings default ON for client: Yes
2026-08-03 09:49:34, Info                  [0x000000] VERBOSESETTINGS: Before OneSettings default ON for server: No
2026-08-03 09:49:34, Info                  [0x000000] VERBOSESETTINGS: After OneSettings default ON for server: No
2026-08-03 09:49:34, Info                  [0x000000] VERBOSESETTINGS: Before OneSettings default minimum volume size (GiB): 200
2026-08-03 09:49:34, Info                  [0x000000] VERBOSESETTINGS: After OneSettings default minimum volume size (GiB): 200
2026-08-03 09:49:34, Info                  [0x000000] VERBOSESETTINGS: Before OneSettings default reboot delay: 30
2026-08-03 09:49:34, Info                  [0x000000] VERBOSESETTINGS: After OneSettings default reboot delay: 30
2026-08-03 09:49:34, Info                  [0x000000] VERBOSESETTINGS: Before OneSettings default snapshot interval: 1440
2026-08-03 09:49:34, Info                  [0x000000] VERBOSESETTINGS: After OneSettings default snapshot interval: 1440
2026-08-03 09:49:34, Info                  [0x000000] VERBOSESETTINGS: Before OneSettings default snapshot max count: -1
2026-08-03 09:49:34, Info                  [0x000000] VERBOSESETTINGS: After OneSettings default snapshot max count: -1
2026-08-03 09:49:34, Info                  [0x000000] VERBOSESETTINGS: Before OneSettings default snapshot max timespan: 4320
2026-08-03 09:49:34, Info                  [0x000000] VERBOSESETTINGS: After OneSettings default snapshot max timespan: 4320
2026-08-03 09:49:34, Info                  [0x000000] VERBOSESETTINGS: Before OneSettings default snapshot global size (MiB): 3072
2026-08-03 09:49:34, Info                  [0x000000] VERBOSESETTINGS: After OneSettings default snapshot global size (MiB): 3072
2026-08-03 09:49:34, Info                  [0x000000] VERBOSESETTINGS: Before OneSettings default snapshot global size percentage: 2
2026-08-03 09:49:34, Info                  [0x000000] VERBOSESETTINGS: After OneSettings default snapshot global size percentage: 2
2026-08-03 09:49:34, Info                  [0x000000] VERBOSESETTINGS: Before OneSettings default snapshot global size min value (MiB): 2048
2026-08-03 09:49:34, Info                  [0x000000] VERBOSESETTINGS: After OneSettings default snapshot global size min value (MiB): 2048
2026-08-03 09:49:34, Info                  [0x000000] VERBOSESETTINGS: Before OneSettings default snapshot global size max value (MiB): 51200
2026-08-03 09:49:34, Info                  [0x000000] VERBOSESETTINGS: After OneSettings default snapshot global size max value (MiB): 51200
2026-08-03 09:49:34, Info                  [0x000000] Total bytes on volume C:\WINDOWS: 1967930736640
2026-08-03 09:49:34, Info                  [0x000000] DetectManagedStatus: OS Edition: Professional
2026-08-03 09:49:34, Info                  [0x000000] DetectManagedStatus: Professional edition detected, need to further check managed status
2026-08-03 09:49:34, Info                  [0x000000] DetectDomainJoinStatus: Entra joined status: false
2026-08-03 09:49:34, Info                  [0x000000] DetectDomainJoinStatus: AD joined status: false
2026-08-03 09:49:34, Info                  [0x000000] DetectManagedStatus: Detected device management statuses:
2026-08-03 09:49:34, Info                  [0x000000] DetectManagedStatus:    WU Managed: false
2026-08-03 09:49:34, Info                  [0x000000] DetectManagedStatus:    Domain Joined: false
2026-08-03 09:49:34, Info                  [0x000000] DetectManagedStatus:    MDM Enrolled: false
2026-08-03 09:49:34, Info                  [0x000000] DetectManagedStatus: No management signal detected, consider this is an unmanaged device
2026-08-03 09:49:34, Info                  [0x000000] DefaultEnabled: Device is not managed
2026-08-03 09:49:34, Info                  [0x000000] VERSIONTRACK: Will return settings interface version 2
2026-08-03 09:49:34, Info                  [0x000000] Onesettings: Querying Prod server settings-win.data.microsoft.com
2026-08-03 09:49:34, Info                  [0x000000] CPITRTaskHandler::IsSnapshotCreationAllowed: Snapshot creation is allowed
2026-08-03 09:49:37, Info                  [0x000000] CPITRTaskHandler::Worker: Created snapshot with ID: {72B3AE23-4C93-42E9-9815-793B15DBAE52}
2026-08-03 09:49:37, Info                  [0x000000] CPITRBase::UpdateScheduledTask: Time from latest snapshot : 0
2026-08-03 09:49:37, Info                  [0x000000] CPITRBase::UpdateScheduledTask: System uptime             : 7231
2026-08-03 09:49:37, Info                  [0x000000] CPITRBase::UpdateScheduledTask: Time to next snapshot     : 1440
2026-08-03 09:49:37, Info                  [0x000000] CPITRBase::ReschedulePITRTask: Will reschedule task to start at: 2026-08-04T09:49:37
2026-08-03 09:49:37, Info                  [0x000000] CPITRBase::UpdateScheduledTask: Successfully rescheduled task
2026-08-03 09:49:37, Info                  [0x000000] CPITRBase::UpdateScheduledTask: Successfully set VSS limit to 37535 MB
2026-08-04 09:49:37, Info                  [0x000000] VERBOSESETTINGS: Found edition ID: Professional
2026-08-04 09:49:37, Info                  [0x000000] Onesettings: Querying Prod server settings-win.data.microsoft.com
2026-08-04 09:49:38, Info                  [0x000000] VERBOSESETTINGS: Succeeded in creating OneSetting interface
2026-08-04 09:49:38, Info                  [0x000000] VERBOSESETTINGS: Before OneSettings default ON for client: Yes
2026-08-04 09:49:38, Info                  [0x000000] VERBOSESETTINGS: After OneSettings default ON for client: Yes
2026-08-04 09:49:38, Info                  [0x000000] VERBOSESETTINGS: Before OneSettings default ON for server: No
2026-08-04 09:49:38, Info                  [0x000000] VERBOSESETTINGS: After OneSettings default ON for server: No
2026-08-04 09:49:38, Info                  [0x000000] VERBOSESETTINGS: Before OneSettings default minimum volume size (GiB): 200
2026-08-04 09:49:38, Info                  [0x000000] VERBOSESETTINGS: After OneSettings default minimum volume size (GiB): 200
2026-08-04 09:49:38, Info                  [0x000000] VERBOSESETTINGS: Before OneSettings default reboot delay: 30
2026-08-04 09:49:38, Info                  [0x000000] VERBOSESETTINGS: After OneSettings default reboot delay: 30
2026-08-04 09:49:38, Info                  [0x000000] VERBOSESETTINGS: Before OneSettings default snapshot interval: 1440
2026-08-04 09:49:38, Info                  [0x000000] VERBOSESETTINGS: After OneSettings default snapshot interval: 1440
2026-08-04 09:49:38, Info                  [0x000000] VERBOSESETTINGS: Before OneSettings default snapshot max count: -1
2026-08-04 09:49:38, Info                  [0x000000] VERBOSESETTINGS: After OneSettings default snapshot max count: -1
2026-08-04 09:49:38, Info                  [0x000000] VERBOSESETTINGS: Before OneSettings default snapshot max timespan: 4320
2026-08-04 09:49:38, Info                  [0x000000] VERBOSESETTINGS: After OneSettings default snapshot max timespan: 4320
2026-08-04 09:49:38, Info                  [0x000000] VERBOSESETTINGS: Before OneSettings default snapshot global size (MiB): 3072
2026-08-04 09:49:38, Info                  [0x000000] VERBOSESETTINGS: After OneSettings default snapshot global size (MiB): 3072
2026-08-04 09:49:38, Info                  [0x000000] VERBOSESETTINGS: Before OneSettings default snapshot global size percentage: 2
2026-08-04 09:49:38, Info                  [0x000000] VERBOSESETTINGS: After OneSettings default snapshot global size percentage: 2
2026-08-04 09:49:38, Info                  [0x000000] VERBOSESETTINGS: Before OneSettings default snapshot global size min value (MiB): 2048
2026-08-04 09:49:38, Info                  [0x000000] VERBOSESETTINGS: After OneSettings default snapshot global size min value (MiB): 2048
2026-08-04 09:49:38, Info                  [0x000000] VERBOSESETTINGS: Before OneSettings default snapshot global size max value (MiB): 51200
2026-08-04 09:49:38, Info                  [0x000000] VERBOSESETTINGS: After OneSettings default snapshot global size max value (MiB): 51200
2026-08-04 09:49:38, Info                  [0x000000] Total bytes on volume C:\WINDOWS: 1967930736640
2026-08-04 09:49:38, Info                  [0x000000] DetectManagedStatus: OS Edition: Professional
2026-08-04 09:49:38, Info                  [0x000000] DetectManagedStatus: Professional edition detected, need to further check managed status
2026-08-04 09:49:38, Info                  [0x000000] DetectDomainJoinStatus: Entra joined status: false
2026-08-04 09:49:38, Info                  [0x000000] DetectDomainJoinStatus: AD joined status: false
2026-08-04 09:49:38, Info                  [0x000000] DetectManagedStatus: Detected device management statuses:
2026-08-04 09:49:38, Info                  [0x000000] DetectManagedStatus:    WU Managed: false
2026-08-04 09:49:38, Info                  [0x000000] DetectManagedStatus:    Domain Joined: false
2026-08-04 09:49:38, Info                  [0x000000] DetectManagedStatus:    MDM Enrolled: false
2026-08-04 09:49:38, Info                  [0x000000] DetectManagedStatus: No management signal detected, consider this is an unmanaged device
2026-08-04 09:49:38, Info                  [0x000000] DefaultEnabled: Device is not managed
2026-08-04 09:49:38, Info                  [0x000000] VERSIONTRACK: Will return settings interface version 2
2026-08-04 09:49:38, Info                  [0x000000] Onesettings: Querying Prod server settings-win.data.microsoft.com
2026-08-04 09:49:38, Info                  [0x000000] CPITRTaskHandler::IsSnapshotCreationAllowed: Snapshot creation is allowed
2026-08-04 09:49:40, Info                  [0x000000] CPITRTaskHandler::Worker: Created snapshot with ID: {46FA0175-E627-487B-B22B-704D80E993C4}
2026-08-04 09:49:40, Info                  [0x000000] CPITRBase::UpdateScheduledTask: Time from latest snapshot : 0
2026-08-04 09:49:40, Info                  [0x000000] CPITRBase::UpdateScheduledTask: System uptime             : 8671
2026-08-04 09:49:40, Info                  [0x000000] CPITRBase::UpdateScheduledTask: Time to next snapshot     : 1440
2026-08-04 09:49:40, Info                  [0x000000] CPITRBase::ReschedulePITRTask: Will reschedule task to start at: 2026-08-05T09:49:40
2026-08-04 09:49:41, Info                  [0x000000] CPITRBase::UpdateScheduledTask: Successfully rescheduled task
2026-08-04 09:49:41, Info                  [0x000000] CPITRBase::UpdateScheduledTask: Successfully set VSS limit to 37535 MB
2026-08-05 09:49:40, Info                  [0x000000] VERBOSESETTINGS: Found edition ID: Professional
2026-08-05 09:49:40, Info                  [0x000000] Onesettings: Querying Prod server settings-win.data.microsoft.com
2026-08-05 09:49:41, Info                  [0x000000] VERBOSESETTINGS: Succeeded in creating OneSetting interface
2026-08-05 09:49:41, Info                  [0x000000] VERBOSESETTINGS: Before OneSettings default ON for client: Yes
2026-08-05 09:49:41, Info                  [0x000000] VERBOSESETTINGS: After OneSettings default ON for client: Yes
2026-08-05 09:49:41, Info                  [0x000000] VERBOSESETTINGS: Before OneSettings default ON for server: No
2026-08-05 09:49:41, Info                  [0x000000] VERBOSESETTINGS: After OneSettings default ON for server: No
2026-08-05 09:49:41, Info                  [0x000000] VERBOSESETTINGS: Before OneSettings default minimum volume size (GiB): 200
2026-08-05 09:49:41, Info                  [0x000000] VERBOSESETTINGS: After OneSettings default minimum volume size (GiB): 200
2026-08-05 09:49:41, Info                  [0x000000] VERBOSESETTINGS: Before OneSettings default reboot delay: 30
2026-08-05 09:49:41, Info                  [0x000000] VERBOSESETTINGS: After OneSettings default reboot delay: 30
2026-08-05 09:49:41, Info                  [0x000000] VERBOSESETTINGS: Before OneSettings default snapshot interval: 1440
2026-08-05 09:49:41, Info                  [0x000000] VERBOSESETTINGS: After OneSettings default snapshot interval: 1440
2026-08-05 09:49:41, Info                  [0x000000] VERBOSESETTINGS: Before OneSettings default snapshot max count: -1
2026-08-05 09:49:41, Info                  [0x000000] VERBOSESETTINGS: After OneSettings default snapshot max count: -1
2026-08-05 09:49:41, Info                  [0x000000] VERBOSESETTINGS: Before OneSettings default snapshot max timespan: 4320
2026-08-05 09:49:41, Info                  [0x000000] VERBOSESETTINGS: After OneSettings default snapshot max timespan: 4320
2026-08-05 09:49:41, Info                  [0x000000] VERBOSESETTINGS: Before OneSettings default snapshot global size (MiB): 3072
2026-08-05 09:49:41, Info                  [0x000000] VERBOSESETTINGS: After OneSettings default snapshot global size (MiB): 3072
2026-08-05 09:49:41, Info                  [0x000000] VERBOSESETTINGS: Before OneSettings default snapshot global size percentage: 2
2026-08-05 09:49:41, Info                  [0x000000] VERBOSESETTINGS: After OneSettings default snapshot global size percentage: 2
2026-08-05 09:49:41, Info                  [0x000000] VERBOSESETTINGS: Before OneSettings default snapshot global size min value (MiB): 2048
2026-08-05 09:49:41, Info                  [0x000000] VERBOSESETTINGS: After OneSettings default snapshot global size min value (MiB): 2048
2026-08-05 09:49:41, Info                  [0x000000] VERBOSESETTINGS: Before OneSettings default snapshot global size max value (MiB): 51200
2026-08-05 09:49:41, Info                  [0x000000] VERBOSESETTINGS: After OneSettings default snapshot global size max value (MiB): 51200
2026-08-05 09:49:41, Info                  [0x000000] Total bytes on volume C:\WINDOWS: 1967930736640
2026-08-05 09:49:41, Info                  [0x000000] DetectManagedStatus: OS Edition: Professional
2026-08-05 09:49:41, Info                  [0x000000] DetectManagedStatus: Professional edition detected, need to further check managed status
2026-08-05 09:49:41, Info                  [0x000000] DetectDomainJoinStatus: Entra joined status: false
2026-08-05 09:49:41, Info                  [0x000000] DetectDomainJoinStatus: AD joined status: false
2026-08-05 09:49:41, Info                  [0x000000] DetectManagedStatus: Detected device management statuses:
2026-08-05 09:49:41, Info                  [0x000000] DetectManagedStatus:    WU Managed: false
2026-08-05 09:49:41, Info                  [0x000000] DetectManagedStatus:    Domain Joined: false
2026-08-05 09:49:41, Info                  [0x000000] DetectManagedStatus:    MDM Enrolled: false
2026-08-05 09:49:41, Info                  [0x000000] DetectManagedStatus: No management signal detected, consider this is an unmanaged device
2026-08-05 09:49:41, Info                  [0x000000] DefaultEnabled: Device is not managed
2026-08-05 09:49:41, Info                  [0x000000] VERSIONTRACK: Will return settings interface version 2
2026-08-05 09:49:41, Info                  [0x000000] Onesettings: Querying Prod server settings-win.data.microsoft.com
2026-08-05 09:49:41, Info                  [0x000000] CPITRTaskHandler::IsSnapshotCreationAllowed: Snapshot creation is allowed
2026-08-05 09:49:43, Info                  [0x000000] CPITRTaskHandler::Worker: Created snapshot with ID: {F3C5EFB5-BFA8-4541-A6C4-83E114CD2AA7}
2026-08-05 09:49:43, Info                  [0x000000] CPITRBase::UpdateScheduledTask: Time from latest snapshot : 0
2026-08-05 09:49:43, Info                  [0x000000] CPITRBase::UpdateScheduledTask: System uptime             : 10111
2026-08-05 09:49:43, Info                  [0x000000] CPITRBase::UpdateScheduledTask: Time to next snapshot     : 1440
2026-08-05 09:49:43, Info                  [0x000000] CPITRBase::ReschedulePITRTask: Will reschedule task to start at: 2026-08-06T09:49:43
2026-08-05 09:49:43, Info                  [0x000000] CPITRBase::UpdateScheduledTask: Successfully rescheduled task
2026-08-05 09:49:43, Info                  [0x000000] CPITRBase::UpdateScheduledTask: Successfully set VSS limit to 37535 MB
2026-08-06 09:49:43, Info                  [0x000000] VERBOSESETTINGS: Found edition ID: Professional
2026-08-06 09:49:43, Info                  [0x000000] Onesettings: Querying Prod server settings-win.data.microsoft.com
2026-08-06 09:49:45, Info                  [0x000000] VERBOSESETTINGS: Succeeded in creating OneSetting interface
2026-08-06 09:49:45, Info                  [0x000000] VERBOSESETTINGS: Before OneSettings default ON for client: Yes
2026-08-06 09:49:45, Info                  [0x000000] VERBOSESETTINGS: After OneSettings default ON for client: Yes
2026-08-06 09:49:45, Info                  [0x000000] VERBOSESETTINGS: Before OneSettings default ON for server: No
2026-08-06 09:49:45, Info                  [0x000000] VERBOSESETTINGS: After OneSettings default ON for server: No
2026-08-06 09:49:45, Info                  [0x000000] VERBOSESETTINGS: Before OneSettings default minimum volume size (GiB): 200
2026-08-06 09:49:45, Info                  [0x000000] VERBOSESETTINGS: After OneSettings default minimum volume size (GiB): 200
2026-08-06 09:49:45, Info                  [0x000000] VERBOSESETTINGS: Before OneSettings default reboot delay: 30
2026-08-06 09:49:45, Info                  [0x000000] VERBOSESETTINGS: After OneSettings default reboot delay: 30
2026-08-06 09:49:45, Info                  [0x000000] VERBOSESETTINGS: Before OneSettings default snapshot interval: 1440
2026-08-06 09:49:45, Info                  [0x000000] VERBOSESETTINGS: After OneSettings default snapshot interval: 1440
2026-08-06 09:49:45, Info                  [0x000000] VERBOSESETTINGS: Before OneSettings default snapshot max count: -1
2026-08-06 09:49:45, Info                  [0x000000] VERBOSESETTINGS: After OneSettings default snapshot max count: -1
2026-08-06 09:49:45, Info                  [0x000000] VERBOSESETTINGS: Before OneSettings default snapshot max timespan: 4320
2026-08-06 09:49:45, Info                  [0x000000] VERBOSESETTINGS: After OneSettings default snapshot max timespan: 4320
2026-08-06 09:49:45, Info                  [0x000000] VERBOSESETTINGS: Before OneSettings default snapshot global size (MiB): 3072
2026-08-06 09:49:45, Info                  [0x000000] VERBOSESETTINGS: After OneSettings default snapshot global size (MiB): 3072
2026-08-06 09:49:45, Info                  [0x000000] VERBOSESETTINGS: Before OneSettings default snapshot global size percentage: 2
2026-08-06 09:49:45, Info                  [0x000000] VERBOSESETTINGS: After OneSettings default snapshot global size percentage: 2
2026-08-06 09:49:45, Info                  [0x000000] VERBOSESETTINGS: Before OneSettings default snapshot global size min value (MiB): 2048
2026-08-06 09:49:45, Info                  [0x000000] VERBOSESETTINGS: After OneSettings default snapshot global size min value (MiB): 2048
2026-08-06 09:49:45, Info                  [0x000000] VERBOSESETTINGS: Before OneSettings default snapshot global size max value (MiB): 51200
2026-08-06 09:49:45, Info                  [0x000000] VERBOSESETTINGS: After OneSettings default snapshot global size max value (MiB): 51200
2026-08-06 09:49:45, Info                  [0x000000] Total bytes on volume C:\WINDOWS: 1967930736640
2026-08-06 09:49:45, Info                  [0x000000] DetectManagedStatus: OS Edition: Professional
2026-08-06 09:49:45, Info                  [0x000000] DetectManagedStatus: Professional edition detected, need to further check managed status
2026-08-06 09:49:45, Info                  [0x000000] DetectDomainJoinStatus: Entra joined status: false
2026-08-06 09:49:45, Info                  [0x000000] DetectDomainJoinStatus: AD joined status: false
2026-08-06 09:49:45, Info                  [0x000000] DetectManagedStatus: Detected device management statuses:
2026-08-06 09:49:45, Info                  [0x000000] DetectManagedStatus:    WU Managed: false
2026-08-06 09:49:45, Info                  [0x000000] DetectManagedStatus:    Domain Joined: false
2026-08-06 09:49:45, Info                  [0x000000] DetectManagedStatus:    MDM Enrolled: false
2026-08-06 09:49:45, Info                  [0x000000] DetectManagedStatus: No management signal detected, consider this is an unmanaged device
2026-08-06 09:49:45, Info                  [0x000000] DefaultEnabled: Device is not managed
2026-08-06 09:49:45, Info                  [0x000000] VERSIONTRACK: Will return settings interface version 2
2026-08-06 09:49:45, Info                  [0x000000] Onesettings: Querying Prod server settings-win.data.microsoft.com
2026-08-06 09:49:45, Info                  [0x000000] CPITRTaskHandler::IsSnapshotCreationAllowed: Snapshot creation is allowed
2026-08-06 09:49:47, Info                  [0x000000] CPITRTaskHandler::Worker: Created snapshot with ID: {73035F7B-13E9-4F5D-9A03-7A204F7773AB}
2026-08-06 09:49:47, Info                  [0x000000] CPITRBase::UpdateScheduledTask: Time from latest snapshot : 0
2026-08-06 09:49:47, Info                  [0x000000] CPITRBase::UpdateScheduledTask: System uptime             : 11551
2026-08-06 09:49:47, Info                  [0x000000] CPITRBase::UpdateScheduledTask: Time to next snapshot     : 1440
2026-08-06 09:49:47, Info                  [0x000000] CPITRBase::ReschedulePITRTask: Will reschedule task to start at: 2026-08-07T09:49:47
2026-08-06 09:49:47, Info                  [0x000000] CPITRBase::UpdateScheduledTask: Successfully rescheduled task
2026-08-06 09:49:47, Info                  [0x000000] CPITRBase::UpdateScheduledTask: Successfully set VSS limit to 37535 MB
2026-08-06 09:49:47, Info                  [0x000000] CPITRBase::CleanupSnapshots: Snapshot {A4829D2F-B219-4073-9F84-0EFB3F1E7039} is too old (5760 minutes vs 4320 max minutes). Removing snapshot.
2026-08-07 09:49:47, Info                  [0x000000] VERBOSESETTINGS: Found edition ID: Professional
2026-08-07 09:49:47, Info                  [0x000000] Onesettings: Querying Prod server settings-win.data.microsoft.com
2026-08-07 09:49:48, Info                  [0x000000] VERBOSESETTINGS: Succeeded in creating OneSetting interface
2026-08-07 09:49:48, Info                  [0x000000] VERBOSESETTINGS: Before OneSettings default ON for client: Yes
2026-08-07 09:49:48, Info                  [0x000000] VERBOSESETTINGS: After OneSettings default ON for client: Yes
2026-08-07 09:49:48, Info                  [0x000000] VERBOSESETTINGS: Before OneSettings default ON for server: No
2026-08-07 09:49:48, Info                  [0x000000] VERBOSESETTINGS: After OneSettings default ON for server: No
2026-08-07 09:49:48, Info                  [0x000000] VERBOSESETTINGS: Before OneSettings default minimum volume size (GiB): 200
2026-08-07 09:49:48, Info                  [0x000000] VERBOSESETTINGS: After OneSettings default minimum volume size (GiB): 200
2026-08-07 09:49:48, Info                  [0x000000] VERBOSESETTINGS: Before OneSettings default reboot delay: 30
2026-08-07 09:49:48, Info                  [0x000000] VERBOSESETTINGS: After OneSettings default reboot delay: 30
2026-08-07 09:49:48, Info                  [0x000000] VERBOSESETTINGS: Before OneSettings default snapshot interval: 1440
2026-08-07 09:49:48, Info                  [0x000000] VERBOSESETTINGS: After OneSettings default snapshot interval: 1440
2026-08-07 09:49:48, Info                  [0x000000] VERBOSESETTINGS: Before OneSettings default snapshot max count: -1
2026-08-07 09:49:48, Info                  [0x000000] VERBOSESETTINGS: After OneSettings default snapshot max count: -1
2026-08-07 09:49:48, Info                  [0x000000] VERBOSESETTINGS: Before OneSettings default snapshot max timespan: 4320
2026-08-07 09:49:48, Info                  [0x000000] VERBOSESETTINGS: After OneSettings default snapshot max timespan: 4320
2026-08-07 09:49:48, Info                  [0x000000] VERBOSESETTINGS: Before OneSettings default snapshot global size (MiB): 3072
2026-08-07 09:49:48, Info                  [0x000000] VERBOSESETTINGS: After OneSettings default snapshot global size (MiB): 3072
2026-08-07 09:49:48, Info                  [0x000000] VERBOSESETTINGS: Before OneSettings default snapshot global size percentage: 2
2026-08-07 09:49:48, Info                  [0x000000] VERBOSESETTINGS: After OneSettings default snapshot global size percentage: 2
2026-08-07 09:49:48, Info                  [0x000000] VERBOSESETTINGS: Before OneSettings default snapshot global size min value (MiB): 2048
2026-08-07 09:49:48, Info                  [0x000000] VERBOSESETTINGS: After OneSettings default snapshot global size min value (MiB): 2048
2026-08-07 09:49:48, Info                  [0x000000] VERBOSESETTINGS: Before OneSettings default snapshot global size max value (MiB): 51200
2026-08-07 09:49:48, Info                  [0x000000] VERBOSESETTINGS: After OneSettings default snapshot global size max value (MiB): 51200
2026-08-07 09:49:48, Info                  [0x000000] Total bytes on volume C:\WINDOWS: 1967930736640
2026-08-07 09:49:48, Info                  [0x000000] DetectManagedStatus: OS Edition: Professional
2026-08-07 09:49:48, Info                  [0x000000] DetectManagedStatus: Professional edition detected, need to further check managed status
2026-08-07 09:49:48, Info                  [0x000000] DetectDomainJoinStatus: Entra joined status: false
2026-08-07 09:49:48, Info                  [0x000000] DetectDomainJoinStatus: AD joined status: false
2026-08-07 09:49:48, Info                  [0x000000] DetectManagedStatus: Detected device management statuses:
2026-08-07 09:49:48, Info                  [0x000000] DetectManagedStatus:    WU Managed: false
2026-08-07 09:49:48, Info                  [0x000000] DetectManagedStatus:    Domain Joined: false
2026-08-07 09:49:48, Info                  [0x000000] DetectManagedStatus:    MDM Enrolled: false
2026-08-07 09:49:48, Info                  [0x000000] DetectManagedStatus: No management signal detected, consider this is an unmanaged device
2026-08-07 09:49:48, Info                  [0x000000] DefaultEnabled: Device is not managed
2026-08-07 09:49:48, Info                  [0x000000] VERSIONTRACK: Will return settings interface version 2
2026-08-07 09:49:48, Info                  [0x000000] Onesettings: Querying Prod server settings-win.data.microsoft.com
2026-08-07 09:49:48, Info                  [0x000000] CPITRTaskHandler::IsSnapshotCreationAllowed: Snapshot creation is allowed
2026-08-07 09:49:50, Info                  [0x000000] CPITRTaskHandler::Worker: Created snapshot with ID: {F1C0B6A3-700E-4EC3-B36F-6B226005B5C1}
2026-08-07 09:49:50, Info                  [0x000000] CPITRBase::UpdateScheduledTask: Time from latest snapshot : 0
2026-08-07 09:49:50, Info                  [0x000000] CPITRBase::UpdateScheduledTask: System uptime             : 12991
2026-08-07 09:49:50, Info                  [0x000000] CPITRBase::UpdateScheduledTask: Time to next snapshot     : 1440
2026-08-07 09:49:50, Info                  [0x000000] CPITRBase::ReschedulePITRTask: Will reschedule task to start at: 2026-08-08T09:49:50
2026-08-07 09:49:50, Info                  [0x000000] CPITRBase::UpdateScheduledTask: Successfully rescheduled task
2026-08-07 09:49:50, Info                  [0x000000] CPITRBase::UpdateScheduledTask: Successfully set VSS limit to 37535 MB
2026-08-07 09:49:51, Info                  [0x000000] CPITRBase::CleanupSnapshots: Snapshot {72B3AE23-4C93-42E9-9815-793B15DBAE52} is too old (5760 minutes vs 4320 max minutes). Removing snapshot.
2026-08-08 09:49:51, Info                  [0x000000] VERBOSESETTINGS: Found edition ID: Professional
2026-08-08 09:49:51, Info                  [0x000000] Onesettings: Querying Prod server settings-win.data.microsoft.com
2026-08-08 09:49:52, Info                  [0x000000] VERBOSESETTINGS: Succeeded in creating OneSetting interface
2026-08-08 09:49:52, Info                  [0x000000] VERBOSESETTINGS: Before OneSettings default ON for client: Yes
2026-08-08 09:49:52, Info                  [0x000000] VERBOSESETTINGS: After OneSettings default ON for client: Yes
2026-08-08 09:49:52, Info                  [0x000000] VERBOSESETTINGS: Before OneSettings default ON for server: No
2026-08-08 09:49:52, Info                  [0x000000] VERBOSESETTINGS: After OneSettings default ON for server: No
2026-08-08 09:49:52, Info                  [0x000000] VERBOSESETTINGS: Before OneSettings default minimum volume size (GiB): 200
2026-08-08 09:49:52, Info                  [0x000000] VERBOSESETTINGS: After OneSettings default minimum volume size (GiB): 200
2026-08-08 09:49:52, Info                  [0x000000] VERBOSESETTINGS: Before OneSettings default reboot delay: 30
2026-08-08 09:49:52, Info                  [0x000000] VERBOSESETTINGS: After OneSettings default reboot delay: 30
2026-08-08 09:49:52, Info                  [0x000000] VERBOSESETTINGS: Before OneSettings default snapshot interval: 1440
2026-08-08 09:49:52, Info                  [0x000000] VERBOSESETTINGS: After OneSettings default snapshot interval: 1440
2026-08-08 09:49:52, Info                  [0x000000] VERBOSESETTINGS: Before OneSettings default snapshot max count: -1
2026-08-08 09:49:52, Info                  [0x000000] VERBOSESETTINGS: After OneSettings default snapshot max count: -1
2026-08-08 09:49:52, Info                  [0x000000] VERBOSESETTINGS: Before OneSettings default snapshot max timespan: 4320
2026-08-08 09:49:52, Info                  [0x000000] VERBOSESETTINGS: After OneSettings default snapshot max timespan: 4320
2026-08-08 09:49:52, Info                  [0x000000] VERBOSESETTINGS: Before OneSettings default snapshot global size (MiB): 3072
2026-08-08 09:49:52, Info                  [0x000000] VERBOSESETTINGS: After OneSettings default snapshot global size (MiB): 3072
2026-08-08 09:49:52, Info                  [0x000000] VERBOSESETTINGS: Before OneSettings default snapshot global size percentage: 2
2026-08-08 09:49:52, Info                  [0x000000] VERBOSESETTINGS: After OneSettings default snapshot global size percentage: 2
2026-08-08 09:49:52, Info                  [0x000000] VERBOSESETTINGS: Before OneSettings default snapshot global size min value (MiB): 2048
2026-08-08 09:49:52, Info                  [0x000000] VERBOSESETTINGS: After OneSettings default snapshot global size min value (MiB): 2048
2026-08-08 09:49:52, Info                  [0x000000] VERBOSESETTINGS: Before OneSettings default snapshot global size max value (MiB): 51200
2026-08-08 09:49:52, Info                  [0x000000] VERBOSESETTINGS: After OneSettings default snapshot global size max value (MiB): 51200
2026-08-08 09:49:52, Info                  [0x000000] Total bytes on volume C:\WINDOWS: 1967930736640
2026-08-08 09:49:52, Info                  [0x000000] DetectManagedStatus: OS Edition: Professional
2026-08-08 09:49:52, Info                  [0x000000] DetectManagedStatus: Professional edition detected, need to further check managed status
2026-08-08 09:49:52, Info                  [0x000000] DetectDomainJoinStatus: Entra joined status: false
2026-08-08 09:49:52, Info                  [0x000000] DetectDomainJoinStatus: AD joined status: false
2026-08-08 09:49:52, Info                  [0x000000] DetectManagedStatus: Detected device management statuses:
2026-08-08 09:49:52, Info                  [0x000000] DetectManagedStatus:    WU Managed: false
2026-08-08 09:49:52, Info                  [0x000000] DetectManagedStatus:    Domain Joined: false
2026-08-08 09:49:52, Info                  [0x000000] DetectManagedStatus:    MDM Enrolled: false
2026-08-08 09:49:52, Info                  [0x000000] DetectManagedStatus: No management signal detected, consider this is an unmanaged device
2026-08-08 09:49:52, Info                  [0x000000] DefaultEnabled: Device is not managed
2026-08-08 09:49:52, Info                  [0x000000] VERSIONTRACK: Will return settings interface version 2
2026-08-08 09:49:52, Info                  [0x000000] Onesettings: Querying Prod server settings-win.data.microsoft.com
2026-08-08 09:49:52, Info                  [0x000000] CPITRTaskHandler::IsSnapshotCreationAllowed: Snapshot creation is allowed
2026-08-08 09:49:54, Info                  [0x000000] CPITRTaskHandler::Worker: Created snapshot with ID: {30EAD728-ADCF-4CAC-A014-E1BF4176F31C}
2026-08-08 09:49:54, Info                  [0x000000] CPITRBase::UpdateScheduledTask: Time from latest snapshot : 0
2026-08-08 09:49:54, Info                  [0x000000] CPITRBase::UpdateScheduledTask: System uptime             : 14431
2026-08-08 09:49:54, Info                  [0x000000] CPITRBase::UpdateScheduledTask: Time to next snapshot     : 1440
2026-08-08 09:49:54, Info                  [0x000000] CPITRBase::ReschedulePITRTask: Will reschedule task to start at: 2026-08-09T09:49:54
2026-08-08 09:49:54, Info                  [0x000000] CPITRBase::UpdateScheduledTask: Successfully rescheduled task
2026-08-08 09:49:54, Info                  [0x000000] CPITRBase::UpdateScheduledTask: Successfully set VSS limit to 37535 MB
2026-08-08 09:49:54, Info                  [0x000000] CPITRBase::CleanupSnapshots: Snapshot {46FA0175-E627-487B-B22B-704D80E993C4} is too old (5760 minutes vs 4320 max minutes). Removing snapshot.
2026-08-11 15:00:06, Info                  [0x000000] VERBOSESETTINGS: Found edition ID: Professional
2026-08-11 15:00:06, Info                  [0x000000] Onesettings: Querying Prod server settings-win.data.microsoft.com
2026-08-11 15:00:07, Info                  [0x000000] VERBOSESETTINGS: Succeeded in creating OneSetting interface
2026-08-11 15:00:07, Info                  [0x000000] VERBOSESETTINGS: Before OneSettings default ON for client: Yes
2026-08-11 15:00:07, Info                  [0x000000] VERBOSESETTINGS: After OneSettings default ON for client: Yes
2026-08-11 15:00:07, Info                  [0x000000] VERBOSESETTINGS: Before OneSettings default ON for server: No
2026-08-11 15:00:07, Info                  [0x000000] VERBOSESETTINGS: After OneSettings default ON for server: No
2026-08-11 15:00:07, Info                  [0x000000] VERBOSESETTINGS: Before OneSettings default minimum volume size (GiB): 200
2026-08-11 15:00:07, Info                  [0x000000] VERBOSESETTINGS: After OneSettings default minimum volume size (GiB): 200
2026-08-11 15:00:07, Info                  [0x000000] VERBOSESETTINGS: Before OneSettings default reboot delay: 30
2026-08-11 15:00:07, Info                  [0x000000] VERBOSESETTINGS: After OneSettings default reboot delay: 30
2026-08-11 15:00:07, Info                  [0x000000] VERBOSESETTINGS: Before OneSettings default snapshot interval: 1440
2026-08-11 15:00:07, Info                  [0x000000] VERBOSESETTINGS: After OneSettings default snapshot interval: 1440
2026-08-11 15:00:07, Info                  [0x000000] VERBOSESETTINGS: Before OneSettings default snapshot max count: -1
2026-08-11 15:00:07, Info                  [0x000000] VERBOSESETTINGS: After OneSettings default snapshot max count: -1
2026-08-11 15:00:07, Info                  [0x000000] VERBOSESETTINGS: Before OneSettings default snapshot max timespan: 4320
2026-08-11 15:00:07, Info                  [0x000000] VERBOSESETTINGS: After OneSettings default snapshot max timespan: 4320
2026-08-11 15:00:07, Info                  [0x000000] VERBOSESETTINGS: Before OneSettings default snapshot global size (MiB): 3072
2026-08-11 15:00:07, Info                  [0x000000] VERBOSESETTINGS: After OneSettings default snapshot global size (MiB): 3072
2026-08-11 15:00:07, Info                  [0x000000] VERBOSESETTINGS: Before OneSettings default snapshot global size percentage: 2
2026-08-11 15:00:07, Info                  [0x000000] VERBOSESETTINGS: After OneSettings default snapshot global size percentage: 2
2026-08-11 15:00:07, Info                  [0x000000] VERBOSESETTINGS: Before OneSettings default snapshot global size min value (MiB): 2048
2026-08-11 15:00:07, Info                  [0x000000] VERBOSESETTINGS: After OneSettings default snapshot global size min value (MiB): 2048
2026-08-11 15:00:07, Info                  [0x000000] VERBOSESETTINGS: Before OneSettings default snapshot global size max value (MiB): 51200
2026-08-11 15:00:07, Info                  [0x000000] VERBOSESETTINGS: After OneSettings default snapshot global size max value (MiB): 51200
2026-08-11 15:00:07, Info                  [0x000000] Total bytes on volume C:\WINDOWS: 1967930736640
2026-08-11 15:00:07, Info                  [0x000000] DetectManagedStatus: OS Edition: Professional
2026-08-11 15:00:07, Info                  [0x000000] DetectManagedStatus: Professional edition detected, need to further check managed status
2026-08-11 15:00:07, Info                  [0x000000] DetectDomainJoinStatus: Entra joined status: false
2026-08-11 15:00:07, Info                  [0x000000] DetectDomainJoinStatus: AD joined status: false
2026-08-11 15:00:07, Info                  [0x000000] DetectManagedStatus: Detected device management statuses:
2026-08-11 15:00:07, Info                  [0x000000] DetectManagedStatus:    WU Managed: false
2026-08-11 15:00:07, Info                  [0x000000] DetectManagedStatus:    Domain Joined: false
2026-08-11 15:00:07, Info                  [0x000000] DetectManagedStatus:    MDM Enrolled: false
2026-08-11 15:00:07, Info                  [0x000000] DetectManagedStatus: No management signal detected, consider this is an unmanaged device
2026-08-11 15:00:07, Info                  [0x000000] DefaultEnabled: Device is not managed
2026-08-11 15:00:07, Info                  [0x000000] VERSIONTRACK: Will return settings interface version 2
2026-08-11 15:00:07, Info                  [0x000000] Onesettings: Querying Prod server settings-win.data.microsoft.com
2026-08-11 15:00:07, Info                  [0x000000] CPITRTaskHandler::IsSnapshotCreationAllowed: Snapshot creation is allowed
2026-08-11 15:00:09, Info                  [0x000000] CPITRTaskHandler::Worker: Created snapshot with ID: {C2BAC920-7750-41DF-B429-86E6326301FE}
2026-08-11 15:00:10, Info                  [0x000000] CPITRBase::UpdateScheduledTask: Time from latest snapshot : 0
2026-08-11 15:00:10, Info                  [0x000000] CPITRBase::UpdateScheduledTask: System uptime             : 17
2026-08-11 15:00:10, Info                  [0x000000] CPITRBase::UpdateScheduledTask: Time to next snapshot     : 1453
2026-08-11 15:00:10, Info                  [0x000000] CPITRBase::ReschedulePITRTask: Will reschedule task to start at: 2026-08-12T15:13:10
2026-08-11 15:00:10, Info                  [0x000000] CPITRBase::UpdateScheduledTask: Successfully rescheduled task
2026-08-11 15:00:10, Info                  [0x000000] CPITRBase::UpdateScheduledTask: Successfully set VSS limit to 37535 MB
2026-08-11 15:00:10, Info                  [0x000000] CPITRBase::CleanupSnapshots: Snapshot {F3C5EFB5-BFA8-4541-A6C4-83E114CD2AA7} is too old (8950 minutes vs 4320 max minutes). Removing snapshot.
2026-08-11 15:00:10, Info                  [0x000000] CPITRBase::CleanupSnapshots: Snapshot {73035F7B-13E9-4F5D-9A03-7A204F7773AB} is too old (7510 minutes vs 4320 max minutes). Removing snapshot.
2026-08-11 15:00:10, Info                  [0x000000] CPITRBase::CleanupSnapshots: Snapshot {F1C0B6A3-700E-4EC3-B36F-6B226005B5C1} is too old (6070 minutes vs 4320 max minutes). Removing snapshot.
2026-08-11 15:00:10, Info                  [0x000000] CPITRBase::CleanupSnapshots: Snapshot {30EAD728-ADCF-4CAC-A014-E1BF4176F31C} is too old (4630 minutes vs 4320 max minutes). Removing snapshot.
2026-08-13 14:21:27, Info                  [0x000000] VERBOSESETTINGS: Found edition ID: Professional
2026-08-13 14:21:27, Info                  [0x000000] Onesettings: Querying Prod server settings-win.data.microsoft.com
2026-08-13 14:21:28, Info                  [0x000000] VERBOSESETTINGS: Succeeded in creating OneSetting interface
2026-08-13 14:21:28, Info                  [0x000000] VERBOSESETTINGS: Before OneSettings default ON for client: Yes
2026-08-13 14:21:28, Info                  [0x000000] VERBOSESETTINGS: After OneSettings default ON for client: Yes
2026-08-13 14:21:28, Info                  [0x000000] VERBOSESETTINGS: Before OneSettings default ON for server: No
2026-08-13 14:21:28, Info                  [0x000000] VERBOSESETTINGS: After OneSettings default ON for server: No
2026-08-13 14:21:28, Info                  [0x000000] VERBOSESETTINGS: Before OneSettings default minimum volume size (GiB): 200
2026-08-13 14:21:28, Info                  [0x000000] VERBOSESETTINGS: After OneSettings default minimum volume size (GiB): 200
2026-08-13 14:21:28, Info                  [0x000000] VERBOSESETTINGS: Before OneSettings default reboot delay: 30
2026-08-13 14:21:28, Info                  [0x000000] VERBOSESETTINGS: After OneSettings default reboot delay: 30
2026-08-13 14:21:28, Info                  [0x000000] VERBOSESETTINGS: Before OneSettings default snapshot interval: 1440
2026-08-13 14:21:28, Info                  [0x000000] VERBOSESETTINGS: After OneSettings default snapshot interval: 1440
2026-08-13 14:21:28, Info                  [0x000000] VERBOSESETTINGS: Before OneSettings default snapshot max count: -1
2026-08-13 14:21:28, Info                  [0x000000] VERBOSESETTINGS: After OneSettings default snapshot max count: -1
2026-08-13 14:21:28, Info                  [0x000000] VERBOSESETTINGS: Before OneSettings default snapshot max timespan: 4320
2026-08-13 14:21:28, Info                  [0x000000] VERBOSESETTINGS: After OneSettings default snapshot max timespan: 4320
2026-08-13 14:21:28, Info                  [0x000000] VERBOSESETTINGS: Before OneSettings default snapshot global size (MiB): 3072
2026-08-13 14:21:28, Info                  [0x000000] VERBOSESETTINGS: After OneSettings default snapshot global size (MiB): 3072
2026-08-13 14:21:28, Info                  [0x000000] VERBOSESETTINGS: Before OneSettings default snapshot global size percentage: 2
2026-08-13 14:21:28, Info                  [0x000000] VERBOSESETTINGS: After OneSettings default snapshot global size percentage: 2
2026-08-13 14:21:28, Info                  [0x000000] VERBOSESETTINGS: Before OneSettings default snapshot global size min value (MiB): 2048
2026-08-13 14:21:28, Info                  [0x000000] VERBOSESETTINGS: After OneSettings default snapshot global size min value (MiB): 2048
2026-08-13 14:21:28, Info                  [0x000000] VERBOSESETTINGS: Before OneSettings default snapshot global size max value (MiB): 51200
2026-08-13 14:21:28, Info                  [0x000000] VERBOSESETTINGS: After OneSettings default snapshot global size max value (MiB): 51200
2026-08-13 14:21:28, Info                  [0x000000] Total bytes on volume C:\WINDOWS: 1967930736640
2026-08-13 14:21:28, Info                  [0x000000] DetectManagedStatus: OS Edition: Professional
2026-08-13 14:21:28, Info                  [0x000000] DetectManagedStatus: Professional edition detected, need to further check managed status
2026-08-13 14:21:28, Info                  [0x000000] DetectDomainJoinStatus: Entra joined status: false
2026-08-13 14:21:28, Info                  [0x000000] DetectDomainJoinStatus: AD joined status: false
2026-08-13 14:21:28, Info                  [0x000000] DetectManagedStatus: Detected device management statuses:
2026-08-13 14:21:28, Info                  [0x000000] DetectManagedStatus:    WU Managed: false
2026-08-13 14:21:28, Info                  [0x000000] DetectManagedStatus:    Domain Joined: false
2026-08-13 14:21:28, Info                  [0x000000] DetectManagedStatus:    MDM Enrolled: false
2026-08-13 14:21:28, Info                  [0x000000] DetectManagedStatus: No management signal detected, consider this is an unmanaged device
2026-08-13 14:21:28, Info                  [0x000000] DefaultEnabled: Device is not managed
2026-08-13 14:21:28, Info                  [0x000000] VERSIONTRACK: Will return settings interface version 2
2026-08-13 14:21:28, Info                  [0x000000] Onesettings: Querying Prod server settings-win.data.microsoft.com
2026-08-13 14:21:28, Info                  [0x000000] CPITRTaskHandler::IsSnapshotCreationAllowed: Snapshot creation is allowed
2026-08-13 14:21:30, Info                  [0x000000] CPITRTaskHandler::Worker: Created snapshot with ID: {0F4FA4F1-764B-46FA-BABA-8DBB6BDE144D}
2026-08-13 14:21:30, Info                  [0x000000] CPITRBase::UpdateScheduledTask: Time from latest snapshot : 0
2026-08-13 14:21:30, Info                  [0x000000] CPITRBase::UpdateScheduledTask: System uptime             : 22
2026-08-13 14:21:30, Info                  [0x000000] CPITRBase::UpdateScheduledTask: Time to next snapshot     : 1448
2026-08-13 14:21:30, Info                  [0x000000] CPITRBase::ReschedulePITRTask: Will reschedule task to start at: 2026-08-14T14:29:30
2026-08-13 14:21:30, Info                  [0x000000] CPITRBase::UpdateScheduledTask: Successfully rescheduled task
2026-08-13 14:21:30, Info                  [0x000000] CPITRBase::UpdateScheduledTask: Successfully set VSS limit to 37535 MB
2026-08-13 14:21:30, Info                  [0x000000] CPITRBase::CleanupSnapshots: Snapshot {C2BAC920-7750-41DF-B429-86E6326301FE} is no longer present, will remove the metadata
2026-08-13 14:21:30, Warning               [0x000000] VssDeleteSnapshot: Target snapshot doesn't exist, assume it's already removed
2026-08-14 14:29:30, Info                  [0x000000] VERBOSESETTINGS: Found edition ID: Professional
2026-08-14 14:29:30, Info                  [0x000000] Onesettings: Querying Prod server settings-win.data.microsoft.com
2026-08-14 14:29:30, Info                  [0x000000] VERBOSESETTINGS: Succeeded in creating OneSetting interface
2026-08-14 14:29:30, Info                  [0x000000] VERBOSESETTINGS: Before OneSettings default ON for client: Yes
2026-08-14 14:29:30, Info                  [0x000000] VERBOSESETTINGS: After OneSettings default ON for client: Yes
2026-08-14 14:29:30, Info                  [0x000000] VERBOSESETTINGS: Before OneSettings default ON for server: No
2026-08-14 14:29:30, Info                  [0x000000] VERBOSESETTINGS: After OneSettings default ON for server: No
2026-08-14 14:29:30, Info                  [0x000000] VERBOSESETTINGS: Before OneSettings default minimum volume size (GiB): 200
2026-08-14 14:29:30, Info                  [0x000000] VERBOSESETTINGS: After OneSettings default minimum volume size (GiB): 200
2026-08-14 14:29:30, Info                  [0x000000] VERBOSESETTINGS: Before OneSettings default reboot delay: 30
2026-08-14 14:29:30, Info                  [0x000000] VERBOSESETTINGS: After OneSettings default reboot delay: 30
2026-08-14 14:29:30, Info                  [0x000000] VERBOSESETTINGS: Before OneSettings default snapshot interval: 1440
2026-08-14 14:29:30, Info                  [0x000000] VERBOSESETTINGS: After OneSettings default snapshot interval: 1440
2026-08-14 14:29:30, Info                  [0x000000] VERBOSESETTINGS: Before OneSettings default snapshot max count: -1
2026-08-14 14:29:30, Info                  [0x000000] VERBOSESETTINGS: After OneSettings default snapshot max count: -1
2026-08-14 14:29:30, Info                  [0x000000] VERBOSESETTINGS: Before OneSettings default snapshot max timespan: 4320
2026-08-14 14:29:30, Info                  [0x000000] VERBOSESETTINGS: After OneSettings default snapshot max timespan: 4320
2026-08-14 14:29:30, Info                  [0x000000] VERBOSESETTINGS: Before OneSettings default snapshot global size (MiB): 3072
2026-08-14 14:29:30, Info                  [0x000000] VERBOSESETTINGS: After OneSettings default snapshot global size (MiB): 3072
2026-08-14 14:29:30, Info                  [0x000000] VERBOSESETTINGS: Before OneSettings default snapshot global size percentage: 2
2026-08-14 14:29:30, Info                  [0x000000] VERBOSESETTINGS: After OneSettings default snapshot global size percentage: 2
2026-08-14 14:29:30, Info                  [0x000000] VERBOSESETTINGS: Before OneSettings default snapshot global size min value (MiB): 2048
2026-08-14 14:29:30, Info                  [0x000000] VERBOSESETTINGS: After OneSettings default snapshot global size min value (MiB): 2048
2026-08-14 14:29:30, Info                  [0x000000] VERBOSESETTINGS: Before OneSettings default snapshot global size max value (MiB): 51200
2026-08-14 14:29:30, Info                  [0x000000] VERBOSESETTINGS: After OneSettings default snapshot global size max value (MiB): 51200
2026-08-14 14:29:30, Info                  [0x000000] Total bytes on volume C:\WINDOWS: 1967930736640
2026-08-14 14:29:30, Info                  [0x000000] DetectManagedStatus: OS Edition: Professional
2026-08-14 14:29:30, Info                  [0x000000] DetectManagedStatus: Professional edition detected, need to further check managed status
2026-08-14 14:29:30, Info                  [0x000000] DetectDomainJoinStatus: Entra joined status: false
2026-08-14 14:29:30, Info                  [0x000000] DetectDomainJoinStatus: AD joined status: false
2026-08-14 14:29:30, Info                  [0x000000] DetectManagedStatus: Detected device management statuses:
2026-08-14 14:29:30, Info                  [0x000000] DetectManagedStatus:    WU Managed: false
2026-08-14 14:29:30, Info                  [0x000000] DetectManagedStatus:    Domain Joined: false
2026-08-14 14:29:30, Info                  [0x000000] DetectManagedStatus:    MDM Enrolled: false
2026-08-14 14:29:30, Info                  [0x000000] DetectManagedStatus: No management signal detected, consider this is an unmanaged device
2026-08-14 14:29:30, Info                  [0x000000] DefaultEnabled: Device is not managed
2026-08-14 14:29:30, Info                  [0x000000] VERSIONTRACK: Will return settings interface version 2
2026-08-14 14:29:30, Info                  [0x000000] Onesettings: Querying Prod server settings-win.data.microsoft.com
2026-08-14 14:29:30, Info                  [0x000000] CPITRTaskHandler::IsSnapshotCreationAllowed: Snapshot creation is allowed
2026-08-14 14:29:33, Info                  [0x000000] CPITRTaskHandler::Worker: Created snapshot with ID: {8920D8E1-FD34-4A76-9C29-B2099BFE7BFC}
2026-08-14 14:29:33, Info                  [0x000000] CPITRBase::UpdateScheduledTask: Time from latest snapshot : 0
2026-08-14 14:29:33, Info                  [0x000000] CPITRBase::UpdateScheduledTask: System uptime             : 1470
2026-08-14 14:29:33, Info                  [0x000000] CPITRBase::UpdateScheduledTask: Time to next snapshot     : 1440
2026-08-14 14:29:33, Info                  [0x000000] CPITRBase::ReschedulePITRTask: Will reschedule task to start at: 2026-08-15T14:29:33
2026-08-14 14:29:33, Info                  [0x000000] CPITRBase::UpdateScheduledTask: Successfully rescheduled task
2026-08-14 14:29:34, Info                  [0x000000] CPITRBase::UpdateScheduledTask: Successfully set VSS limit to 37535 MB
2026-08-15 14:29:33, Info                  [0x000000] VERBOSESETTINGS: Found edition ID: Professional
2026-08-15 14:29:33, Info                  [0x000000] Onesettings: Querying Prod server settings-win.data.microsoft.com
2026-08-15 14:29:34, Info                  [0x000000] VERBOSESETTINGS: Succeeded in creating OneSetting interface
2026-08-15 14:29:34, Info                  [0x000000] VERBOSESETTINGS: Before OneSettings default ON for client: Yes
2026-08-15 14:29:34, Info                  [0x000000] VERBOSESETTINGS: After OneSettings default ON for client: Yes
2026-08-15 14:29:34, Info                  [0x000000] VERBOSESETTINGS: Before OneSettings default ON for server: No
2026-08-15 14:29:34, Info                  [0x000000] VERBOSESETTINGS: After OneSettings default ON for server: No
2026-08-15 14:29:34, Info                  [0x000000] VERBOSESETTINGS: Before OneSettings default minimum volume size (GiB): 200
2026-08-15 14:29:34, Info                  [0x000000] VERBOSESETTINGS: After OneSettings default minimum volume size (GiB): 200
2026-08-15 14:29:34, Info                  [0x000000] VERBOSESETTINGS: Before OneSettings default reboot delay: 30
2026-08-15 14:29:34, Info                  [0x000000] VERBOSESETTINGS: After OneSettings default reboot delay: 30
2026-08-15 14:29:34, Info                  [0x000000] VERBOSESETTINGS: Before OneSettings default snapshot interval: 1440
2026-08-15 14:29:34, Info                  [0x000000] VERBOSESETTINGS: After OneSettings default snapshot interval: 1440
2026-08-15 14:29:34, Info                  [0x000000] VERBOSESETTINGS: Before OneSettings default snapshot max count: -1
2026-08-15 14:29:34, Info                  [0x000000] VERBOSESETTINGS: After OneSettings default snapshot max count: -1
2026-08-15 14:29:34, Info                  [0x000000] VERBOSESETTINGS: Before OneSettings default snapshot max timespan: 4320
2026-08-15 14:29:34, Info                  [0x000000] VERBOSESETTINGS: After OneSettings default snapshot max timespan: 4320
2026-08-15 14:29:34, Info                  [0x000000] VERBOSESETTINGS: Before OneSettings default snapshot global size (MiB): 3072
2026-08-15 14:29:34, Info                  [0x000000] VERBOSESETTINGS: After OneSettings default snapshot global size (MiB): 3072
2026-08-15 14:29:34, Info                  [0x000000] VERBOSESETTINGS: Before OneSettings default snapshot global size percentage: 2
2026-08-15 14:29:34, Info                  [0x000000] VERBOSESETTINGS: After OneSettings default snapshot global size percentage: 2
2026-08-15 14:29:34, Info                  [0x000000] VERBOSESETTINGS: Before OneSettings default snapshot global size min value (MiB): 2048
2026-08-15 14:29:34, Info                  [0x000000] VERBOSESETTINGS: After OneSettings default snapshot global size min value (MiB): 2048
2026-08-15 14:29:34, Info                  [0x000000] VERBOSESETTINGS: Before OneSettings default snapshot global size max value (MiB): 51200
2026-08-15 14:29:34, Info                  [0x000000] VERBOSESETTINGS: After OneSettings default snapshot global size max value (MiB): 51200
2026-08-15 14:29:34, Info                  [0x000000] Total bytes on volume C:\WINDOWS: 1967930736640
2026-08-15 14:29:34, Info                  [0x000000] DetectManagedStatus: OS Edition: Professional
2026-08-15 14:29:34, Info                  [0x000000] DetectManagedStatus: Professional edition detected, need to further check managed status
2026-08-15 14:29:34, Info                  [0x000000] DetectDomainJoinStatus: Entra joined status: false
2026-08-15 14:29:34, Info                  [0x000000] DetectDomainJoinStatus: AD joined status: false
2026-08-15 14:29:34, Info                  [0x000000] DetectManagedStatus: Detected device management statuses:
2026-08-15 14:29:34, Info                  [0x000000] DetectManagedStatus:    WU Managed: false
2026-08-15 14:29:34, Info                  [0x000000] DetectManagedStatus:    Domain Joined: false
2026-08-15 14:29:34, Info                  [0x000000] DetectManagedStatus:    MDM Enrolled: false
2026-08-15 14:29:34, Info                  [0x000000] DetectManagedStatus: No management signal detected, consider this is an unmanaged device
2026-08-15 14:29:34, Info                  [0x000000] DefaultEnabled: Device is not managed
2026-08-15 14:29:34, Info                  [0x000000] VERSIONTRACK: Will return settings interface version 2
2026-08-15 14:29:34, Info                  [0x000000] Onesettings: Querying Prod server settings-win.data.microsoft.com
2026-08-15 14:29:34, Info                  [0x000000] CPITRTaskHandler::IsSnapshotCreationAllowed: Snapshot creation is allowed
2026-08-15 14:29:37, Info                  [0x000000] CPITRTaskHandler::Worker: Created snapshot with ID: {42241EB5-44F0-49E4-82E0-24923223C550}
2026-08-15 14:29:37, Info                  [0x000000] CPITRBase::UpdateScheduledTask: Time from latest snapshot : 0
2026-08-15 14:29:37, Info                  [0x000000] CPITRBase::UpdateScheduledTask: System uptime             : 2910
2026-08-15 14:29:37, Info                  [0x000000] CPITRBase::UpdateScheduledTask: Time to next snapshot     : 1440
2026-08-15 14:29:37, Info                  [0x000000] CPITRBase::ReschedulePITRTask: Will reschedule task to start at: 2026-08-16T14:29:37
2026-08-15 14:29:37, Info                  [0x000000] CPITRBase::UpdateScheduledTask: Successfully rescheduled task
2026-08-15 14:29:37, Info                  [0x000000] CPITRBase::UpdateScheduledTask: Successfully set VSS limit to 37535 MB
2026-08-15 14:29:37, Info                  [0x000000] CPITRBase::CleanupSnapshots: Snapshot {0F4FA4F1-764B-46FA-BABA-8DBB6BDE144D} is no longer present, will remove the metadata
2026-08-15 14:29:37, Warning               [0x000000] VssDeleteSnapshot: Target snapshot doesn't exist, assume it's already removed
2026-08-15 14:29:37, Info                  [0x000000] CPITRBase::CleanupSnapshots: Snapshot {8920D8E1-FD34-4A76-9C29-B2099BFE7BFC} is no longer present, will remove the metadata
2026-08-15 14:29:37, Warning               [0x000000] VssDeleteSnapshot: Target snapshot doesn't exist, assume it's already removed
2026-08-16 14:41:22, Info                  [0x000000] VERBOSESETTINGS: Found edition ID: Professional
2026-08-16 14:41:22, Info                  [0x000000] Onesettings: Querying Prod server settings-win.data.microsoft.com
2026-08-16 14:41:23, Info                  [0x000000] VERBOSESETTINGS: Succeeded in creating OneSetting interface
2026-08-16 14:41:23, Info                  [0x000000] VERBOSESETTINGS: Before OneSettings default ON for client: Yes
2026-08-16 14:41:23, Info                  [0x000000] VERBOSESETTINGS: After OneSettings default ON for client: Yes
2026-08-16 14:41:23, Info                  [0x000000] VERBOSESETTINGS: Before OneSettings default ON for server: No
2026-08-16 14:41:23, Info                  [0x000000] VERBOSESETTINGS: After OneSettings default ON for server: No
2026-08-16 14:41:23, Info                  [0x000000] VERBOSESETTINGS: Before OneSettings default minimum volume size (GiB): 200
2026-08-16 14:41:23, Info                  [0x000000] VERBOSESETTINGS: After OneSettings default minimum volume size (GiB): 200
2026-08-16 14:41:23, Info                  [0x000000] VERBOSESETTINGS: Before OneSettings default reboot delay: 30
2026-08-16 14:41:23, Info                  [0x000000] VERBOSESETTINGS: After OneSettings default reboot delay: 30
2026-08-16 14:41:23, Info                  [0x000000] VERBOSESETTINGS: Before OneSettings default snapshot interval: 1440
2026-08-16 14:41:23, Info                  [0x000000] VERBOSESETTINGS: After OneSettings default snapshot interval: 1440
2026-08-16 14:41:23, Info                  [0x000000] VERBOSESETTINGS: Before OneSettings default snapshot max count: -1
2026-08-16 14:41:23, Info                  [0x000000] VERBOSESETTINGS: After OneSettings default snapshot max count: -1
2026-08-16 14:41:23, Info                  [0x000000] VERBOSESETTINGS: Before OneSettings default snapshot max timespan: 4320
2026-08-16 14:41:23, Info                  [0x000000] VERBOSESETTINGS: After OneSettings default snapshot max timespan: 4320
2026-08-16 14:41:23, Info                  [0x000000] VERBOSESETTINGS: Before OneSettings default snapshot global size (MiB): 3072
2026-08-16 14:41:23, Info                  [0x000000] VERBOSESETTINGS: After OneSettings default snapshot global size (MiB): 3072
2026-08-16 14:41:23, Info                  [0x000000] VERBOSESETTINGS: Before OneSettings default snapshot global size percentage: 2
2026-08-16 14:41:23, Info                  [0x000000] VERBOSESETTINGS: After OneSettings default snapshot global size percentage: 2
2026-08-16 14:41:23, Info                  [0x000000] VERBOSESETTINGS: Before OneSettings default snapshot global size min value (MiB): 2048
2026-08-16 14:41:23, Info                  [0x000000] VERBOSESETTINGS: After OneSettings default snapshot global size min value (MiB): 2048
2026-08-16 14:41:23, Info                  [0x000000] VERBOSESETTINGS: Before OneSettings default snapshot global size max value (MiB): 51200
2026-08-16 14:41:23, Info                  [0x000000] VERBOSESETTINGS: After OneSettings default snapshot global size max value (MiB): 51200
2026-08-16 14:41:23, Info                  [0x000000] Total bytes on volume C:\WINDOWS: 1967930736640
2026-08-16 14:41:23, Info                  [0x000000] DetectManagedStatus: OS Edition: Professional
2026-08-16 14:41:23, Info                  [0x000000] DetectManagedStatus: Professional edition detected, need to further check managed status
2026-08-16 14:41:23, Info                  [0x000000] DetectDomainJoinStatus: Entra joined status: false
2026-08-16 14:41:23, Info                  [0x000000] DetectDomainJoinStatus: AD joined status: false
2026-08-16 14:41:23, Info                  [0x000000] DetectManagedStatus: Detected device management statuses:
2026-08-16 14:41:23, Info                  [0x000000] DetectManagedStatus:    WU Managed: false
2026-08-16 14:41:23, Info                  [0x000000] DetectManagedStatus:    Domain Joined: false
2026-08-16 14:41:23, Info                  [0x000000] DetectManagedStatus:    MDM Enrolled: false
2026-08-16 14:41:23, Info                  [0x000000] DetectManagedStatus: No management signal detected, consider this is an unmanaged device
2026-08-16 14:41:23, Info                  [0x000000] DefaultEnabled: Device is not managed
2026-08-16 14:41:23, Info                  [0x000000] VERSIONTRACK: Will return settings interface version 2
2026-08-16 14:41:23, Info                  [0x000000] Onesettings: Querying Prod server settings-win.data.microsoft.com
2026-08-16 14:41:23, Info                  [0x000000] CPITRTaskHandler::IsSnapshotCreationAllowed: Snapshot creation is allowed
2026-08-16 14:41:26, Info                  [0x000000] CPITRTaskHandler::Worker: Created snapshot with ID: {4C09D2BE-7698-4E97-9B24-F74DA5CBD452}
2026-08-16 14:41:26, Info                  [0x000000] CPITRBase::UpdateScheduledTask: Time from latest snapshot : 0
2026-08-16 14:41:26, Info                  [0x000000] CPITRBase::UpdateScheduledTask: System uptime             : 4362
2026-08-16 14:41:26, Info                  [0x000000] CPITRBase::UpdateScheduledTask: Time to next snapshot     : 1440
2026-08-16 14:41:26, Info                  [0x000000] CPITRBase::ReschedulePITRTask: Will reschedule task to start at: 2026-08-17T14:41:26
2026-08-16 14:41:26, Info                  [0x000000] CPITRBase::UpdateScheduledTask: Successfully rescheduled task
2026-08-16 14:41:26, Info                  [0x000000] CPITRBase::UpdateScheduledTask: Successfully set VSS limit to 37535 MB
2026-08-16 14:41:26, Info                  [0x000000] CPITRBase::CleanupSnapshots: Snapshot {42241EB5-44F0-49E4-82E0-24923223C550} is no longer present, will remove the metadata
2026-08-16 14:41:26, Warning               [0x000000] VssDeleteSnapshot: Target snapshot doesn't exist, assume it's already removed
2026-08-17 14:41:27, Info                  [0x000000] VERBOSESETTINGS: Found edition ID: Professional
2026-08-17 14:41:27, Info                  [0x000000] Onesettings: Querying Prod server settings-win.data.microsoft.com
2026-08-17 14:41:27, Info                  [0x000000] VERBOSESETTINGS: Succeeded in creating OneSetting interface
2026-08-17 14:41:27, Info                  [0x000000] VERBOSESETTINGS: Before OneSettings default ON for client: Yes
2026-08-17 14:41:27, Info                  [0x000000] VERBOSESETTINGS: After OneSettings default ON for client: Yes
2026-08-17 14:41:27, Info                  [0x000000] VERBOSESETTINGS: Before OneSettings default ON for server: No
2026-08-17 14:41:27, Info                  [0x000000] VERBOSESETTINGS: After OneSettings default ON for server: No
2026-08-17 14:41:27, Info                  [0x000000] VERBOSESETTINGS: Before OneSettings default minimum volume size (GiB): 200
2026-08-17 14:41:27, Info                  [0x000000] VERBOSESETTINGS: After OneSettings default minimum volume size (GiB): 200
2026-08-17 14:41:27, Info                  [0x000000] VERBOSESETTINGS: Before OneSettings default reboot delay: 30
2026-08-17 14:41:27, Info                  [0x000000] VERBOSESETTINGS: After OneSettings default reboot delay: 30
2026-08-17 14:41:27, Info                  [0x000000] VERBOSESETTINGS: Before OneSettings default snapshot interval: 1440
2026-08-17 14:41:27, Info                  [0x000000] VERBOSESETTINGS: After OneSettings default snapshot interval: 1440
2026-08-17 14:41:27, Info                  [0x000000] VERBOSESETTINGS: Before OneSettings default snapshot max count: -1
2026-08-17 14:41:27, Info                  [0x000000] VERBOSESETTINGS: After OneSettings default snapshot max count: -1
2026-08-17 14:41:27, Info                  [0x000000] VERBOSESETTINGS: Before OneSettings default snapshot max timespan: 4320
2026-08-17 14:41:27, Info                  [0x000000] VERBOSESETTINGS: After OneSettings default snapshot max timespan: 4320
2026-08-17 14:41:27, Info                  [0x000000] VERBOSESETTINGS: Before OneSettings default snapshot global size (MiB): 3072
2026-08-17 14:41:27, Info                  [0x000000] VERBOSESETTINGS: After OneSettings default snapshot global size (MiB): 3072
2026-08-17 14:41:27, Info                  [0x000000] VERBOSESETTINGS: Before OneSettings default snapshot global size percentage: 2
2026-08-17 14:41:27, Info                  [0x000000] VERBOSESETTINGS: After OneSettings default snapshot global size percentage: 2
2026-08-17 14:41:27, Info                  [0x000000] VERBOSESETTINGS: Before OneSettings default snapshot global size min value (MiB): 2048
2026-08-17 14:41:27, Info                  [0x000000] VERBOSESETTINGS: After OneSettings default snapshot global size min value (MiB): 2048
2026-08-17 14:41:27, Info                  [0x000000] VERBOSESETTINGS: Before OneSettings default snapshot global size max value (MiB): 51200
2026-08-17 14:41:27, Info                  [0x000000] VERBOSESETTINGS: After OneSettings default snapshot global size max value (MiB): 51200
2026-08-17 14:41:27, Info                  [0x000000] Total bytes on volume C:\WINDOWS: 1967930736640
2026-08-17 14:41:27, Info                  [0x000000] DetectManagedStatus: OS Edition: Professional
2026-08-17 14:41:27, Info                  [0x000000] DetectManagedStatus: Professional edition detected, need to further check managed status
2026-08-17 14:41:27, Info                  [0x000000] DetectDomainJoinStatus: Entra joined status: false
2026-08-17 14:41:27, Info                  [0x000000] DetectDomainJoinStatus: AD joined status: false
2026-08-17 14:41:27, Info                  [0x000000] DetectManagedStatus: Detected device management statuses:
2026-08-17 14:41:27, Info                  [0x000000] DetectManagedStatus:    WU Managed: false
2026-08-17 14:41:27, Info                  [0x000000] DetectManagedStatus:    Domain Joined: false
2026-08-17 14:41:27, Info                  [0x000000] DetectManagedStatus:    MDM Enrolled: false
2026-08-17 14:41:27, Info                  [0x000000] DetectManagedStatus: No management signal detected, consider this is an unmanaged device
2026-08-17 14:41:27, Info                  [0x000000] DefaultEnabled: Device is not managed
2026-08-17 14:41:27, Info                  [0x000000] VERSIONTRACK: Will return settings interface version 2
2026-08-17 14:41:27, Info                  [0x000000] Onesettings: Querying Prod server settings-win.data.microsoft.com
2026-08-17 14:41:27, Info                  [0x000000] CPITRTaskHandler::IsSnapshotCreationAllowed: Snapshot creation is allowed
2026-08-17 14:41:29, Info                  [0x000000] CPITRTaskHandler::Worker: Created snapshot with ID: {1B6CF438-9FD1-4CAA-B696-AFA6092CC3AA}
2026-08-17 14:41:29, Info                  [0x000000] CPITRBase::UpdateScheduledTask: Time from latest snapshot : 0
2026-08-17 14:41:29, Info                  [0x000000] CPITRBase::UpdateScheduledTask: System uptime             : 5802
2026-08-17 14:41:29, Info                  [0x000000] CPITRBase::UpdateScheduledTask: Time to next snapshot     : 1440
2026-08-17 14:41:29, Info                  [0x000000] CPITRBase::ReschedulePITRTask: Will reschedule task to start at: 2026-08-18T14:41:29
2026-08-17 14:41:29, Info                  [0x000000] CPITRBase::UpdateScheduledTask: Successfully rescheduled task
2026-08-17 14:41:29, Info                  [0x000000] CPITRBase::UpdateScheduledTask: Successfully set VSS limit to 37535 MB
2026-08-18 14:41:29, Info                  [0x000000] VERBOSESETTINGS: Found edition ID: Professional
2026-08-18 14:41:29, Info                  [0x000000] Onesettings: Querying Prod server settings-win.data.microsoft.com
2026-08-18 14:41:29, Info                  [0x000000] VERBOSESETTINGS: Succeeded in creating OneSetting interface
2026-08-18 14:41:29, Info                  [0x000000] VERBOSESETTINGS: Before OneSettings default ON for client: Yes
2026-08-18 14:41:29, Info                  [0x000000] VERBOSESETTINGS: After OneSettings default ON for client: Yes
2026-08-18 14:41:29, Info                  [0x000000] VERBOSESETTINGS: Before OneSettings default ON for server: No
2026-08-18 14:41:29, Info                  [0x000000] VERBOSESETTINGS: After OneSettings default ON for server: No
2026-08-18 14:41:29, Info                  [0x000000] VERBOSESETTINGS: Before OneSettings default minimum volume size (GiB): 200
2026-08-18 14:41:29, Info                  [0x000000] VERBOSESETTINGS: After OneSettings default minimum volume size (GiB): 200
2026-08-18 14:41:29, Info                  [0x000000] VERBOSESETTINGS: Before OneSettings default reboot delay: 30
2026-08-18 14:41:29, Info                  [0x000000] VERBOSESETTINGS: After OneSettings default reboot delay: 30
2026-08-18 14:41:29, Info                  [0x000000] VERBOSESETTINGS: Before OneSettings default snapshot interval: 1440
2026-08-18 14:41:29, Info                  [0x000000] VERBOSESETTINGS: After OneSettings default snapshot interval: 1440
2026-08-18 14:41:29, Info                  [0x000000] VERBOSESETTINGS: Before OneSettings default snapshot max count: -1
2026-08-18 14:41:29, Info                  [0x000000] VERBOSESETTINGS: After OneSettings default snapshot max count: -1
2026-08-18 14:41:29, Info                  [0x000000] VERBOSESETTINGS: Before OneSettings default snapshot max timespan: 4320
2026-08-18 14:41:29, Info                  [0x000000] VERBOSESETTINGS: After OneSettings default snapshot max timespan: 4320
2026-08-18 14:41:29, Info                  [0x000000] VERBOSESETTINGS: Before OneSettings default snapshot global size (MiB): 3072
2026-08-18 14:41:29, Info                  [0x000000] VERBOSESETTINGS: After OneSettings default snapshot global size (MiB): 3072
2026-08-18 14:41:29, Info                  [0x000000] VERBOSESETTINGS: Before OneSettings default snapshot global size percentage: 2
2026-08-18 14:41:29, Info                  [0x000000] VERBOSESETTINGS: After OneSettings default snapshot global size percentage: 2
2026-08-18 14:41:29, Info                  [0x000000] VERBOSESETTINGS: Before OneSettings default snapshot global size min value (MiB): 2048
2026-08-18 14:41:29, Info                  [0x000000] VERBOSESETTINGS: After OneSettings default snapshot global size min value (MiB): 2048
2026-08-18 14:41:29, Info                  [0x000000] VERBOSESETTINGS: Before OneSettings default snapshot global size max value (MiB): 51200
2026-08-18 14:41:29, Info                  [0x000000] VERBOSESETTINGS: After OneSettings default snapshot global size max value (MiB): 51200
2026-08-18 14:41:29, Info                  [0x000000] Total bytes on volume C:\WINDOWS: 1967930736640
2026-08-18 14:41:29, Info                  [0x000000] DetectManagedStatus: OS Edition: Professional
2026-08-18 14:41:29, Info                  [0x000000] DetectManagedStatus: Professional edition detected, need to further check managed status
2026-08-18 14:41:29, Info                  [0x000000] DetectDomainJoinStatus: Entra joined status: false
2026-08-18 14:41:29, Info                  [0x000000] DetectDomainJoinStatus: AD joined status: false
2026-08-18 14:41:29, Info                  [0x000000] DetectManagedStatus: Detected device management statuses:
2026-08-18 14:41:29, Info                  [0x000000] DetectManagedStatus:    WU Managed: false
2026-08-18 14:41:29, Info                  [0x000000] DetectManagedStatus:    Domain Joined: false
2026-08-18 14:41:29, Info                  [0x000000] DetectManagedStatus:    MDM Enrolled: false
2026-08-18 14:41:29, Info                  [0x000000] DetectManagedStatus: No management signal detected, consider this is an unmanaged device
2026-08-18 14:41:29, Info                  [0x000000] DefaultEnabled: Device is not managed
2026-08-18 14:41:29, Info                  [0x000000] VERSIONTRACK: Will return settings interface version 2
2026-08-18 14:41:29, Info                  [0x000000] Onesettings: Querying Prod server settings-win.data.microsoft.com
2026-08-18 14:41:29, Info                  [0x000000] CPITRTaskHandler::IsSnapshotCreationAllowed: Snapshot creation is allowed
2026-08-18 14:41:31, Info                  [0x000000] CPITRTaskHandler::Worker: Created snapshot with ID: {7204381E-CE1E-41CB-B4E3-0DDB990171FE}
2026-08-18 14:41:31, Info                  [0x000000] CPITRBase::UpdateScheduledTask: Time from latest snapshot : 0
2026-08-18 14:41:31, Info                  [0x000000] CPITRBase::UpdateScheduledTask: System uptime             : 7242
2026-08-18 14:41:31, Info                  [0x000000] CPITRBase::UpdateScheduledTask: Time to next snapshot     : 1440
2026-08-18 14:41:31, Info                  [0x000000] CPITRBase::ReschedulePITRTask: Will reschedule task to start at: 2026-08-19T14:41:31
2026-08-18 14:41:32, Info                  [0x000000] CPITRBase::UpdateScheduledTask: Successfully rescheduled task
2026-08-18 14:41:32, Info                  [0x000000] CPITRBase::UpdateScheduledTask: Successfully set VSS limit to 37535 MB
2026-08-19 14:41:31, Info                  [0x000000] VERBOSESETTINGS: Found edition ID: Professional
2026-08-19 14:41:31, Info                  [0x000000] Onesettings: Querying Prod server settings-win.data.microsoft.com
2026-08-19 14:41:32, Info                  [0x000000] VERBOSESETTINGS: Succeeded in creating OneSetting interface
2026-08-19 14:41:32, Info                  [0x000000] VERBOSESETTINGS: Before OneSettings default ON for client: Yes
2026-08-19 14:41:32, Info                  [0x000000] VERBOSESETTINGS: After OneSettings default ON for client: Yes
2026-08-19 14:41:32, Info                  [0x000000] VERBOSESETTINGS: Before OneSettings default ON for server: No
2026-08-19 14:41:32, Info                  [0x000000] VERBOSESETTINGS: After OneSettings default ON for server: No
2026-08-19 14:41:32, Info                  [0x000000] VERBOSESETTINGS: Before OneSettings default minimum volume size (GiB): 200
2026-08-19 14:41:32, Info                  [0x000000] VERBOSESETTINGS: After OneSettings default minimum volume size (GiB): 200
2026-08-19 14:41:32, Info                  [0x000000] VERBOSESETTINGS: Before OneSettings default reboot delay: 30
2026-08-19 14:41:32, Info                  [0x000000] VERBOSESETTINGS: After OneSettings default reboot delay: 30
2026-08-19 14:41:32, Info                  [0x000000] VERBOSESETTINGS: Before OneSettings default snapshot interval: 1440
2026-08-19 14:41:32, Info                  [0x000000] VERBOSESETTINGS: After OneSettings default snapshot interval: 1440
2026-08-19 14:41:32, Info                  [0x000000] VERBOSESETTINGS: Before OneSettings default snapshot max count: -1
2026-08-19 14:41:32, Info                  [0x000000] VERBOSESETTINGS: After OneSettings default snapshot max count: -1
2026-08-19 14:41:32, Info                  [0x000000] VERBOSESETTINGS: Before OneSettings default snapshot max timespan: 4320
2026-08-19 14:41:32, Info                  [0x000000] VERBOSESETTINGS: After OneSettings default snapshot max timespan: 4320
2026-08-19 14:41:32, Info                  [0x000000] VERBOSESETTINGS: Before OneSettings default snapshot global size (MiB): 3072
2026-08-19 14:41:32, Info                  [0x000000] VERBOSESETTINGS: After OneSettings default snapshot global size (MiB): 3072
2026-08-19 14:41:32, Info                  [0x000000] VERBOSESETTINGS: Before OneSettings default snapshot global size percentage: 2
2026-08-19 14:41:32, Info                  [0x000000] VERBOSESETTINGS: After OneSettings default snapshot global size percentage: 2
2026-08-19 14:41:32, Info                  [0x000000] VERBOSESETTINGS: Before OneSettings default snapshot global size min value (MiB): 2048
2026-08-19 14:41:32, Info                  [0x000000] VERBOSESETTINGS: After OneSettings default snapshot global size min value (MiB): 2048
2026-08-19 14:41:32, Info                  [0x000000] VERBOSESETTINGS: Before OneSettings default snapshot global size max value (MiB): 51200
2026-08-19 14:41:32, Info                  [0x000000] VERBOSESETTINGS: After OneSettings default snapshot global size max value (MiB): 51200
2026-08-19 14:41:32, Info                  [0x000000] Total bytes on volume C:\WINDOWS: 1967930736640
2026-08-19 14:41:32, Info                  [0x000000] DetectManagedStatus: OS Edition: Professional
2026-08-19 14:41:32, Info                  [0x000000] DetectManagedStatus: Professional edition detected, need to further check managed status
2026-08-19 14:41:32, Info                  [0x000000] DetectDomainJoinStatus: Entra joined status: false
2026-08-19 14:41:32, Info                  [0x000000] DetectDomainJoinStatus: AD joined status: false
2026-08-19 14:41:32, Info                  [0x000000] DetectManagedStatus: Detected device management statuses:
2026-08-19 14:41:32, Info                  [0x000000] DetectManagedStatus:    WU Managed: false
2026-08-19 14:41:32, Info                  [0x000000] DetectManagedStatus:    Domain Joined: false
2026-08-19 14:41:32, Info                  [0x000000] DetectManagedStatus:    MDM Enrolled: false
2026-08-19 14:41:32, Info                  [0x000000] DetectManagedStatus: No management signal detected, consider this is an unmanaged device
2026-08-19 14:41:32, Info                  [0x000000] DefaultEnabled: Device is not managed
2026-08-19 14:41:32, Info                  [0x000000] VERSIONTRACK: Will return settings interface version 2
2026-08-19 14:41:32, Info                  [0x000000] Onesettings: Querying Prod server settings-win.data.microsoft.com
2026-08-19 14:41:32, Info                  [0x000000] CPITRTaskHandler::IsSnapshotCreationAllowed: Snapshot creation is allowed
2026-08-19 14:41:34, Info                  [0x000000] CPITRTaskHandler::Worker: Created snapshot with ID: {551E1368-CD4B-40FC-BDE0-2138D32FAE1E}
2026-08-19 14:41:34, Info                  [0x000000] CPITRBase::UpdateScheduledTask: Time from latest snapshot : 0
2026-08-19 14:41:34, Info                  [0x000000] CPITRBase::UpdateScheduledTask: System uptime             : 8682
2026-08-19 14:41:34, Info                  [0x000000] CPITRBase::UpdateScheduledTask: Time to next snapshot     : 1440
2026-08-19 14:41:34, Info                  [0x000000] CPITRBase::ReschedulePITRTask: Will reschedule task to start at: 2026-08-20T14:41:34
2026-08-19 14:41:35, Info                  [0x000000] CPITRBase::UpdateScheduledTask: Successfully rescheduled task
2026-08-19 14:41:35, Info                  [0x000000] CPITRBase::UpdateScheduledTask: Successfully set VSS limit to 37535 MB
2026-08-20 14:41:34, Info                  [0x000000] VERBOSESETTINGS: Found edition ID: Professional
2026-08-20 14:41:34, Info                  [0x000000] Onesettings: Querying Prod server settings-win.data.microsoft.com
2026-08-20 14:41:34, Info                  [0x000000] VERBOSESETTINGS: Succeeded in creating OneSetting interface
2026-08-20 14:41:34, Info                  [0x000000] VERBOSESETTINGS: Before OneSettings default ON for client: Yes
2026-08-20 14:41:34, Info                  [0x000000] VERBOSESETTINGS: After OneSettings default ON for client: Yes
2026-08-20 14:41:34, Info                  [0x000000] VERBOSESETTINGS: Before OneSettings default ON for server: No
2026-08-20 14:41:34, Info                  [0x000000] VERBOSESETTINGS: After OneSettings default ON for server: No
2026-08-20 14:41:34, Info                  [0x000000] VERBOSESETTINGS: Before OneSettings default minimum volume size (GiB): 200
2026-08-20 14:41:34, Info                  [0x000000] VERBOSESETTINGS: After OneSettings default minimum volume size (GiB): 200
2026-08-20 14:41:34, Info                  [0x000000] VERBOSESETTINGS: Before OneSettings default reboot delay: 30
2026-08-20 14:41:34, Info                  [0x000000] VERBOSESETTINGS: After OneSettings default reboot delay: 30
2026-08-20 14:41:34, Info                  [0x000000] VERBOSESETTINGS: Before OneSettings default snapshot interval: 1440
2026-08-20 14:41:34, Info                  [0x000000] VERBOSESETTINGS: After OneSettings default snapshot interval: 1440
2026-08-20 14:41:34, Info                  [0x000000] VERBOSESETTINGS: Before OneSettings default snapshot max count: -1
2026-08-20 14:41:34, Info                  [0x000000] VERBOSESETTINGS: After OneSettings default snapshot max count: -1
2026-08-20 14:41:34, Info                  [0x000000] VERBOSESETTINGS: Before OneSettings default snapshot max timespan: 4320
2026-08-20 14:41:34, Info                  [0x000000] VERBOSESETTINGS: After OneSettings default snapshot max timespan: 4320
2026-08-20 14:41:34, Info                  [0x000000] VERBOSESETTINGS: Before OneSettings default snapshot global size (MiB): 3072
2026-08-20 14:41:34, Info                  [0x000000] VERBOSESETTINGS: After OneSettings default snapshot global size (MiB): 3072
2026-08-20 14:41:34, Info                  [0x000000] VERBOSESETTINGS: Before OneSettings default snapshot global size percentage: 2
2026-08-20 14:41:34, Info                  [0x000000] VERBOSESETTINGS: After OneSettings default snapshot global size percentage: 2
2026-08-20 14:41:34, Info                  [0x000000] VERBOSESETTINGS: Before OneSettings default snapshot global size min value (MiB): 2048
2026-08-20 14:41:34, Info                  [0x000000] VERBOSESETTINGS: After OneSettings default snapshot global size min value (MiB): 2048
2026-08-20 14:41:34, Info                  [0x000000] VERBOSESETTINGS: Before OneSettings default snapshot global size max value (MiB): 51200
2026-08-20 14:41:34, Info                  [0x000000] VERBOSESETTINGS: After OneSettings default snapshot global size max value (MiB): 51200
2026-08-20 14:41:34, Info                  [0x000000] Total bytes on volume C:\WINDOWS: 1967930736640
2026-08-20 14:41:34, Info                  [0x000000] DetectManagedStatus: OS Edition: Professional
2026-08-20 14:41:34, Info                  [0x000000] DetectManagedStatus: Professional edition detected, need to further check managed status
2026-08-20 14:41:34, Info                  [0x000000] DetectDomainJoinStatus: Entra joined status: false
2026-08-20 14:41:34, Info                  [0x000000] DetectDomainJoinStatus: AD joined status: false
2026-08-20 14:41:34, Info                  [0x000000] DetectManagedStatus: Detected device management statuses:
2026-08-20 14:41:34, Info                  [0x000000] DetectManagedStatus:    WU Managed: false
2026-08-20 14:41:34, Info                  [0x000000] DetectManagedStatus:    Domain Joined: false
2026-08-20 14:41:34, Info                  [0x000000] DetectManagedStatus:    MDM Enrolled: false
2026-08-20 14:41:34, Info                  [0x000000] DetectManagedStatus: No management signal detected, consider this is an unmanaged device
2026-08-20 14:41:34, Info                  [0x000000] DefaultEnabled: Device is not managed
2026-08-20 14:41:34, Info                  [0x000000] VERSIONTRACK: Will return settings interface version 2
2026-08-20 14:41:34, Info                  [0x000000] Onesettings: Querying Prod server settings-win.data.microsoft.com
2026-08-20 14:41:34, Info                  [0x000000] CPITRTaskHandler::IsSnapshotCreationAllowed: Snapshot creation is allowed
2026-08-20 14:41:36, Info                  [0x000000] CPITRTaskHandler::Worker: Created snapshot with ID: {B261C18A-15EC-42AB-B64D-E97905CFD6DE}
2026-08-20 14:41:36, Info                  [0x000000] CPITRBase::UpdateScheduledTask: Time from latest snapshot : 0
2026-08-20 14:41:36, Info                  [0x000000] CPITRBase::UpdateScheduledTask: System uptime             : 10122
2026-08-20 14:41:36, Info                  [0x000000] CPITRBase::UpdateScheduledTask: Time to next snapshot     : 1440
2026-08-20 14:41:36, Info                  [0x000000] CPITRBase::ReschedulePITRTask: Will reschedule task to start at: 2026-08-21T14:41:36
2026-08-20 14:41:37, Info                  [0x000000] CPITRBase::UpdateScheduledTask: Successfully rescheduled task
2026-08-20 14:41:37, Info                  [0x000000] CPITRBase::UpdateScheduledTask: Successfully set VSS limit to 37535 MB
2026-08-20 14:41:37, Info                  [0x000000] CPITRBase::CleanupSnapshots: Snapshot {4C09D2BE-7698-4E97-9B24-F74DA5CBD452} is too old (5760 minutes vs 4320 max minutes). Removing snapshot.
2026-09-04 16:40:18, Info                         SetupRecoveryTaskHandler::Worker: Starting execution of the SetupRecoveryDataTask
2026-09-04 16:40:18, Info                         SetupRecoveryTaskHandler::Worker: Opening root key to query for registered plugins
2026-09-04 16:40:18, Info                         SetupRecoveryTaskHandler::Worker: Successfully opened HKLM Key [SOFTWARE\Microsoft\Windows\CurrentVersion\Setup\TelemetryTask]
2026-09-04 16:40:18, Info                  [0x000000] SetupRecoveryTaskHandler::Worker: Looping through registered plugins to pull out binary information to run
2026-09-04 16:40:18, Info                  [0x000000] SetupRecoveryTaskHandler::Worker: Successfully found [QMRDataTask] as a registered plugin.
2026-09-04 16:40:18, Info                  [0x000000] SetupRecoveryTaskHandler::InternalCallPluginWorker: Successfully opened [QMRDataTask] key
2026-09-04 16:40:18, Info                  [0x000000] SetupRecoveryTaskHandler::InternalCallPluginWorker: Successfully queried the BinaryLocation: [C:\WINDOWS\System32\oobe\QMRDataTask.dll]
2026-09-04 16:40:18, Info                  [0x000000] SetupRecoveryTaskHandler::InternalCallPluginWorker: Expanding the binary location file path in case of environment variable usage
2026-09-04 16:40:18, Info                  [0x000000] SetupRecoveryTaskHandler::InternalCallPluginWorker: Successfully queried the EntryPoint: [QMRDataTaskDoWork]
2026-09-04 16:40:18, Info                  [0x000000] SetupRecoveryTaskHandler::InternalCallPluginWorker: Successfully loaded the binary path
2026-09-04 16:40:18, Info                  [0x000000] SetupRecoveryTaskHandler::InternalCallPluginWorker: Successfully converted entrypoint into UTF-8 for GetProcAddress
2026-09-04 16:40:18, Info                  [0x000000] SetupRecoveryTaskHandler::InternalCallPluginWorker: Successfully got handle to the entry point
2026-09-04 16:40:18, Info                  [0x000000] QMRDataTaskDoWork: Entering QMR Data Task worker function
2026-09-04 16:40:18, Info                  [0x000000] QMRDataTaskDoWork: Creating a settings handle
2026-09-04 16:40:18, Info                  [0x000000] QMRDataTaskDoWork: Initializing settings handle
2026-09-04 16:40:18, Info                  [0x000000] [taskhostw.exe] Enter WinReGetConfig
2026-09-04 16:40:18, Info                  [0x000000] [taskhostw.exe] Parameters: configWinDir: NULL
2026-09-04 16:40:18, Info                  [0x000000] [taskhostw.exe] WinRE config file path: C:\WINDOWS\system32\Recovery\ReAgent.xml
2026-09-04 16:40:18, Info                  [0x000000] [taskhostw.exe] Update enhanced config info is enabled.
2026-09-04 16:40:18, Info                  [0x000000] [taskhostw.exe] WinRE is installed
2026-09-04 16:40:18, Info                  [0x000000] [taskhostw.exe] WinRE is installed at: \\?\GLOBALROOT\device\harddisk1\partition4\Recovery\WindowsRE
2026-09-04 16:40:18, Info                  [0x000000] [taskhostw.exe] System is WimBoot: FALSE
2026-09-04 16:40:18, Info                  [0x000000] [taskhostw.exe] WinRE image validated
2026-09-04 16:40:18, Info                  [0x000000] [taskhostw.exe] Exit WinReGetConfig return value: 1, last error: 0x2
2026-09-04 16:40:18, Info                  [0x000000] VERBOSESETTINGS: Found edition ID: Professional
2026-09-04 16:40:18, Info                  [0x000000] Onesettings: Querying Prod server settings-win.data.microsoft.com
2026-09-04 16:40:18, Info                  [0x000000] QMRDataTaskDoWork: Querying and sending setting information
2026-09-04 16:40:18, Info                  [0x000000] InternalGetSettingAndSendData: Querying setting: [CloudRemediation]
2026-09-04 16:40:18, Info                  [0x000000] InternalGetSettingAndSendData: Queried setting [CloudRemediation] and found value [On]
2026-09-04 16:40:18, Info                  [0x000000] InternalGetSettingAndSendData: Sending telemetry for setting: [CloudRemediation]
2026-09-04 16:40:18, Info                  [0x000000] InternalGetSettingAndSendData: Querying setting: [AutoRemediation]
2026-09-04 16:40:18, Info                  [0x000000] InternalGetSettingAndSendData: Queried setting [AutoRemediation] and found value [On]
2026-09-04 16:40:18, Info                  [0x000000] InternalGetSettingAndSendData: Sending telemetry for setting: [AutoRemediation]
2026-09-04 16:40:18, Info                  [0x000000] InternalGetSettingAndSendData: Querying setting: [HeadlessMode]
2026-09-04 16:40:18, Info                  [0x000000] InternalGetSettingAndSendData: Queried setting [HeadlessMode] and found value [Off]
2026-09-04 16:40:18, Info                  [0x000000] InternalGetSettingAndSendData: Sending telemetry for setting: [HeadlessMode]
2026-09-04 16:40:18, Info                  [0x000000] InternalGetSettingAndSendData: Querying setting: [TotalWaitTime]
2026-09-04 16:40:18, Info                  [0x000000] InternalGetSettingAndSendData: Queried setting [TotalWaitTime] and found value [180]
2026-09-04 16:40:18, Info                  [0x000000] InternalGetSettingAndSendData: Sending telemetry for setting: [TotalWaitTime]
2026-09-04 16:40:18, Info                  [0x000000] InternalGetSettingAndSendData: Querying setting: [WaitInterval]
2026-09-04 16:40:18, Info                  [0x000000] InternalGetSettingAndSendData: Queried setting [WaitInterval] and found value [0]
2026-09-04 16:40:18, Info                  [0x000000] InternalGetSettingAndSendData: Sending telemetry for setting: [WaitInterval]
2026-09-04 16:40:18, Info                  [0x000000] QMRDataTaskDoWork: Querying WinRE enablement and version information
2026-09-04 16:40:18, Info                  [0x000000] QMRDataTaskDoWork: Querying WinRE configuration info
2026-09-04 16:40:18, Info                  [0x000000] [taskhostw.exe] Enter WinReGetConfig
2026-09-04 16:40:18, Info                  [0x000000] [taskhostw.exe] Parameters: configWinDir: NULL
2026-09-04 16:40:18, Info                  [0x000000] [taskhostw.exe] WinRE config file path: C:\WINDOWS\system32\Recovery\ReAgent.xml
2026-09-04 16:40:18, Info                  [0x000000] [taskhostw.exe] Update enhanced config info is enabled.
2026-09-04 16:40:18, Info                  [0x000000] [taskhostw.exe] WinRE is installed
2026-09-04 16:40:18, Info                  [0x000000] [taskhostw.exe] WinRE is installed at: \\?\GLOBALROOT\device\harddisk1\partition4\Recovery\WindowsRE
2026-09-04 16:40:18, Info                  [0x000000] [taskhostw.exe] System is WimBoot: FALSE
2026-09-04 16:40:18, Info                  [0x000000] [taskhostw.exe] WinRE image validated
2026-09-04 16:40:18, Info                  [0x000000] [taskhostw.exe] Exit WinReGetConfig return value: 1, last error: 0x2
2026-09-04 16:40:18, Info                  [0x000000] QMRDataTaskDoWork: IsWinREAvailable [Enabled]
2026-09-04 16:40:18, Info                  [0x000000] QMRDataTaskDoWork: Loading WinREAgent dll
2026-09-04 16:40:18, Info                  [0x000000] QMRDataTaskDoWork: Successfully loaded the binary path
2026-09-04 16:40:18, Info                  [0x000000] QMRDataTaskDoWork: Getting handle to the GetWinREVersion function
2026-09-04 16:40:18, Info                  [0x000000] QMRDataTaskDoWork: Successfully got handle to the GetWinREVersion function
2026-09-04 16:40:18, Info                  [0x000000] LogSession: Starting a new log session at [C:\Windows\Logs\WinREAgent]
2026-09-04 16:40:18, Info                  [0x000000] Enter GetWinREVersionInternal
2026-09-04 16:40:18, Info                  [0x000000] [taskhostw.exe] Enter WinReGetConfig
2026-09-04 16:40:18, Info                  [0x000000] [taskhostw.exe] Parameters: configWinDir: NULL
2026-09-04 16:40:18, Info                  [0x000000] [taskhostw.exe] WinRE config file path: C:\WINDOWS\system32\Recovery\ReAgent.xml
2026-09-04 16:40:18, Info                  [0x000000] [taskhostw.exe] Update enhanced config info is enabled.
2026-09-04 16:40:18, Info                  [0x000000] [taskhostw.exe] WinRE is installed
2026-09-04 16:40:18, Info                  [0x000000] [taskhostw.exe] WinRE is installed at: \\?\GLOBALROOT\device\harddisk1\partition4\Recovery\WindowsRE
2026-09-04 16:40:18, Info                  [0x000000] [taskhostw.exe] System is WimBoot: FALSE
2026-09-04 16:40:18, Info                  [0x000000] [taskhostw.exe] WinRE image validated
2026-09-04 16:40:18, Info                  [0x000000] [taskhostw.exe] Exit WinReGetConfig return value: 1, last error: 0x2
2026-09-04 16:40:18, Info                  [0x0b8000] Initialized Panther logging at C:\Windows\Logs\WinREAgent\setupact.log
2026-09-04 16:40:18, Info                  [0x0b8000] DISM Provider Store: PID=3116 TID=9804 Found and Initialized the DISM Logger. - CDISMProviderStore::Internal_InitializeLogger
2026-09-04 16:40:18, Info                  [0x0b8000] DISM Manager: PID=3116 TID=9804 Successfully created the local image session and provider store. - CDISMManager::CreateLocalImageSession
2026-09-04 16:40:18, Info                  [0x0b8000] DISM Imaging Provider: PID=3116 TID=9804 WIM image specified - CGenericImagingManager::GetImageInfoCollection
2026-09-04 16:40:18, Info                  [0x000000] WinRE version: 10.0.26100.9168
2026-09-04 16:40:18, Info                  [0x000000] Exit GetWinREVersionInternal
2026-09-04 16:40:18, Info                  [0x000000] QMRDataTaskDoWork: WinREVersion [10.0.26100.9168]
2026-09-04 16:40:18, Info                  [0x000000] QMRDataTaskDoWork: Cleaning up variables for QMRDataTask
2026-09-04 16:40:18, Info                  [0x000000] QMRDataTaskDoWork: Exiting QMR Data Task worker function
2026-09-04 16:40:18, Info                  [0x000000] SetupRecoveryTaskHandler::InternalCallPluginWorker: Successfully called the entry point
2026-09-04 16:40:18, Info                  [0x000000] SetupRecoveryTaskHandler::InternalCallPluginWorker: Cleaning up variables for [QMRDataTask]
2026-09-04 16:40:18, Info                  [0x000000] SetupRecoveryTaskHandler::Worker: Cleaning up variables for SetupRecoveryDataTask
2026-09-04 16:40:18, Info                  [0x000000] SetupRecoveryTaskHandler::Worker: Exiting execution of the SetupRecoveryDataTask
2026-09-04 16:40:19, Info                  [0x000000] VERBOSESETTINGS: Succeeded in creating OneSetting interface
2026-09-04 16:40:19, Info                  [0x000000] VERBOSESETTINGS: Before OneSettings default ON for client: Yes
2026-09-04 16:40:19, Info                  [0x000000] VERBOSESETTINGS: After OneSettings default ON for client: Yes
2026-09-04 16:40:19, Info                  [0x000000] VERBOSESETTINGS: Before OneSettings default ON for server: No
2026-09-04 16:40:19, Info                  [0x000000] VERBOSESETTINGS: After OneSettings default ON for server: No
2026-09-04 16:40:19, Info                  [0x000000] VERBOSESETTINGS: Before OneSettings default minimum volume size (GiB): 200
2026-09-04 16:40:19, Info                  [0x000000] VERBOSESETTINGS: After OneSettings default minimum volume size (GiB): 200
2026-09-04 16:40:19, Info                  [0x000000] VERBOSESETTINGS: Before OneSettings default reboot delay: 30
2026-09-04 16:40:19, Info                  [0x000000] VERBOSESETTINGS: After OneSettings default reboot delay: 30
2026-09-04 16:40:19, Info                  [0x000000] VERBOSESETTINGS: Before OneSettings default snapshot interval: 1440
2026-09-04 16:40:19, Info                  [0x000000] VERBOSESETTINGS: After OneSettings default snapshot interval: 1440
2026-09-04 16:40:19, Info                  [0x000000] VERBOSESETTINGS: Before OneSettings default snapshot max count: -1
2026-09-04 16:40:19, Info                  [0x000000] VERBOSESETTINGS: After OneSettings default snapshot max count: -1
2026-09-04 16:40:19, Info                  [0x000000] VERBOSESETTINGS: Before OneSettings default snapshot max timespan: 4320
2026-09-04 16:40:19, Info                  [0x000000] VERBOSESETTINGS: After OneSettings default snapshot max timespan: 4320
2026-09-04 16:40:19, Info                  [0x000000] VERBOSESETTINGS: Before OneSettings default snapshot global size (MiB): 3072
2026-09-04 16:40:19, Info                  [0x000000] VERBOSESETTINGS: After OneSettings default snapshot global size (MiB): 3072
2026-09-04 16:40:19, Info                  [0x000000] VERBOSESETTINGS: Before OneSettings default snapshot global size percentage: 2
2026-09-04 16:40:19, Info                  [0x000000] VERBOSESETTINGS: After OneSettings default snapshot global size percentage: 2
2026-09-04 16:40:19, Info                  [0x000000] VERBOSESETTINGS: Before OneSettings default snapshot global size min value (MiB): 2048
2026-09-04 16:40:19, Info                  [0x000000] VERBOSESETTINGS: After OneSettings default snapshot global size min value (MiB): 2048
2026-09-04 16:40:19, Info                  [0x000000] VERBOSESETTINGS: Before OneSettings default snapshot global size max value (MiB): 51200
2026-09-04 16:40:19, Info                  [0x000000] VERBOSESETTINGS: After OneSettings default snapshot global size max value (MiB): 51200
2026-09-04 16:40:19, Info                  [0x000000] Total bytes on volume C:\WINDOWS: 1967930736640
2026-09-04 16:40:19, Info                  [0x000000] DetectManagedStatus: OS Edition: Professional
2026-09-04 16:40:19, Info                  [0x000000] DetectManagedStatus: Professional edition detected, need to further check managed status
2026-09-04 16:40:19, Info                  [0x000000] DetectDomainJoinStatus: Entra joined status: false
2026-09-04 16:40:19, Info                  [0x000000] DetectDomainJoinStatus: AD joined status: false
2026-09-04 16:40:19, Info                  [0x000000] DetectManagedStatus: Detected device management statuses:
2026-09-04 16:40:19, Info                  [0x000000] DetectManagedStatus:    WU Managed: false
2026-09-04 16:40:19, Info                  [0x000000] DetectManagedStatus:    Domain Joined: false
2026-09-04 16:40:19, Info                  [0x000000] DetectManagedStatus:    MDM Enrolled: false
2026-09-04 16:40:19, Info                  [0x000000] DetectManagedStatus: No management signal detected, consider this is an unmanaged device
2026-09-04 16:40:19, Info                  [0x000000] DefaultEnabled: Device is not managed
2026-09-04 16:40:19, Info                  [0x000000] VERSIONTRACK: Will return settings interface version 2
2026-09-04 16:40:19, Info                  [0x000000] Onesettings: Querying Prod server settings-win.data.microsoft.com
2026-09-04 16:40:19, Info                  [0x000000] CPITRTaskHandler::IsSnapshotCreationAllowed: Snapshot creation is allowed
2026-09-04 16:40:22, Info                  [0x000000] CPITRTaskHandler::Worker: Created snapshot with ID: {FA636391-CF0A-4632-936D-1A62E702C814}
2026-09-04 16:40:23, Info                  [0x000000] CPITRBase::UpdateScheduledTask: Time from latest snapshot : 0
2026-09-04 16:40:23, Info                  [0x000000] CPITRBase::UpdateScheduledTask: System uptime             : 11
2026-09-04 16:40:23, Info                  [0x000000] CPITRBase::UpdateScheduledTask: Time to next snapshot     : 1459
2026-09-04 16:40:23, Info                  [0x000000] CPITRBase::ReschedulePITRTask: Will reschedule task to start at: 2026-09-05T16:59:23
2026-09-04 16:40:23, Info                  [0x000000] CPITRBase::UpdateScheduledTask: Successfully rescheduled task
2026-09-04 16:40:23, Info                  [0x000000] CPITRBase::UpdateScheduledTask: Successfully set VSS limit to 37535 MB
2026-09-04 16:40:23, Info                  [0x000000] CPITRBase::CleanupSnapshots: Snapshot {1B6CF438-9FD1-4CAA-B696-AFA6092CC3AA} is too old (26038 minutes vs 4320 max minutes). Removing snapshot.
2026-09-04 16:40:23, Info                  [0x000000] CPITRBase::CleanupSnapshots: Snapshot {7204381E-CE1E-41CB-B4E3-0DDB990171FE} is too old (24598 minutes vs 4320 max minutes). Removing snapshot.
2026-09-04 16:40:23, Info                  [0x000000] CPITRBase::CleanupSnapshots: Snapshot {551E1368-CD4B-40FC-BDE0-2138D32FAE1E} is too old (23158 minutes vs 4320 max minutes). Removing snapshot.
2026-09-04 16:40:23, Info                  [0x000000] CPITRBase::CleanupSnapshots: Snapshot {B261C18A-15EC-42AB-B64D-E97905CFD6DE} is too old (21718 minutes vs 4320 max minutes). Removing snapshot.
2026-09-04 19:19:39, Info                  [0x000000] VERBOSESETTINGS: Found edition ID: Professional
2026-09-04 19:19:39, Info                  [0x000000] Onesettings: Querying Prod server settings-win.data.microsoft.com
2026-09-04 19:19:39, Info                  [0x000000] VERBOSESETTINGS: Succeeded in creating OneSetting interface
2026-09-04 19:19:39, Info                  [0x000000] VERBOSESETTINGS: Before OneSettings default ON for client: Yes
2026-09-04 19:19:39, Info                  [0x000000] VERBOSESETTINGS: After OneSettings default ON for client: Yes
2026-09-04 19:19:39, Info                  [0x000000] VERBOSESETTINGS: Before OneSettings default ON for server: No
2026-09-04 19:19:39, Info                  [0x000000] VERBOSESETTINGS: After OneSettings default ON for server: No
2026-09-04 19:19:39, Info                  [0x000000] VERBOSESETTINGS: Before OneSettings default minimum volume size (GiB): 200
2026-09-04 19:19:39, Info                  [0x000000] VERBOSESETTINGS: After OneSettings default minimum volume size (GiB): 200
2026-09-04 19:19:39, Info                  [0x000000] VERBOSESETTINGS: Before OneSettings default reboot delay: 30
2026-09-04 19:19:39, Info                  [0x000000] VERBOSESETTINGS: After OneSettings default reboot delay: 30
2026-09-04 19:19:39, Info                  [0x000000] VERBOSESETTINGS: Before OneSettings default snapshot interval: 1440
2026-09-04 19:19:39, Info                  [0x000000] VERBOSESETTINGS: After OneSettings default snapshot interval: 1440
2026-09-04 19:19:39, Info                  [0x000000] VERBOSESETTINGS: Before OneSettings default snapshot max count: -1
2026-09-04 19:19:39, Info                  [0x000000] VERBOSESETTINGS: After OneSettings default snapshot max count: -1
2026-09-04 19:19:39, Info                  [0x000000] VERBOSESETTINGS: Before OneSettings default snapshot max timespan: 4320
2026-09-04 19:19:39, Info                  [0x000000] VERBOSESETTINGS: After OneSettings default snapshot max timespan: 4320
2026-09-04 19:19:39, Info                  [0x000000] VERBOSESETTINGS: Before OneSettings default snapshot global size (MiB): 3072
2026-09-04 19:19:39, Info                  [0x000000] VERBOSESETTINGS: After OneSettings default snapshot global size (MiB): 3072
2026-09-04 19:19:39, Info                  [0x000000] VERBOSESETTINGS: Before OneSettings default snapshot global size percentage: 2
2026-09-04 19:19:39, Info                  [0x000000] VERBOSESETTINGS: After OneSettings default snapshot global size percentage: 2
2026-09-04 19:19:39, Info                  [0x000000] VERBOSESETTINGS: Before OneSettings default snapshot global size min value (MiB): 2048
2026-09-04 19:19:39, Info                  [0x000000] VERBOSESETTINGS: After OneSettings default snapshot global size min value (MiB): 2048
2026-09-04 19:19:39, Info                  [0x000000] VERBOSESETTINGS: Before OneSettings default snapshot global size max value (MiB): 51200
2026-09-04 19:19:39, Info                  [0x000000] VERBOSESETTINGS: After OneSettings default snapshot global size max value (MiB): 51200
2026-09-04 19:19:39, Info                  [0x000000] Total bytes on volume C:\WINDOWS: 1967930736640
2026-09-04 19:19:39, Info                  [0x000000] DetectManagedStatus: OS Edition: Professional
2026-09-04 19:19:39, Info                  [0x000000] DetectManagedStatus: Professional edition detected, need to further check managed status
2026-09-04 19:19:39, Info                  [0x000000] DetectDomainJoinStatus: Entra joined status: false
2026-09-04 19:19:39, Info                  [0x000000] DetectDomainJoinStatus: AD joined status: false
2026-09-04 19:19:39, Info                  [0x000000] DetectManagedStatus: Detected device management statuses:
2026-09-04 19:19:39, Info                  [0x000000] DetectManagedStatus:    WU Managed: false
2026-09-04 19:19:39, Info                  [0x000000] DetectManagedStatus:    Domain Joined: false
2026-09-04 19:19:39, Info                  [0x000000] DetectManagedStatus:    MDM Enrolled: false
2026-09-04 19:19:39, Info                  [0x000000] DetectManagedStatus: No management signal detected, consider this is an unmanaged device
2026-09-04 19:19:39, Info                  [0x000000] DefaultEnabled: Device is not managed
2026-09-04 19:19:39, Info                  [0x000000] VERSIONTRACK: Will return settings interface version 2
2026-09-04 19:19:39, Info                  [0x000000] Onesettings: Querying Prod server settings-win.data.microsoft.com
2026-09-04 19:19:39, Info                  [0x000000] CPITRTaskHandler::IsSnapshotCreationAllowed: Snapshot creation is allowed
2026-09-04 19:19:41, Info                  [0x000000] CPITRTaskHandler::Worker: Created snapshot with ID: {91FDC531-35B1-46E5-BBFB-8FA2C5512BBD}
2026-09-04 19:19:41, Info                  [0x000000] CPITRBase::UpdateScheduledTask: Time from latest snapshot : 0
2026-09-04 19:19:41, Info                  [0x000000] CPITRBase::UpdateScheduledTask: System uptime             : 127
2026-09-04 19:19:41, Info                  [0x000000] CPITRBase::UpdateScheduledTask: Time to next snapshot     : 1440
2026-09-04 19:19:41, Info                  [0x000000] CPITRBase::ReschedulePITRTask: Will reschedule task to start at: 2026-09-05T19:19:41
2026-09-04 19:19:41, Info                  [0x000000] CPITRBase::UpdateScheduledTask: Successfully rescheduled task
2026-09-04 19:19:41, Info                  [0x000000] CPITRBase::UpdateScheduledTask: Successfully set VSS limit to 37535 MB
2026-09-04 19:19:41, Info                  [0x000000] CPITRBase::CleanupSnapshots: Snapshot {FA636391-CF0A-4632-936D-1A62E702C814} is no longer present, will remove the metadata
2026-09-04 19:19:41, Warning               [0x000000] VssDeleteSnapshot: Target snapshot doesn't exist, assume it's already removed
2026-09-05 19:19:41, Info                  [0x000000] VERBOSESETTINGS: Found edition ID: Professional
2026-09-05 19:19:41, Info                  [0x000000] Onesettings: Querying Prod server settings-win.data.microsoft.com
2026-09-05 19:19:41, Info                  [0x000000] VERBOSESETTINGS: Succeeded in creating OneSetting interface
2026-09-05 19:19:41, Info                  [0x000000] VERBOSESETTINGS: Before OneSettings default ON for client: Yes
2026-09-05 19:19:41, Info                  [0x000000] VERBOSESETTINGS: After OneSettings default ON for client: Yes
2026-09-05 19:19:41, Info                  [0x000000] VERBOSESETTINGS: Before OneSettings default ON for server: No
2026-09-05 19:19:41, Info                  [0x000000] VERBOSESETTINGS: After OneSettings default ON for server: No
2026-09-05 19:19:41, Info                  [0x000000] VERBOSESETTINGS: Before OneSettings default minimum volume size (GiB): 200
2026-09-05 19:19:41, Info                  [0x000000] VERBOSESETTINGS: After OneSettings default minimum volume size (GiB): 200
2026-09-05 19:19:41, Info                  [0x000000] VERBOSESETTINGS: Before OneSettings default reboot delay: 30
2026-09-05 19:19:41, Info                  [0x000000] VERBOSESETTINGS: After OneSettings default reboot delay: 30
2026-09-05 19:19:41, Info                  [0x000000] VERBOSESETTINGS: Before OneSettings default snapshot interval: 1440
2026-09-05 19:19:41, Info                  [0x000000] VERBOSESETTINGS: After OneSettings default snapshot interval: 1440
2026-09-05 19:19:41, Info                  [0x000000] VERBOSESETTINGS: Before OneSettings default snapshot max count: -1
2026-09-05 19:19:41, Info                  [0x000000] VERBOSESETTINGS: After OneSettings default snapshot max count: -1
2026-09-05 19:19:41, Info                  [0x000000] VERBOSESETTINGS: Before OneSettings default snapshot max timespan: 4320
2026-09-05 19:19:41, Info                  [0x000000] VERBOSESETTINGS: After OneSettings default snapshot max timespan: 4320
2026-09-05 19:19:41, Info                  [0x000000] VERBOSESETTINGS: Before OneSettings default snapshot global size (MiB): 3072
2026-09-05 19:19:41, Info                  [0x000000] VERBOSESETTINGS: After OneSettings default snapshot global size (MiB): 3072
2026-09-05 19:19:41, Info                  [0x000000] VERBOSESETTINGS: Before OneSettings default snapshot global size percentage: 2
2026-09-05 19:19:41, Info                  [0x000000] VERBOSESETTINGS: After OneSettings default snapshot global size percentage: 2
2026-09-05 19:19:41, Info                  [0x000000] VERBOSESETTINGS: Before OneSettings default snapshot global size min value (MiB): 2048
2026-09-05 19:19:41, Info                  [0x000000] VERBOSESETTINGS: After OneSettings default snapshot global size min value (MiB): 2048
2026-09-05 19:19:41, Info                  [0x000000] VERBOSESETTINGS: Before OneSettings default snapshot global size max value (MiB): 51200
2026-09-05 19:19:41, Info                  [0x000000] VERBOSESETTINGS: After OneSettings default snapshot global size max value (MiB): 51200
2026-09-05 19:19:41, Info                  [0x000000] Total bytes on volume C:\WINDOWS: 1967930736640
2026-09-05 19:19:41, Info                  [0x000000] DetectManagedStatus: OS Edition: Professional
2026-09-05 19:19:41, Info                  [0x000000] DetectManagedStatus: Professional edition detected, need to further check managed status
2026-09-05 19:19:41, Info                  [0x000000] DetectDomainJoinStatus: Entra joined status: false
2026-09-05 19:19:41, Info                  [0x000000] DetectDomainJoinStatus: AD joined status: false
2026-09-05 19:19:41, Info                  [0x000000] DetectManagedStatus: Detected device management statuses:
2026-09-05 19:19:41, Info                  [0x000000] DetectManagedStatus:    WU Managed: false
2026-09-05 19:19:41, Info                  [0x000000] DetectManagedStatus:    Domain Joined: false
2026-09-05 19:19:41, Info                  [0x000000] DetectManagedStatus:    MDM Enrolled: false
2026-09-05 19:19:41, Info                  [0x000000] DetectManagedStatus: No management signal detected, consider this is an unmanaged device
2026-09-05 19:19:41, Info                  [0x000000] DefaultEnabled: Device is not managed
2026-09-05 19:19:41, Info                  [0x000000] VERSIONTRACK: Will return settings interface version 2
2026-09-05 19:19:41, Info                  [0x000000] Onesettings: Querying Prod server settings-win.data.microsoft.com
2026-09-05 19:19:41, Info                  [0x000000] CPITRTaskHandler::IsSnapshotCreationAllowed: Snapshot creation is allowed
2026-09-05 19:19:44, Info                  [0x000000] CPITRTaskHandler::Worker: Created snapshot with ID: {E5746FFB-A492-4C1E-B4E8-B224B71982D6}
2026-09-05 19:19:44, Info                  [0x000000] CPITRBase::UpdateScheduledTask: Time from latest snapshot : 0
2026-09-05 19:19:44, Info                  [0x000000] CPITRBase::UpdateScheduledTask: System uptime             : 1567
2026-09-05 19:19:44, Info                  [0x000000] CPITRBase::UpdateScheduledTask: Time to next snapshot     : 1440
2026-09-05 19:19:44, Info                  [0x000000] CPITRBase::ReschedulePITRTask: Will reschedule task to start at: 2026-09-06T19:19:44
2026-09-05 19:19:44, Info                  [0x000000] CPITRBase::UpdateScheduledTask: Successfully rescheduled task
2026-09-05 19:19:44, Info                  [0x000000] CPITRBase::UpdateScheduledTask: Successfully set VSS limit to 37535 MB
2026-09-06 19:50:19, Info                  [0x000000] VERBOSESETTINGS: Found edition ID: Professional
2026-09-06 19:50:19, Info                  [0x000000] Onesettings: Querying Prod server settings-win.data.microsoft.com
2026-09-06 19:50:20, Info                  [0x000000] VERBOSESETTINGS: Succeeded in creating OneSetting interface
2026-09-06 19:50:20, Info                  [0x000000] VERBOSESETTINGS: Before OneSettings default ON for client: Yes
2026-09-06 19:50:20, Info                  [0x000000] VERBOSESETTINGS: After OneSettings default ON for client: Yes
2026-09-06 19:50:20, Info                  [0x000000] VERBOSESETTINGS: Before OneSettings default ON for server: No
2026-09-06 19:50:20, Info                  [0x000000] VERBOSESETTINGS: After OneSettings default ON for server: No
2026-09-06 19:50:20, Info                  [0x000000] VERBOSESETTINGS: Before OneSettings default minimum volume size (GiB): 200
2026-09-06 19:50:20, Info                  [0x000000] VERBOSESETTINGS: After OneSettings default minimum volume size (GiB): 200
2026-09-06 19:50:20, Info                  [0x000000] VERBOSESETTINGS: Before OneSettings default reboot delay: 30
2026-09-06 19:50:20, Info                  [0x000000] VERBOSESETTINGS: After OneSettings default reboot delay: 30
2026-09-06 19:50:20, Info                  [0x000000] VERBOSESETTINGS: Before OneSettings default snapshot interval: 1440
2026-09-06 19:50:20, Info                  [0x000000] VERBOSESETTINGS: After OneSettings default snapshot interval: 1440
2026-09-06 19:50:20, Info                  [0x000000] VERBOSESETTINGS: Before OneSettings default snapshot max count: -1
2026-09-06 19:50:20, Info                  [0x000000] VERBOSESETTINGS: After OneSettings default snapshot max count: -1
2026-09-06 19:50:20, Info                  [0x000000] VERBOSESETTINGS: Before OneSettings default snapshot max timespan: 4320
2026-09-06 19:50:20, Info                  [0x000000] VERBOSESETTINGS: After OneSettings default snapshot max timespan: 4320
2026-09-06 19:50:20, Info                  [0x000000] VERBOSESETTINGS: Before OneSettings default snapshot global size (MiB): 3072
2026-09-06 19:50:20, Info                  [0x000000] VERBOSESETTINGS: After OneSettings default snapshot global size (MiB): 3072
2026-09-06 19:50:20, Info                  [0x000000] VERBOSESETTINGS: Before OneSettings default snapshot global size percentage: 2
2026-09-06 19:50:20, Info                  [0x000000] VERBOSESETTINGS: After OneSettings default snapshot global size percentage: 2
2026-09-06 19:50:20, Info                  [0x000000] VERBOSESETTINGS: Before OneSettings default snapshot global size min value (MiB): 2048
2026-09-06 19:50:20, Info                  [0x000000] VERBOSESETTINGS: After OneSettings default snapshot global size min value (MiB): 2048
2026-09-06 19:50:20, Info                  [0x000000] VERBOSESETTINGS: Before OneSettings default snapshot global size max value (MiB): 51200
2026-09-06 19:50:20, Info                  [0x000000] VERBOSESETTINGS: After OneSettings default snapshot global size max value (MiB): 51200
2026-09-06 19:50:20, Info                  [0x000000] Total bytes on volume C:\WINDOWS: 1967930736640
2026-09-06 19:50:20, Info                  [0x000000] DetectManagedStatus: OS Edition: Professional
2026-09-06 19:50:20, Info                  [0x000000] DetectManagedStatus: Professional edition detected, need to further check managed status
2026-09-06 19:50:20, Info                  [0x000000] DetectDomainJoinStatus: Entra joined status: false
2026-09-06 19:50:20, Info                  [0x000000] DetectDomainJoinStatus: AD joined status: false
2026-09-06 19:50:20, Info                  [0x000000] DetectManagedStatus: Detected device management statuses:
2026-09-06 19:50:20, Info                  [0x000000] DetectManagedStatus:    WU Managed: false
2026-09-06 19:50:20, Info                  [0x000000] DetectManagedStatus:    Domain Joined: false
2026-09-06 19:50:20, Info                  [0x000000] DetectManagedStatus:    MDM Enrolled: false
2026-09-06 19:50:20, Info                  [0x000000] DetectManagedStatus: No management signal detected, consider this is an unmanaged device
2026-09-06 19:50:20, Info                  [0x000000] DefaultEnabled: Device is not managed
2026-09-06 19:50:20, Info                  [0x000000] VERSIONTRACK: Will return settings interface version 2
2026-09-06 19:50:20, Info                  [0x000000] Onesettings: Querying Prod server settings-win.data.microsoft.com
2026-09-06 19:50:20, Info                  [0x000000] CPITRTaskHandler::IsSnapshotCreationAllowed: Snapshot creation is allowed
2026-09-06 19:50:22, Info                  [0x000000] CPITRTaskHandler::Worker: Created snapshot with ID: {C3F52E54-ECBF-403B-BF46-85E4A728AC91}
2026-09-06 19:50:22, Info                  [0x000000] CPITRBase::UpdateScheduledTask: Time from latest snapshot : 0
2026-09-06 19:50:22, Info                  [0x000000] CPITRBase::UpdateScheduledTask: System uptime             : 3038
2026-09-06 19:50:22, Info                  [0x000000] CPITRBase::UpdateScheduledTask: Time to next snapshot     : 1440
2026-09-06 19:50:22, Info                  [0x000000] CPITRBase::ReschedulePITRTask: Will reschedule task to start at: 2026-09-07T19:50:22
2026-09-06 19:50:22, Info                  [0x000000] CPITRBase::UpdateScheduledTask: Successfully rescheduled task
2026-09-06 19:50:22, Info                  [0x000000] CPITRBase::UpdateScheduledTask: Successfully set VSS limit to 37535 MB
2026-09-06 19:50:22, Info                  [0x000000] CPITRBase::CleanupSnapshots: Snapshot {91FDC531-35B1-46E5-BBFB-8FA2C5512BBD} is no longer present, will remove the metadata
2026-09-06 19:50:22, Warning               [0x000000] VssDeleteSnapshot: Target snapshot doesn't exist, assume it's already removed
2026-09-06 19:50:22, Info                  [0x000000] CPITRBase::CleanupSnapshots: Snapshot {E5746FFB-A492-4C1E-B4E8-B224B71982D6} is no longer present, will remove the metadata
2026-09-06 19:50:22, Warning               [0x000000] VssDeleteSnapshot: Target snapshot doesn't exist, assume it's already removed
2026-09-07 19:50:22, Info                  [0x000000] VERBOSESETTINGS: Found edition ID: Professional
2026-09-07 19:50:22, Info                  [0x000000] Onesettings: Querying Prod server settings-win.data.microsoft.com
2026-09-07 19:50:22, Info                  [0x000000] VERBOSESETTINGS: Succeeded in creating OneSetting interface
2026-09-07 19:50:22, Info                  [0x000000] VERBOSESETTINGS: Before OneSettings default ON for client: Yes
2026-09-07 19:50:22, Info                  [0x000000] VERBOSESETTINGS: After OneSettings default ON for client: Yes
2026-09-07 19:50:22, Info                  [0x000000] VERBOSESETTINGS: Before OneSettings default ON for server: No
2026-09-07 19:50:22, Info                  [0x000000] VERBOSESETTINGS: After OneSettings default ON for server: No
2026-09-07 19:50:22, Info                  [0x000000] VERBOSESETTINGS: Before OneSettings default minimum volume size (GiB): 200
2026-09-07 19:50:22, Info                  [0x000000] VERBOSESETTINGS: After OneSettings default minimum volume size (GiB): 200
2026-09-07 19:50:22, Info                  [0x000000] VERBOSESETTINGS: Before OneSettings default reboot delay: 30
2026-09-07 19:50:22, Info                  [0x000000] VERBOSESETTINGS: After OneSettings default reboot delay: 30
2026-09-07 19:50:22, Info                  [0x000000] VERBOSESETTINGS: Before OneSettings default snapshot interval: 1440
2026-09-07 19:50:22, Info                  [0x000000] VERBOSESETTINGS: After OneSettings default snapshot interval: 1440
2026-09-07 19:50:22, Info                  [0x000000] VERBOSESETTINGS: Before OneSettings default snapshot max count: -1
2026-09-07 19:50:22, Info                  [0x000000] VERBOSESETTINGS: After OneSettings default snapshot max count: -1
2026-09-07 19:50:22, Info                  [0x000000] VERBOSESETTINGS: Before OneSettings default snapshot max timespan: 4320
2026-09-07 19:50:22, Info                  [0x000000] VERBOSESETTINGS: After OneSettings default snapshot max timespan: 4320
2026-09-07 19:50:22, Info                  [0x000000] VERBOSESETTINGS: Before OneSettings default snapshot global size (MiB): 3072
2026-09-07 19:50:22, Info                  [0x000000] VERBOSESETTINGS: After OneSettings default snapshot global size (MiB): 3072
2026-09-07 19:50:22, Info                  [0x000000] VERBOSESETTINGS: Before OneSettings default snapshot global size percentage: 2
2026-09-07 19:50:22, Info                  [0x000000] VERBOSESETTINGS: After OneSettings default snapshot global size percentage: 2
2026-09-07 19:50:22, Info                  [0x000000] VERBOSESETTINGS: Before OneSettings default snapshot global size min value (MiB): 2048
2026-09-07 19:50:22, Info                  [0x000000] VERBOSESETTINGS: After OneSettings default snapshot global size min value (MiB): 2048
2026-09-07 19:50:22, Info                  [0x000000] VERBOSESETTINGS: Before OneSettings default snapshot global size max value (MiB): 51200
2026-09-07 19:50:22, Info                  [0x000000] VERBOSESETTINGS: After OneSettings default snapshot global size max value (MiB): 51200
2026-09-07 19:50:22, Info                  [0x000000] Total bytes on volume C:\WINDOWS: 1967930736640
2026-09-07 19:50:22, Info                  [0x000000] DetectManagedStatus: OS Edition: Professional
2026-09-07 19:50:22, Info                  [0x000000] DetectManagedStatus: Professional edition detected, need to further check managed status
2026-09-07 19:50:22, Info                  [0x000000] DetectDomainJoinStatus: Entra joined status: false
2026-09-07 19:50:22, Info                  [0x000000] DetectDomainJoinStatus: AD joined status: false
2026-09-07 19:50:22, Info                  [0x000000] DetectManagedStatus: Detected device management statuses:
2026-09-07 19:50:22, Info                  [0x000000] DetectManagedStatus:    WU Managed: false
2026-09-07 19:50:22, Info                  [0x000000] DetectManagedStatus:    Domain Joined: false
2026-09-07 19:50:22, Info                  [0x000000] DetectManagedStatus:    MDM Enrolled: false
2026-09-07 19:50:22, Info                  [0x000000] DetectManagedStatus: No management signal detected, consider this is an unmanaged device
2026-09-07 19:50:22, Info                  [0x000000] DefaultEnabled: Device is not managed
2026-09-07 19:50:22, Info                  [0x000000] VERSIONTRACK: Will return settings interface version 2
2026-09-07 19:50:22, Info                  [0x000000] Onesettings: Querying Prod server settings-win.data.microsoft.com
2026-09-07 19:50:22, Info                  [0x000000] CPITRTaskHandler::IsSnapshotCreationAllowed: Snapshot creation is allowed
2026-09-07 19:50:24, Info                  [0x000000] CPITRTaskHandler::Worker: Created snapshot with ID: {D7F1D606-10ED-45FC-86CE-F2CEDAE035E3}
2026-09-07 19:50:24, Info                  [0x000000] CPITRBase::UpdateScheduledTask: Time from latest snapshot : 0
2026-09-07 19:50:24, Info                  [0x000000] CPITRBase::UpdateScheduledTask: System uptime             : 4478
2026-09-07 19:50:24, Info                  [0x000000] CPITRBase::UpdateScheduledTask: Time to next snapshot     : 1440
2026-09-07 19:50:24, Info                  [0x000000] CPITRBase::ReschedulePITRTask: Will reschedule task to start at: 2026-09-08T19:50:24
2026-09-07 19:50:24, Info                  [0x000000] CPITRBase::UpdateScheduledTask: Successfully rescheduled task
2026-09-07 19:50:24, Info                  [0x000000] CPITRBase::UpdateScheduledTask: Successfully set VSS limit to 37535 MB
2026-09-08 19:50:24, Info                  [0x000000] VERBOSESETTINGS: Found edition ID: Professional
2026-09-08 19:50:24, Info                  [0x000000] Onesettings: Querying Prod server settings-win.data.microsoft.com
2026-09-08 19:50:25, Info                  [0x000000] VERBOSESETTINGS: Succeeded in creating OneSetting interface
2026-09-08 19:50:25, Info                  [0x000000] VERBOSESETTINGS: Before OneSettings default ON for client: Yes
2026-09-08 19:50:25, Info                  [0x000000] VERBOSESETTINGS: After OneSettings default ON for client: Yes
2026-09-08 19:50:25, Info                  [0x000000] VERBOSESETTINGS: Before OneSettings default ON for server: No
2026-09-08 19:50:25, Info                  [0x000000] VERBOSESETTINGS: After OneSettings default ON for server: No
2026-09-08 19:50:25, Info                  [0x000000] VERBOSESETTINGS: Before OneSettings default minimum volume size (GiB): 200
2026-09-08 19:50:25, Info                  [0x000000] VERBOSESETTINGS: After OneSettings default minimum volume size (GiB): 200
2026-09-08 19:50:25, Info                  [0x000000] VERBOSESETTINGS: Before OneSettings default reboot delay: 30
2026-09-08 19:50:25, Info                  [0x000000] VERBOSESETTINGS: After OneSettings default reboot delay: 30
2026-09-08 19:50:25, Info                  [0x000000] VERBOSESETTINGS: Before OneSettings default snapshot interval: 1440
2026-09-08 19:50:25, Info                  [0x000000] VERBOSESETTINGS: After OneSettings default snapshot interval: 1440
2026-09-08 19:50:25, Info                  [0x000000] VERBOSESETTINGS: Before OneSettings default snapshot max count: -1
2026-09-08 19:50:25, Info                  [0x000000] VERBOSESETTINGS: After OneSettings default snapshot max count: -1
2026-09-08 19:50:25, Info                  [0x000000] VERBOSESETTINGS: Before OneSettings default snapshot max timespan: 4320
2026-09-08 19:50:25, Info                  [0x000000] VERBOSESETTINGS: After OneSettings default snapshot max timespan: 4320
2026-09-08 19:50:25, Info                  [0x000000] VERBOSESETTINGS: Before OneSettings default snapshot global size (MiB): 3072
2026-09-08 19:50:25, Info                  [0x000000] VERBOSESETTINGS: After OneSettings default snapshot global size (MiB): 3072
2026-09-08 19:50:25, Info                  [0x000000] VERBOSESETTINGS: Before OneSettings default snapshot global size percentage: 2
2026-09-08 19:50:25, Info                  [0x000000] VERBOSESETTINGS: After OneSettings default snapshot global size percentage: 2
2026-09-08 19:50:25, Info                  [0x000000] VERBOSESETTINGS: Before OneSettings default snapshot global size min value (MiB): 2048
2026-09-08 19:50:25, Info                  [0x000000] VERBOSESETTINGS: After OneSettings default snapshot global size min value (MiB): 2048
2026-09-08 19:50:25, Info                  [0x000000] VERBOSESETTINGS: Before OneSettings default snapshot global size max value (MiB): 51200
2026-09-08 19:50:25, Info                  [0x000000] VERBOSESETTINGS: After OneSettings default snapshot global size max value (MiB): 51200
2026-09-08 19:50:25, Info                  [0x000000] Total bytes on volume C:\WINDOWS: 1967930736640
2026-09-08 19:50:25, Info                  [0x000000] DetectManagedStatus: OS Edition: Professional
2026-09-08 19:50:25, Info                  [0x000000] DetectManagedStatus: Professional edition detected, need to further check managed status
2026-09-08 19:50:25, Info                  [0x000000] DetectDomainJoinStatus: Entra joined status: false
2026-09-08 19:50:25, Info                  [0x000000] DetectDomainJoinStatus: AD joined status: false
2026-09-08 19:50:25, Info                  [0x000000] DetectManagedStatus: Detected device management statuses:
2026-09-08 19:50:25, Info                  [0x000000] DetectManagedStatus:    WU Managed: false
2026-09-08 19:50:25, Info                  [0x000000] DetectManagedStatus:    Domain Joined: false
2026-09-08 19:50:25, Info                  [0x000000] DetectManagedStatus:    MDM Enrolled: false
2026-09-08 19:50:25, Info                  [0x000000] DetectManagedStatus: No management signal detected, consider this is an unmanaged device
2026-09-08 19:50:25, Info                  [0x000000] DefaultEnabled: Device is not managed
2026-09-08 19:50:25, Info                  [0x000000] VERSIONTRACK: Will return settings interface version 2
2026-09-08 19:50:25, Info                  [0x000000] Onesettings: Querying Prod server settings-win.data.microsoft.com
2026-09-08 19:50:25, Info                  [0x000000] CPITRTaskHandler::IsSnapshotCreationAllowed: Snapshot creation is allowed
2026-09-08 19:50:26, Info                  [0x000000] CPITRTaskHandler::Worker: Created snapshot with ID: {1163179B-C1D2-4D74-9DDE-DCBE89788968}
2026-09-08 19:50:26, Info                  [0x000000] CPITRBase::UpdateScheduledTask: Time from latest snapshot : 0
2026-09-08 19:50:26, Info                  [0x000000] CPITRBase::UpdateScheduledTask: System uptime             : 5918
2026-09-08 19:50:26, Info                  [0x000000] CPITRBase::UpdateScheduledTask: Time to next snapshot     : 1440
2026-09-08 19:50:26, Info                  [0x000000] CPITRBase::ReschedulePITRTask: Will reschedule task to start at: 2026-09-09T19:50:26
2026-09-08 19:50:26, Info                  [0x000000] CPITRBase::UpdateScheduledTask: Successfully rescheduled task
2026-09-08 19:50:26, Info                  [0x000000] CPITRBase::UpdateScheduledTask: Successfully set VSS limit to 37535 MB
2026-09-08 19:50:26, Info                  [0x000000] CPITRBase::CleanupSnapshots: Snapshot {C3F52E54-ECBF-403B-BF46-85E4A728AC91} is no longer present, will remove the metadata
2026-09-08 19:50:26, Warning               [0x000000] VssDeleteSnapshot: Target snapshot doesn't exist, assume it's already removed
2026-09-08 19:50:26, Info                  [0x000000] CPITRBase::CleanupSnapshots: Snapshot {D7F1D606-10ED-45FC-86CE-F2CEDAE035E3} is no longer present, will remove the metadata
2026-09-08 19:50:26, Warning               [0x000000] VssDeleteSnapshot: Target snapshot doesn't exist, assume it's already removed
2026-09-10 20:27:53, Info                  [0x000000] VERBOSESETTINGS: Found edition ID: Professional
2026-09-10 20:27:53, Info                  [0x000000] Onesettings: Querying Prod server settings-win.data.microsoft.com
2026-09-10 20:27:53, Info                  [0x000000] VERBOSESETTINGS: Succeeded in creating OneSetting interface
2026-09-10 20:27:53, Info                  [0x000000] VERBOSESETTINGS: Before OneSettings default ON for client: Yes
2026-09-10 20:27:53, Info                  [0x000000] VERBOSESETTINGS: After OneSettings default ON for client: Yes
2026-09-10 20:27:53, Info                  [0x000000] VERBOSESETTINGS: Before OneSettings default ON for server: No
2026-09-10 20:27:53, Info                  [0x000000] VERBOSESETTINGS: After OneSettings default ON for server: No
2026-09-10 20:27:53, Info                  [0x000000] VERBOSESETTINGS: Before OneSettings default minimum volume size (GiB): 200
2026-09-10 20:27:53, Info                  [0x000000] VERBOSESETTINGS: After OneSettings default minimum volume size (GiB): 200
2026-09-10 20:27:53, Info                  [0x000000] VERBOSESETTINGS: Before OneSettings default reboot delay: 30
2026-09-10 20:27:53, Info                  [0x000000] VERBOSESETTINGS: After OneSettings default reboot delay: 30
2026-09-10 20:27:53, Info                  [0x000000] VERBOSESETTINGS: Before OneSettings default snapshot interval: 1440
2026-09-10 20:27:53, Info                  [0x000000] VERBOSESETTINGS: After OneSettings default snapshot interval: 1440
2026-09-10 20:27:53, Info                  [0x000000] VERBOSESETTINGS: Before OneSettings default snapshot max count: -1
2026-09-10 20:27:53, Info                  [0x000000] VERBOSESETTINGS: After OneSettings default snapshot max count: -1
2026-09-10 20:27:53, Info                  [0x000000] VERBOSESETTINGS: Before OneSettings default snapshot max timespan: 4320
2026-09-10 20:27:53, Info                  [0x000000] VERBOSESETTINGS: After OneSettings default snapshot max timespan: 4320
2026-09-10 20:27:53, Info                  [0x000000] VERBOSESETTINGS: Before OneSettings default snapshot global size (MiB): 3072
2026-09-10 20:27:53, Info                  [0x000000] VERBOSESETTINGS: After OneSettings default snapshot global size (MiB): 3072
2026-09-10 20:27:53, Info                  [0x000000] VERBOSESETTINGS: Before OneSettings default snapshot global size percentage: 2
2026-09-10 20:27:53, Info                  [0x000000] VERBOSESETTINGS: After OneSettings default snapshot global size percentage: 2
2026-09-10 20:27:53, Info                  [0x000000] VERBOSESETTINGS: Before OneSettings default snapshot global size min value (MiB): 2048
2026-09-10 20:27:53, Info                  [0x000000] VERBOSESETTINGS: After OneSettings default snapshot global size min value (MiB): 2048
2026-09-10 20:27:53, Info                  [0x000000] VERBOSESETTINGS: Before OneSettings default snapshot global size max value (MiB): 51200
2026-09-10 20:27:53, Info                  [0x000000] VERBOSESETTINGS: After OneSettings default snapshot global size max value (MiB): 51200
2026-09-10 20:27:53, Info                  [0x000000] Total bytes on volume C:\WINDOWS: 1967930736640
2026-09-10 20:27:53, Info                  [0x000000] DetectManagedStatus: OS Edition: Professional
2026-09-10 20:27:53, Info                  [0x000000] DetectManagedStatus: Professional edition detected, need to further check managed status
2026-09-10 20:27:53, Info                  [0x000000] DetectDomainJoinStatus: Entra joined status: false
2026-09-10 20:27:53, Info                  [0x000000] DetectDomainJoinStatus: AD joined status: false
2026-09-10 20:27:53, Info                  [0x000000] DetectManagedStatus: Detected device management statuses:
2026-09-10 20:27:53, Info                  [0x000000] DetectManagedStatus:    WU Managed: false
2026-09-10 20:27:53, Info                  [0x000000] DetectManagedStatus:    Domain Joined: false
2026-09-10 20:27:53, Info                  [0x000000] DetectManagedStatus:    MDM Enrolled: false
2026-09-10 20:27:53, Info                  [0x000000] DetectManagedStatus: No management signal detected, consider this is an unmanaged device
2026-09-10 20:27:53, Info                  [0x000000] DefaultEnabled: Device is not managed
2026-09-10 20:27:53, Info                  [0x000000] VERSIONTRACK: Will return settings interface version 2
2026-09-10 20:27:53, Info                  [0x000000] Onesettings: Querying Prod server settings-win.data.microsoft.com
2026-09-10 20:27:53, Info                  [0x000000] CPITRTaskHandler::IsSnapshotCreationAllowed: Snapshot creation is allowed
2026-09-10 20:27:55, Info                  [0x000000] CPITRTaskHandler::Worker: Created snapshot with ID: {C917208F-880F-47BF-AE74-C23976C278DB}
2026-09-10 20:27:55, Info                  [0x000000] CPITRBase::UpdateScheduledTask: Time from latest snapshot : 0
2026-09-10 20:27:55, Info                  [0x000000] CPITRBase::UpdateScheduledTask: System uptime             : 150
2026-09-10 20:27:55, Info                  [0x000000] CPITRBase::UpdateScheduledTask: Time to next snapshot     : 1440
2026-09-10 20:27:55, Info                  [0x000000] CPITRBase::ReschedulePITRTask: Will reschedule task to start at: 2026-09-11T20:27:55
2026-09-10 20:27:55, Info                  [0x000000] CPITRBase::UpdateScheduledTask: Successfully rescheduled task
2026-09-10 20:27:55, Info                  [0x000000] CPITRBase::UpdateScheduledTask: Successfully set VSS limit to 37535 MB
2026-09-12 00:21:20, Info                  [0x000000] VERBOSESETTINGS: Found edition ID: Professional
2026-09-12 00:21:20, Info                  [0x000000] Onesettings: Querying Prod server settings-win.data.microsoft.com
2026-09-12 00:21:20, Info                  [0x000000] VERBOSESETTINGS: Succeeded in creating OneSetting interface
2026-09-12 00:21:20, Info                  [0x000000] VERBOSESETTINGS: Before OneSettings default ON for client: Yes
2026-09-12 00:21:20, Info                  [0x000000] VERBOSESETTINGS: After OneSettings default ON for client: Yes
2026-09-12 00:21:20, Info                  [0x000000] VERBOSESETTINGS: Before OneSettings default ON for server: No
2026-09-12 00:21:20, Info                  [0x000000] VERBOSESETTINGS: After OneSettings default ON for server: No
2026-09-12 00:21:20, Info                  [0x000000] VERBOSESETTINGS: Before OneSettings default minimum volume size (GiB): 200
2026-09-12 00:21:20, Info                  [0x000000] VERBOSESETTINGS: After OneSettings default minimum volume size (GiB): 200
2026-09-12 00:21:20, Info                  [0x000000] VERBOSESETTINGS: Before OneSettings default reboot delay: 30
2026-09-12 00:21:20, Info                  [0x000000] VERBOSESETTINGS: After OneSettings default reboot delay: 30
2026-09-12 00:21:20, Info                  [0x000000] VERBOSESETTINGS: Before OneSettings default snapshot interval: 1440
2026-09-12 00:21:20, Info                  [0x000000] VERBOSESETTINGS: After OneSettings default snapshot interval: 1440
2026-09-12 00:21:20, Info                  [0x000000] VERBOSESETTINGS: Before OneSettings default snapshot max count: -1
2026-09-12 00:21:20, Info                  [0x000000] VERBOSESETTINGS: After OneSettings default snapshot max count: -1
2026-09-12 00:21:20, Info                  [0x000000] VERBOSESETTINGS: Before OneSettings default snapshot max timespan: 4320
2026-09-12 00:21:20, Info                  [0x000000] VERBOSESETTINGS: After OneSettings default snapshot max timespan: 4320
2026-09-12 00:21:20, Info                  [0x000000] VERBOSESETTINGS: Before OneSettings default snapshot global size (MiB): 3072
2026-09-12 00:21:20, Info                  [0x000000] VERBOSESETTINGS: After OneSettings default snapshot global size (MiB): 3072
2026-09-12 00:21:20, Info                  [0x000000] VERBOSESETTINGS: Before OneSettings default snapshot global size percentage: 2
2026-09-12 00:21:20, Info                  [0x000000] VERBOSESETTINGS: After OneSettings default snapshot global size percentage: 2
2026-09-12 00:21:20, Info                  [0x000000] VERBOSESETTINGS: Before OneSettings default snapshot global size min value (MiB): 2048
2026-09-12 00:21:20, Info                  [0x000000] VERBOSESETTINGS: After OneSettings default snapshot global size min value (MiB): 2048
2026-09-12 00:21:20, Info                  [0x000000] VERBOSESETTINGS: Before OneSettings default snapshot global size max value (MiB): 51200
2026-09-12 00:21:20, Info                  [0x000000] VERBOSESETTINGS: After OneSettings default snapshot global size max value (MiB): 51200
2026-09-12 00:21:20, Info                  [0x000000] Total bytes on volume C:\WINDOWS: 1967930736640
2026-09-12 00:21:20, Info                  [0x000000] DetectManagedStatus: OS Edition: Professional
2026-09-12 00:21:20, Info                  [0x000000] DetectManagedStatus: Professional edition detected, need to further check managed status
2026-09-12 00:21:20, Info                  [0x000000] DetectDomainJoinStatus: Entra joined status: false
2026-09-12 00:21:20, Info                  [0x000000] DetectDomainJoinStatus: AD joined status: false
2026-09-12 00:21:20, Info                  [0x000000] DetectManagedStatus: Detected device management statuses:
2026-09-12 00:21:20, Info                  [0x000000] DetectManagedStatus:    WU Managed: false
2026-09-12 00:21:20, Info                  [0x000000] DetectManagedStatus:    Domain Joined: false
2026-09-12 00:21:20, Info                  [0x000000] DetectManagedStatus:    MDM Enrolled: false
2026-09-12 00:21:20, Info                  [0x000000] DetectManagedStatus: No management signal detected, consider this is an unmanaged device
2026-09-12 00:21:20, Info                  [0x000000] DefaultEnabled: Device is not managed
2026-09-12 00:21:20, Info                  [0x000000] VERSIONTRACK: Will return settings interface version 2
2026-09-12 00:21:20, Info                  [0x000000] Onesettings: Querying Prod server settings-win.data.microsoft.com
2026-09-12 00:21:20, Info                  [0x000000] CPITRTaskHandler::IsSnapshotCreationAllowed: Snapshot creation is allowed
2026-09-12 00:21:23, Info                  [0x000000] CPITRTaskHandler::Worker: Created snapshot with ID: {FDB6AE1B-BF00-4FF1-A103-BB9FE713171B}
2026-09-12 00:21:23, Info                  [0x000000] CPITRBase::UpdateScheduledTask: Time from latest snapshot : 0
2026-09-12 00:21:23, Info                  [0x000000] CPITRBase::UpdateScheduledTask: System uptime             : 1824
2026-09-12 00:21:23, Info                  [0x000000] CPITRBase::UpdateScheduledTask: Time to next snapshot     : 1440
2026-09-12 00:21:23, Info                  [0x000000] CPITRBase::ReschedulePITRTask: Will reschedule task to start at: 2026-09-13T00:21:23
2026-09-12 00:21:23, Info                  [0x000000] CPITRBase::UpdateScheduledTask: Successfully rescheduled task
2026-09-12 00:21:23, Info                  [0x000000] CPITRBase::UpdateScheduledTask: Successfully set VSS limit to 37535 MB
2026-09-12 00:21:23, Info                  [0x000000] CPITRBase::CleanupSnapshots: Snapshot {1163179B-C1D2-4D74-9DDE-DCBE89788968} is too old (4590 minutes vs 4320 max minutes). Removing snapshot.
2026-09-13 00:21:23, Info                  [0x000000] VERBOSESETTINGS: Found edition ID: Professional
2026-09-13 00:21:23, Info                  [0x000000] Onesettings: Querying Prod server settings-win.data.microsoft.com
2026-09-13 00:21:24, Info                  [0x000000] VERBOSESETTINGS: Succeeded in creating OneSetting interface
2026-09-13 00:21:24, Info                  [0x000000] VERBOSESETTINGS: Before OneSettings default ON for client: Yes
2026-09-13 00:21:24, Info                  [0x000000] VERBOSESETTINGS: After OneSettings default ON for client: Yes
2026-09-13 00:21:24, Info                  [0x000000] VERBOSESETTINGS: Before OneSettings default ON for server: No
2026-09-13 00:21:24, Info                  [0x000000] VERBOSESETTINGS: After OneSettings default ON for server: No
2026-09-13 00:21:24, Info                  [0x000000] VERBOSESETTINGS: Before OneSettings default minimum volume size (GiB): 200
2026-09-13 00:21:24, Info                  [0x000000] VERBOSESETTINGS: After OneSettings default minimum volume size (GiB): 200
2026-09-13 00:21:24, Info                  [0x000000] VERBOSESETTINGS: Before OneSettings default reboot delay: 30
2026-09-13 00:21:24, Info                  [0x000000] VERBOSESETTINGS: After OneSettings default reboot delay: 30
2026-09-13 00:21:24, Info                  [0x000000] VERBOSESETTINGS: Before OneSettings default snapshot interval: 1440
2026-09-13 00:21:24, Info                  [0x000000] VERBOSESETTINGS: After OneSettings default snapshot interval: 1440
2026-09-13 00:21:24, Info                  [0x000000] VERBOSESETTINGS: Before OneSettings default snapshot max count: -1
2026-09-13 00:21:24, Info                  [0x000000] VERBOSESETTINGS: After OneSettings default snapshot max count: -1
2026-09-13 00:21:24, Info                  [0x000000] VERBOSESETTINGS: Before OneSettings default snapshot max timespan: 4320
2026-09-13 00:21:24, Info                  [0x000000] VERBOSESETTINGS: After OneSettings default snapshot max timespan: 4320
2026-09-13 00:21:24, Info                  [0x000000] VERBOSESETTINGS: Before OneSettings default snapshot global size (MiB): 3072
2026-09-13 00:21:24, Info                  [0x000000] VERBOSESETTINGS: After OneSettings default snapshot global size (MiB): 3072
2026-09-13 00:21:24, Info                  [0x000000] VERBOSESETTINGS: Before OneSettings default snapshot global size percentage: 2
2026-09-13 00:21:24, Info                  [0x000000] VERBOSESETTINGS: After OneSettings default snapshot global size percentage: 2
2026-09-13 00:21:24, Info                  [0x000000] VERBOSESETTINGS: Before OneSettings default snapshot global size min value (MiB): 2048
2026-09-13 00:21:24, Info                  [0x000000] VERBOSESETTINGS: After OneSettings default snapshot global size min value (MiB): 2048
2026-09-13 00:21:24, Info                  [0x000000] VERBOSESETTINGS: Before OneSettings default snapshot global size max value (MiB): 51200
2026-09-13 00:21:24, Info                  [0x000000] VERBOSESETTINGS: After OneSettings default snapshot global size max value (MiB): 51200
2026-09-13 00:21:24, Info                  [0x000000] Total bytes on volume C:\WINDOWS: 1967930736640
2026-09-13 00:21:24, Info                  [0x000000] DetectManagedStatus: OS Edition: Professional
2026-09-13 00:21:24, Info                  [0x000000] DetectManagedStatus: Professional edition detected, need to further check managed status
2026-09-13 00:21:24, Info                  [0x000000] DetectDomainJoinStatus: Entra joined status: false
2026-09-13 00:21:24, Info                  [0x000000] DetectDomainJoinStatus: AD joined status: false
2026-09-13 00:21:24, Info                  [0x000000] DetectManagedStatus: Detected device management statuses:
2026-09-13 00:21:24, Info                  [0x000000] DetectManagedStatus:    WU Managed: false
2026-09-13 00:21:24, Info                  [0x000000] DetectManagedStatus:    Domain Joined: false
2026-09-13 00:21:24, Info                  [0x000000] DetectManagedStatus:    MDM Enrolled: false
2026-09-13 00:21:24, Info                  [0x000000] DetectManagedStatus: No management signal detected, consider this is an unmanaged device
2026-09-13 00:21:24, Info                  [0x000000] DefaultEnabled: Device is not managed
2026-09-13 00:21:24, Info                  [0x000000] VERSIONTRACK: Will return settings interface version 2
2026-09-13 00:21:24, Info                  [0x000000] Onesettings: Querying Prod server settings-win.data.microsoft.com
2026-09-13 00:21:24, Info                  [0x000000] CPITRTaskHandler::IsSnapshotCreationAllowed: Snapshot creation is allowed
2026-09-13 00:21:26, Info                  [0x000000] CPITRTaskHandler::Worker: Created snapshot with ID: {5D790ECF-D7F2-4115-872A-B06E1EDBC7B2}
2026-09-13 00:21:26, Info                  [0x000000] CPITRBase::UpdateScheduledTask: Time from latest snapshot : 0
2026-09-13 00:21:26, Info                  [0x000000] CPITRBase::UpdateScheduledTask: System uptime             : 3264
2026-09-13 00:21:26, Info                  [0x000000] CPITRBase::UpdateScheduledTask: Time to next snapshot     : 1440
2026-09-13 00:21:26, Info                  [0x000000] CPITRBase::ReschedulePITRTask: Will reschedule task to start at: 2026-09-14T00:21:26
2026-09-13 00:21:26, Info                  [0x000000] CPITRBase::UpdateScheduledTask: Successfully rescheduled task
2026-09-13 00:21:26, Info                  [0x000000] CPITRBase::UpdateScheduledTask: Successfully set VSS limit to 37535 MB
2026-09-14 00:21:26, Info                  [0x000000] VERBOSESETTINGS: Found edition ID: Professional
2026-09-14 00:21:26, Info                  [0x000000] Onesettings: Querying Prod server settings-win.data.microsoft.com
2026-09-14 00:21:26, Info                  [0x000000] VERBOSESETTINGS: Succeeded in creating OneSetting interface
2026-09-14 00:21:26, Info                  [0x000000] VERBOSESETTINGS: Before OneSettings default ON for client: Yes
2026-09-14 00:21:26, Info                  [0x000000] VERBOSESETTINGS: After OneSettings default ON for client: Yes
2026-09-14 00:21:26, Info                  [0x000000] VERBOSESETTINGS: Before OneSettings default ON for server: No
2026-09-14 00:21:26, Info                  [0x000000] VERBOSESETTINGS: After OneSettings default ON for server: No
2026-09-14 00:21:26, Info                  [0x000000] VERBOSESETTINGS: Before OneSettings default minimum volume size (GiB): 200
2026-09-14 00:21:26, Info                  [0x000000] VERBOSESETTINGS: After OneSettings default minimum volume size (GiB): 200
2026-09-14 00:21:26, Info                  [0x000000] VERBOSESETTINGS: Before OneSettings default reboot delay: 30
2026-09-14 00:21:26, Info                  [0x000000] VERBOSESETTINGS: After OneSettings default reboot delay: 30
2026-09-14 00:21:26, Info                  [0x000000] VERBOSESETTINGS: Before OneSettings default snapshot interval: 1440
2026-09-14 00:21:26, Info                  [0x000000] VERBOSESETTINGS: After OneSettings default snapshot interval: 1440
2026-09-14 00:21:26, Info                  [0x000000] VERBOSESETTINGS: Before OneSettings default snapshot max count: -1
2026-09-14 00:21:26, Info                  [0x000000] VERBOSESETTINGS: After OneSettings default snapshot max count: -1
2026-09-14 00:21:26, Info                  [0x000000] VERBOSESETTINGS: Before OneSettings default snapshot max timespan: 4320
2026-09-14 00:21:26, Info                  [0x000000] VERBOSESETTINGS: After OneSettings default snapshot max timespan: 4320
2026-09-14 00:21:26, Info                  [0x000000] VERBOSESETTINGS: Before OneSettings default snapshot global size (MiB): 3072
2026-09-14 00:21:26, Info                  [0x000000] VERBOSESETTINGS: After OneSettings default snapshot global size (MiB): 3072
2026-09-14 00:21:26, Info                  [0x000000] VERBOSESETTINGS: Before OneSettings default snapshot global size percentage: 2
2026-09-14 00:21:26, Info                  [0x000000] VERBOSESETTINGS: After OneSettings default snapshot global size percentage: 2
2026-09-14 00:21:26, Info                  [0x000000] VERBOSESETTINGS: Before OneSettings default snapshot global size min value (MiB): 2048
2026-09-14 00:21:26, Info                  [0x000000] VERBOSESETTINGS: After OneSettings default snapshot global size min value (MiB): 2048
2026-09-14 00:21:26, Info                  [0x000000] VERBOSESETTINGS: Before OneSettings default snapshot global size max value (MiB): 51200
2026-09-14 00:21:26, Info                  [0x000000] VERBOSESETTINGS: After OneSettings default snapshot global size max value (MiB): 51200
2026-09-14 00:21:26, Info                  [0x000000] Total bytes on volume C:\WINDOWS: 1967930736640
2026-09-14 00:21:26, Info                  [0x000000] DetectManagedStatus: OS Edition: Professional
2026-09-14 00:21:26, Info                  [0x000000] DetectManagedStatus: Professional edition detected, need to further check managed status
2026-09-14 00:21:26, Info                  [0x000000] DetectDomainJoinStatus: Entra joined status: false
2026-09-14 00:21:26, Info                  [0x000000] DetectDomainJoinStatus: AD joined status: false
2026-09-14 00:21:26, Info                  [0x000000] DetectManagedStatus: Detected device management statuses:
2026-09-14 00:21:26, Info                  [0x000000] DetectManagedStatus:    WU Managed: false
2026-09-14 00:21:26, Info                  [0x000000] DetectManagedStatus:    Domain Joined: false
2026-09-14 00:21:26, Info                  [0x000000] DetectManagedStatus:    MDM Enrolled: false
2026-09-14 00:21:26, Info                  [0x000000] DetectManagedStatus: No management signal detected, consider this is an unmanaged device
2026-09-14 00:21:26, Info                  [0x000000] DefaultEnabled: Device is not managed
2026-09-14 00:21:26, Info                  [0x000000] VERSIONTRACK: Will return settings interface version 2
2026-09-14 00:21:26, Info                  [0x000000] Onesettings: Querying Prod server settings-win.data.microsoft.com
2026-09-14 00:21:26, Info                  [0x000000] CPITRTaskHandler::IsSnapshotCreationAllowed: Snapshot creation is allowed
2026-09-14 00:21:28, Info                  [0x000000] CPITRTaskHandler::Worker: Created snapshot with ID: {828D5DF3-79A3-4CA1-9130-33E2DBE19927}
2026-09-14 00:21:28, Info                  [0x000000] CPITRBase::UpdateScheduledTask: Time from latest snapshot : 0
2026-09-14 00:21:28, Info                  [0x000000] CPITRBase::UpdateScheduledTask: System uptime             : 4704
2026-09-14 00:21:28, Info                  [0x000000] CPITRBase::UpdateScheduledTask: Time to next snapshot     : 1440
2026-09-14 00:21:28, Info                  [0x000000] CPITRBase::ReschedulePITRTask: Will reschedule task to start at: 2026-09-15T00:21:28
2026-09-14 00:21:28, Info                  [0x000000] CPITRBase::UpdateScheduledTask: Successfully rescheduled task
2026-09-14 00:21:28, Info                  [0x000000] CPITRBase::UpdateScheduledTask: Successfully set VSS limit to 37535 MB
2026-09-14 00:21:28, Info                  [0x000000] CPITRBase::CleanupSnapshots: Snapshot {C917208F-880F-47BF-AE74-C23976C278DB} is no longer present, will remove the metadata
2026-09-14 00:21:28, Warning               [0x000000] VssDeleteSnapshot: Target snapshot doesn't exist, assume it's already removed
2026-09-14 00:21:28, Info                  [0x000000] CPITRBase::CleanupSnapshots: Snapshot {FDB6AE1B-BF00-4FF1-A103-BB9FE713171B} is no longer present, will remove the metadata
2026-09-14 00:21:28, Warning               [0x000000] VssDeleteSnapshot: Target snapshot doesn't exist, assume it's already removed
2026-09-14 00:21:28, Info                  [0x000000] CPITRBase::CleanupSnapshots: Snapshot {5D790ECF-D7F2-4115-872A-B06E1EDBC7B2} is no longer present, will remove the metadata
2026-09-14 00:21:28, Warning               [0x000000] VssDeleteSnapshot: Target snapshot doesn't exist, assume it's already removed
2026-09-15 00:21:28, Info                  [0x000000] VERBOSESETTINGS: Found edition ID: Professional
2026-09-15 00:21:28, Info                  [0x000000] Onesettings: Querying Prod server settings-win.data.microsoft.com
2026-09-15 00:21:29, Info                  [0x000000] VERBOSESETTINGS: Succeeded in creating OneSetting interface
2026-09-15 00:21:29, Info                  [0x000000] VERBOSESETTINGS: Before OneSettings default ON for client: Yes
2026-09-15 00:21:29, Info                  [0x000000] VERBOSESETTINGS: After OneSettings default ON for client: Yes
2026-09-15 00:21:29, Info                  [0x000000] VERBOSESETTINGS: Before OneSettings default ON for server: No
2026-09-15 00:21:29, Info                  [0x000000] VERBOSESETTINGS: After OneSettings default ON for server: No
2026-09-15 00:21:29, Info                  [0x000000] VERBOSESETTINGS: Before OneSettings default minimum volume size (GiB): 200
2026-09-15 00:21:29, Info                  [0x000000] VERBOSESETTINGS: After OneSettings default minimum volume size (GiB): 200
2026-09-15 00:21:29, Info                  [0x000000] VERBOSESETTINGS: Before OneSettings default reboot delay: 30
2026-09-15 00:21:29, Info                  [0x000000] VERBOSESETTINGS: After OneSettings default reboot delay: 30
2026-09-15 00:21:29, Info                  [0x000000] VERBOSESETTINGS: Before OneSettings default snapshot interval: 1440
2026-09-15 00:21:29, Info                  [0x000000] VERBOSESETTINGS: After OneSettings default snapshot interval: 1440
2026-09-15 00:21:29, Info                  [0x000000] VERBOSESETTINGS: Before OneSettings default snapshot max count: -1
2026-09-15 00:21:29, Info                  [0x000000] VERBOSESETTINGS: After OneSettings default snapshot max count: -1
2026-09-15 00:21:29, Info                  [0x000000] VERBOSESETTINGS: Before OneSettings default snapshot max timespan: 4320
2026-09-15 00:21:29, Info                  [0x000000] VERBOSESETTINGS: After OneSettings default snapshot max timespan: 4320
2026-09-15 00:21:29, Info                  [0x000000] VERBOSESETTINGS: Before OneSettings default snapshot global size (MiB): 3072
2026-09-15 00:21:29, Info                  [0x000000] VERBOSESETTINGS: After OneSettings default snapshot global size (MiB): 3072
2026-09-15 00:21:29, Info                  [0x000000] VERBOSESETTINGS: Before OneSettings default snapshot global size percentage: 2
2026-09-15 00:21:29, Info                  [0x000000] VERBOSESETTINGS: After OneSettings default snapshot global size percentage: 2
2026-09-15 00:21:29, Info                  [0x000000] VERBOSESETTINGS: Before OneSettings default snapshot global size min value (MiB): 2048
2026-09-15 00:21:29, Info                  [0x000000] VERBOSESETTINGS: After OneSettings default snapshot global size min value (MiB): 2048
2026-09-15 00:21:29, Info                  [0x000000] VERBOSESETTINGS: Before OneSettings default snapshot global size max value (MiB): 51200
2026-09-15 00:21:29, Info                  [0x000000] VERBOSESETTINGS: After OneSettings default snapshot global size max value (MiB): 51200
2026-09-15 00:21:29, Info                  [0x000000] Total bytes on volume C:\WINDOWS: 1967930736640
2026-09-15 00:21:29, Info                  [0x000000] DetectManagedStatus: OS Edition: Professional
2026-09-15 00:21:29, Info                  [0x000000] DetectManagedStatus: Professional edition detected, need to further check managed status
2026-09-15 00:21:29, Info                  [0x000000] DetectDomainJoinStatus: Entra joined status: false
2026-09-15 00:21:29, Info                  [0x000000] DetectDomainJoinStatus: AD joined status: false
2026-09-15 00:21:29, Info                  [0x000000] DetectManagedStatus: Detected device management statuses:
2026-09-15 00:21:29, Info                  [0x000000] DetectManagedStatus:    WU Managed: false
2026-09-15 00:21:29, Info                  [0x000000] DetectManagedStatus:    Domain Joined: false
2026-09-15 00:21:29, Info                  [0x000000] DetectManagedStatus:    MDM Enrolled: false
2026-09-15 00:21:29, Info                  [0x000000] DetectManagedStatus: No management signal detected, consider this is an unmanaged device
2026-09-15 00:21:29, Info                  [0x000000] DefaultEnabled: Device is not managed
2026-09-15 00:21:29, Info                  [0x000000] VERSIONTRACK: Will return settings interface version 2
2026-09-15 00:21:29, Info                  [0x000000] Onesettings: Querying Prod server settings-win.data.microsoft.com
2026-09-15 00:21:29, Info                  [0x000000] CPITRTaskHandler::IsSnapshotCreationAllowed: Snapshot creation is allowed
2026-09-15 00:21:31, Info                  [0x000000] CPITRTaskHandler::Worker: Created snapshot with ID: {8812084C-F49C-4B77-9D2A-7DB86063A7C3}
2026-09-15 00:21:31, Info                  [0x000000] CPITRBase::UpdateScheduledTask: Time from latest snapshot : 0
2026-09-15 00:21:31, Info                  [0x000000] CPITRBase::UpdateScheduledTask: System uptime             : 6144
2026-09-15 00:21:31, Info                  [0x000000] CPITRBase::UpdateScheduledTask: Time to next snapshot     : 1440
2026-09-15 00:21:31, Info                  [0x000000] CPITRBase::ReschedulePITRTask: Will reschedule task to start at: 2026-09-16T00:21:31
2026-09-15 00:21:31, Info                  [0x000000] CPITRBase::UpdateScheduledTask: Successfully rescheduled task
2026-09-15 00:21:31, Info                  [0x000000] CPITRBase::UpdateScheduledTask: Successfully set VSS limit to 37535 MB
2026-09-15 17:59:32, Info                  [0x000000] VERBOSESETTINGS: Found edition ID: Professional
2026-09-15 17:59:32, Info                  [0x000000] Onesettings: Querying Prod server settings-win.data.microsoft.com
2026-09-15 17:59:33, Info                  [0x000000] VERBOSESETTINGS: Succeeded in creating OneSetting interface
2026-09-15 17:59:33, Info                  [0x000000] VERBOSESETTINGS: Before OneSettings default ON for client: Yes
2026-09-15 17:59:33, Info                  [0x000000] VERBOSESETTINGS: After OneSettings default ON for client: Yes
2026-09-15 17:59:33, Info                  [0x000000] VERBOSESETTINGS: Before OneSettings default ON for server: No
2026-09-15 17:59:33, Info                  [0x000000] VERBOSESETTINGS: After OneSettings default ON for server: No
2026-09-15 17:59:33, Info                  [0x000000] VERBOSESETTINGS: Before OneSettings default minimum volume size (GiB): 200
2026-09-15 17:59:33, Info                  [0x000000] VERBOSESETTINGS: After OneSettings default minimum volume size (GiB): 200
2026-09-15 17:59:33, Info                  [0x000000] VERBOSESETTINGS: Before OneSettings default reboot delay: 30
2026-09-15 17:59:33, Info                  [0x000000] VERBOSESETTINGS: After OneSettings default reboot delay: 30
2026-09-15 17:59:33, Info                  [0x000000] VERBOSESETTINGS: Before OneSettings default snapshot interval: 1440
2026-09-15 17:59:33, Info                  [0x000000] VERBOSESETTINGS: After OneSettings default snapshot interval: 1440
2026-09-15 17:59:33, Info                  [0x000000] VERBOSESETTINGS: Before OneSettings default snapshot max count: -1
2026-09-15 17:59:33, Info                  [0x000000] VERBOSESETTINGS: After OneSettings default snapshot max count: -1
2026-09-15 17:59:33, Info                  [0x000000] VERBOSESETTINGS: Before OneSettings default snapshot max timespan: 4320
2026-09-15 17:59:33, Info                  [0x000000] VERBOSESETTINGS: After OneSettings default snapshot max timespan: 4320
2026-09-15 17:59:33, Info                  [0x000000] VERBOSESETTINGS: Before OneSettings default snapshot global size (MiB): 3072
2026-09-15 17:59:33, Info                  [0x000000] VERBOSESETTINGS: After OneSettings default snapshot global size (MiB): 3072
2026-09-15 17:59:33, Info                  [0x000000] VERBOSESETTINGS: Before OneSettings default snapshot global size percentage: 2
2026-09-15 17:59:33, Info                  [0x000000] VERBOSESETTINGS: After OneSettings default snapshot global size percentage: 2
2026-09-15 17:59:33, Info                  [0x000000] VERBOSESETTINGS: Before OneSettings default snapshot global size min value (MiB): 2048
2026-09-15 17:59:33, Info                  [0x000000] VERBOSESETTINGS: After OneSettings default snapshot global size min value (MiB): 2048
2026-09-15 17:59:33, Info                  [0x000000] VERBOSESETTINGS: Before OneSettings default snapshot global size max value (MiB): 51200
2026-09-15 17:59:33, Info                  [0x000000] VERBOSESETTINGS: After OneSettings default snapshot global size max value (MiB): 51200
2026-09-15 17:59:33, Info                  [0x000000] Total bytes on volume C:\WINDOWS: 1967930736640
2026-09-15 17:59:33, Info                  [0x000000] DetectManagedStatus: OS Edition: Professional
2026-09-15 17:59:33, Info                  [0x000000] DetectManagedStatus: Professional edition detected, need to further check managed status
2026-09-15 17:59:33, Info                  [0x000000] DetectDomainJoinStatus: Entra joined status: false
2026-09-15 17:59:33, Info                  [0x000000] DetectDomainJoinStatus: AD joined status: false
2026-09-15 17:59:33, Info                  [0x000000] DetectManagedStatus: Detected device management statuses:
2026-09-15 17:59:33, Info                  [0x000000] DetectManagedStatus:    WU Managed: false
2026-09-15 17:59:33, Info                  [0x000000] DetectManagedStatus:    Domain Joined: false
2026-09-15 17:59:33, Info                  [0x000000] DetectManagedStatus:    MDM Enrolled: false
2026-09-15 17:59:33, Info                  [0x000000] DetectManagedStatus: No management signal detected, consider this is an unmanaged device
2026-09-15 17:59:33, Info                  [0x000000] DefaultEnabled: Device is not managed
2026-09-15 17:59:33, Info                  [0x000000] VERSIONTRACK: Will return settings interface version 2
2026-09-15 17:59:33, Info                  [0x000000] Onesettings: Querying Prod server settings-win.data.microsoft.com
2026-09-15 17:59:33, Info                  [0x000000] CPITRTaskHandler::IsSnapshotCreationAllowed: Snapshot creation is allowed
2026-09-15 17:59:36, Info                  [0x000000] CPITRTaskHandler::Worker: Created snapshot with ID: {B1CC5D5C-F541-4DAC-A270-1A35765356CA}
2026-09-15 17:59:36, Info                  [0x000000] CPITRBase::UpdateScheduledTask: Time from latest snapshot : 0
2026-09-15 17:59:36, Info                  [0x000000] CPITRBase::UpdateScheduledTask: System uptime             : 90
2026-09-15 17:59:36, Info                  [0x000000] CPITRBase::UpdateScheduledTask: Time to next snapshot     : 1440
2026-09-15 17:59:36, Info                  [0x000000] CPITRBase::ReschedulePITRTask: Will reschedule task to start at: 2026-09-16T17:59:36
2026-09-15 17:59:36, Info                  [0x000000] CPITRBase::UpdateScheduledTask: Successfully rescheduled task
2026-09-15 17:59:36, Info                  [0x000000] CPITRBase::UpdateScheduledTask: Successfully set VSS limit to 37535 MB
2026-09-23 19:34:34, Info                         SetupRecoveryTaskHandler::Worker: Opening root key to query for registered plugins
2026-09-23 19:34:34, Info                         SetupRecoveryTaskHandler::Worker: Successfully opened HKLM Key [SOFTWARE\Microsoft\Windows\CurrentVersion\Setup\TelemetryTask]
2026-09-23 19:34:34, Info                         SetupRecoveryTaskHandler::Worker: Looping through registered plugins to pull out binary information to run
2026-09-23 19:34:34, Info                         SetupRecoveryTaskHandler::Worker: Successfully found [QMRDataTask] as a registered plugin.
2026-09-23 19:34:34, Info                  [0x000000] SetupRecoveryTaskHandler::InternalCallPluginWorker: Successfully opened [QMRDataTask] key
2026-09-23 19:34:34, Info                  [0x000000] SetupRecoveryTaskHandler::InternalCallPluginWorker: Successfully queried the BinaryLocation: [C:\WINDOWS\System32\oobe\QMRDataTask.dll]
2026-09-23 19:34:34, Info                  [0x000000] SetupRecoveryTaskHandler::InternalCallPluginWorker: Expanding the binary location file path in case of environment variable usage
2026-09-23 19:34:34, Info                  [0x000000] SetupRecoveryTaskHandler::InternalCallPluginWorker: Successfully queried the EntryPoint: [QMRDataTaskDoWork]
2026-09-23 19:34:34, Info                  [0x000000] SetupRecoveryTaskHandler::InternalCallPluginWorker: Successfully loaded the binary path
2026-09-23 19:34:34, Info                  [0x000000] SetupRecoveryTaskHandler::InternalCallPluginWorker: Successfully converted entrypoint into UTF-8 for GetProcAddress
2026-09-23 19:34:34, Info                  [0x000000] SetupRecoveryTaskHandler::InternalCallPluginWorker: Successfully got handle to the entry point
2026-09-23 19:34:34, Info                  [0x000000] QMRDataTaskDoWork: Entering QMR Data Task worker function
2026-09-23 19:34:34, Info                  [0x000000] QMRDataTaskDoWork: Creating a settings handle
2026-09-23 19:34:34, Info                  [0x000000] QMRDataTaskDoWork: Initializing settings handle
2026-09-23 19:34:34, Info                  [0x000000] [taskhostw.exe] Enter WinReGetConfig
2026-09-23 19:34:34, Info                  [0x000000] [taskhostw.exe] Parameters: configWinDir: NULL
2026-09-23 19:34:34, Info                  [0x000000] [taskhostw.exe] WinRE config file path: C:\WINDOWS\system32\Recovery\ReAgent.xml
2026-09-23 19:34:34, Info                  [0x000000] [taskhostw.exe] Update enhanced config info is enabled.
2026-09-23 19:34:34, Info                  [0x000000] VERBOSESETTINGS: Found edition ID: Professional
2026-09-23 19:34:34, Info                  [0x000000] Onesettings: Querying Prod server settings-win.data.microsoft.com
2026-09-23 19:34:34, Info                  [0x000000] [taskhostw.exe] WinRE is installed
2026-09-23 19:34:34, Info                  [0x000000] [taskhostw.exe] WinRE is installed at: \\?\GLOBALROOT\device\harddisk1\partition4\Recovery\WindowsRE
2026-09-23 19:34:34, Info                  [0x000000] [taskhostw.exe] System is WimBoot: FALSE
2026-09-23 19:34:34, Info                  [0x000000] [taskhostw.exe] WinRE image validated
2026-09-23 19:34:34, Info                  [0x000000] [taskhostw.exe] Exit WinReGetConfig return value: 1, last error: 0x2
2026-09-23 19:34:34, Info                  [0x000000] QMRDataTaskDoWork: Querying and sending setting information
2026-09-23 19:34:34, Info                  [0x000000] InternalGetSettingAndSendData: Querying setting: [CloudRemediation]
2026-09-23 19:34:34, Info                  [0x000000] InternalGetSettingAndSendData: Queried setting [CloudRemediation] and found value [On]
2026-09-23 19:34:34, Info                  [0x000000] InternalGetSettingAndSendData: Sending telemetry for setting: [CloudRemediation]
2026-09-23 19:34:34, Info                  [0x000000] InternalGetSettingAndSendData: Querying setting: [AutoRemediation]
2026-09-23 19:34:34, Info                  [0x000000] InternalGetSettingAndSendData: Queried setting [AutoRemediation] and found value [On]
2026-09-23 19:34:34, Info                  [0x000000] InternalGetSettingAndSendData: Sending telemetry for setting: [AutoRemediation]
2026-09-23 19:34:34, Info                  [0x000000] InternalGetSettingAndSendData: Querying setting: [HeadlessMode]
2026-09-23 19:34:34, Info                  [0x000000] InternalGetSettingAndSendData: Queried setting [HeadlessMode] and found value [Off]
2026-09-23 19:34:34, Info                  [0x000000] InternalGetSettingAndSendData: Sending telemetry for setting: [HeadlessMode]
2026-09-23 19:34:34, Info                  [0x000000] InternalGetSettingAndSendData: Querying setting: [TotalWaitTime]
2026-09-23 19:34:34, Info                  [0x000000] InternalGetSettingAndSendData: Queried setting [TotalWaitTime] and found value [180]
2026-09-23 19:34:34, Info                  [0x000000] InternalGetSettingAndSendData: Sending telemetry for setting: [TotalWaitTime]
2026-09-23 19:34:34, Info                  [0x000000] InternalGetSettingAndSendData: Querying setting: [WaitInterval]
2026-09-23 19:34:34, Info                  [0x000000] InternalGetSettingAndSendData: Queried setting [WaitInterval] and found value [0]
2026-09-23 19:34:34, Info                  [0x000000] InternalGetSettingAndSendData: Sending telemetry for setting: [WaitInterval]
2026-09-23 19:34:34, Info                  [0x000000] QMRDataTaskDoWork: Querying WinRE enablement and version information
2026-09-23 19:34:34, Info                  [0x000000] QMRDataTaskDoWork: Querying WinRE configuration info
2026-09-23 19:34:34, Info                  [0x000000] [taskhostw.exe] Enter WinReGetConfig
2026-09-23 19:34:34, Info                  [0x000000] [taskhostw.exe] Parameters: configWinDir: NULL
2026-09-23 19:34:34, Info                  [0x000000] [taskhostw.exe] WinRE config file path: C:\WINDOWS\system32\Recovery\ReAgent.xml
2026-09-23 19:34:34, Info                  [0x000000] [taskhostw.exe] Update enhanced config info is enabled.
2026-09-23 19:34:34, Info                  [0x000000] [taskhostw.exe] WinRE is installed
2026-09-23 19:34:34, Info                  [0x000000] [taskhostw.exe] WinRE is installed at: \\?\GLOBALROOT\device\harddisk1\partition4\Recovery\WindowsRE
2026-09-23 19:34:34, Info                  [0x000000] [taskhostw.exe] System is WimBoot: FALSE
2026-09-23 19:34:34, Info                  [0x000000] [taskhostw.exe] WinRE image validated
2026-09-23 19:34:34, Info                  [0x000000] [taskhostw.exe] Exit WinReGetConfig return value: 1, last error: 0x2
2026-09-23 19:34:34, Info                  [0x000000] QMRDataTaskDoWork: IsWinREAvailable [Enabled]
2026-09-23 19:34:34, Info                  [0x000000] QMRDataTaskDoWork: Loading WinREAgent dll
2026-09-23 19:34:34, Info                  [0x000000] QMRDataTaskDoWork: Successfully loaded the binary path
2026-09-23 19:34:34, Info                  [0x000000] QMRDataTaskDoWork: Getting handle to the GetWinREVersion function
2026-09-23 19:34:34, Info                  [0x000000] QMRDataTaskDoWork: Successfully got handle to the GetWinREVersion function
2026-09-23 19:34:34, Info                  [0x000000] LogSession: Starting a new log session at [C:\Windows\Logs\WinREAgent]
2026-09-23 19:34:34, Info                  [0x000000] Enter GetWinREVersionInternal
2026-09-23 19:34:34, Info                  [0x000000] [taskhostw.exe] Enter WinReGetConfig
2026-09-23 19:34:34, Info                  [0x000000] [taskhostw.exe] Parameters: configWinDir: NULL
2026-09-23 19:34:34, Info                  [0x000000] [taskhostw.exe] WinRE config file path: C:\WINDOWS\system32\Recovery\ReAgent.xml
2026-09-23 19:34:34, Info                  [0x000000] [taskhostw.exe] Update enhanced config info is enabled.
2026-09-23 19:34:34, Info                  [0x000000] [taskhostw.exe] WinRE is installed
2026-09-23 19:34:34, Info                  [0x000000] [taskhostw.exe] WinRE is installed at: \\?\GLOBALROOT\device\harddisk1\partition4\Recovery\WindowsRE
2026-09-23 19:34:34, Info                  [0x000000] [taskhostw.exe] System is WimBoot: FALSE
2026-09-23 19:34:34, Info                  [0x000000] [taskhostw.exe] WinRE image validated
2026-09-23 19:34:34, Info                  [0x000000] [taskhostw.exe] Exit WinReGetConfig return value: 1, last error: 0x2
2026-09-23 19:34:34, Info                  [0x0b8000] Initialized Panther logging at C:\Windows\Logs\WinREAgent\setupact.log
2026-09-23 19:34:34, Info                  [0x0b8000] DISM Provider Store: PID=10432 TID=9612 Found and Initialized the DISM Logger. - CDISMProviderStore::Internal_InitializeLogger
2026-09-23 19:34:34, Info                  [0x0b8000] DISM Manager: PID=10432 TID=9612 Successfully created the local image session and provider store. - CDISMManager::CreateLocalImageSession
2026-09-23 19:34:34, Info                  [0x0b8000] DISM Imaging Provider: PID=10432 TID=9612 WIM image specified - CGenericImagingManager::GetImageInfoCollection
2026-09-23 19:34:34, Info                  [0x000000] WinRE version: 10.0.26100.9444
2026-09-23 19:34:34, Info                  [0x000000] Exit GetWinREVersionInternal
2026-09-23 19:34:34, Info                  [0x000000] QMRDataTaskDoWork: WinREVersion [10.0.26100.9444]
2026-09-23 19:34:34, Info                  [0x000000] QMRDataTaskDoWork: Cleaning up variables for QMRDataTask
2026-09-23 19:34:34, Info                  [0x000000] QMRDataTaskDoWork: Exiting QMR Data Task worker function
2026-09-23 19:34:34, Info                  [0x000000] SetupRecoveryTaskHandler::InternalCallPluginWorker: Successfully called the entry point
2026-09-23 19:34:34, Info                  [0x000000] SetupRecoveryTaskHandler::InternalCallPluginWorker: Cleaning up variables for [QMRDataTask]
2026-09-23 19:34:34, Info                  [0x000000] SetupRecoveryTaskHandler::Worker: Cleaning up variables for SetupRecoveryDataTask
2026-09-23 19:34:34, Info                  [0x000000] SetupRecoveryTaskHandler::Worker: Exiting execution of the SetupRecoveryDataTask
2026-09-23 19:34:34, Info                  [0x000000] VERBOSESETTINGS: Succeeded in creating OneSetting interface
2026-09-23 19:34:34, Info                  [0x000000] VERBOSESETTINGS: Before OneSettings default ON for client: Yes
2026-09-23 19:34:34, Info                  [0x000000] VERBOSESETTINGS: After OneSettings default ON for client: Yes
2026-09-23 19:34:34, Info                  [0x000000] VERBOSESETTINGS: Before OneSettings default ON for server: No
2026-09-23 19:34:34, Info                  [0x000000] VERBOSESETTINGS: After OneSettings default ON for server: No
2026-09-23 19:34:34, Info                  [0x000000] VERBOSESETTINGS: Before OneSettings default minimum volume size (GiB): 200
2026-09-23 19:34:34, Info                  [0x000000] VERBOSESETTINGS: After OneSettings default minimum volume size (GiB): 200
2026-09-23 19:34:34, Info                  [0x000000] VERBOSESETTINGS: Before OneSettings default reboot delay: 30
2026-09-23 19:34:34, Info                  [0x000000] VERBOSESETTINGS: After OneSettings default reboot delay: 30
2026-09-23 19:34:34, Info                  [0x000000] VERBOSESETTINGS: Before OneSettings default snapshot interval: 1440
2026-09-23 19:34:34, Info                  [0x000000] VERBOSESETTINGS: After OneSettings default snapshot interval: 1440
2026-09-23 19:34:34, Info                  [0x000000] VERBOSESETTINGS: Before OneSettings default snapshot max count: -1
2026-09-23 19:34:34, Info                  [0x000000] VERBOSESETTINGS: After OneSettings default snapshot max count: -1
2026-09-23 19:34:34, Info                  [0x000000] VERBOSESETTINGS: Before OneSettings default snapshot max timespan: 4320
2026-09-23 19:34:34, Info                  [0x000000] VERBOSESETTINGS: After OneSettings default snapshot max timespan: 4320
2026-09-23 19:34:34, Info                  [0x000000] VERBOSESETTINGS: Before OneSettings default snapshot global size (MiB): 3072
2026-09-23 19:34:34, Info                  [0x000000] VERBOSESETTINGS: After OneSettings default snapshot global size (MiB): 3072
2026-09-23 19:34:34, Info                  [0x000000] VERBOSESETTINGS: Before OneSettings default snapshot global size percentage: 2
2026-09-23 19:34:34, Info                  [0x000000] VERBOSESETTINGS: After OneSettings default snapshot global size percentage: 2
2026-09-23 19:34:34, Info                  [0x000000] VERBOSESETTINGS: Before OneSettings default snapshot global size min value (MiB): 2048
2026-09-23 19:34:34, Info                  [0x000000] VERBOSESETTINGS: After OneSettings default snapshot global size min value (MiB): 2048
2026-09-23 19:34:34, Info                  [0x000000] VERBOSESETTINGS: Before OneSettings default snapshot global size max value (MiB): 51200
2026-09-23 19:34:34, Info                  [0x000000] VERBOSESETTINGS: After OneSettings default snapshot global size max value (MiB): 51200
2026-09-23 19:34:34, Info                  [0x000000] Total bytes on volume C:\WINDOWS: 1967930736640
2026-09-23 19:34:34, Info                  [0x000000] DetectManagedStatus: OS Edition: Professional
2026-09-23 19:34:34, Info                  [0x000000] DetectManagedStatus: Professional edition detected, need to further check managed status
2026-09-23 19:34:34, Info                  [0x000000] DetectDomainJoinStatus: Entra joined status: false
2026-09-23 19:34:34, Info                  [0x000000] DetectDomainJoinStatus: AD joined status: false
2026-09-23 19:34:34, Info                  [0x000000] DetectManagedStatus: Detected device management statuses:
2026-09-23 19:34:34, Info                  [0x000000] DetectManagedStatus:    WU Managed: false
2026-09-23 19:34:34, Info                  [0x000000] DetectManagedStatus:    Domain Joined: false
2026-09-23 19:34:34, Info                  [0x000000] DetectManagedStatus:    MDM Enrolled: false
2026-09-23 19:34:34, Info                  [0x000000] DetectManagedStatus: No management signal detected, consider this is an unmanaged device
2026-09-23 19:34:34, Info                  [0x000000] DefaultEnabled: Device is not managed
2026-09-23 19:34:34, Info                  [0x000000] VERSIONTRACK: Will return settings interface version 2
2026-09-23 19:34:34, Info                  [0x000000] Onesettings: Querying Prod server settings-win.data.microsoft.com
2026-09-23 19:34:34, Info                  [0x000000] CPITRTaskHandler::IsSnapshotCreationAllowed: Snapshot creation is allowed
2026-09-23 19:34:36, Info                  [0x000000] CPITRTaskHandler::Worker: Created snapshot with ID: {B4A1A588-A028-4D4C-AD6D-986B845996E1}
2026-09-23 19:34:36, Info                  [0x000000] CPITRBase::UpdateScheduledTask: Time from latest snapshot : 0
2026-09-23 19:34:36, Info                  [0x000000] CPITRBase::UpdateScheduledTask: System uptime             : 10
2026-09-23 19:34:36, Info                  [0x000000] CPITRBase::UpdateScheduledTask: Time to next snapshot     : 1460
2026-09-23 19:34:36, Info                  [0x000000] CPITRBase::ReschedulePITRTask: Will reschedule task to start at: 2026-09-24T19:54:36
2026-09-23 19:34:36, Info                  [0x000000] CPITRBase::UpdateScheduledTask: Successfully rescheduled task
2026-09-23 19:34:36, Info                  [0x000000] CPITRBase::UpdateScheduledTask: Successfully set VSS limit to 37535 MB
2026-09-23 19:34:36, Info                  [0x000000] CPITRBase::CleanupSnapshots: Snapshot {828D5DF3-79A3-4CA1-9130-33E2DBE19927} is too old (14113 minutes vs 4320 max minutes). Removing snapshot.
2026-09-23 19:34:36, Info                  [0x000000] CPITRBase::CleanupSnapshots: Snapshot {8812084C-F49C-4B77-9D2A-7DB86063A7C3} is too old (12673 minutes vs 4320 max minutes). Removing snapshot.
2026-09-23 19:34:36, Info                  [0x000000] CPITRBase::CleanupSnapshots: Snapshot {B1CC5D5C-F541-4DAC-A270-1A35765356CA} is too old (11615 minutes vs 4320 max minutes). Removing snapshot.
2026-09-23 22:08:27, Info                  [0x000000] VERBOSESETTINGS: Found edition ID: Professional
2026-09-23 22:08:27, Info                  [0x000000] Onesettings: Querying Prod server settings-win.data.microsoft.com
2026-09-23 22:08:27, Info                  [0x000000] VERBOSESETTINGS: Succeeded in creating OneSetting interface
2026-09-23 22:08:27, Info                  [0x000000] VERBOSESETTINGS: Before OneSettings default ON for client: Yes
2026-09-23 22:08:27, Info                  [0x000000] VERBOSESETTINGS: After OneSettings default ON for client: Yes
2026-09-23 22:08:27, Info                  [0x000000] VERBOSESETTINGS: Before OneSettings default ON for server: No
2026-09-23 22:08:27, Info                  [0x000000] VERBOSESETTINGS: After OneSettings default ON for server: No
2026-09-23 22:08:27, Info                  [0x000000] VERBOSESETTINGS: Before OneSettings default minimum volume size (GiB): 200
2026-09-23 22:08:27, Info                  [0x000000] VERBOSESETTINGS: After OneSettings default minimum volume size (GiB): 200
2026-09-23 22:08:27, Info                  [0x000000] VERBOSESETTINGS: Before OneSettings default reboot delay: 30
2026-09-23 22:08:27, Info                  [0x000000] VERBOSESETTINGS: After OneSettings default reboot delay: 30
2026-09-23 22:08:27, Info                  [0x000000] VERBOSESETTINGS: Before OneSettings default snapshot interval: 1440
2026-09-23 22:08:27, Info                  [0x000000] VERBOSESETTINGS: After OneSettings default snapshot interval: 1440
2026-09-23 22:08:27, Info                  [0x000000] VERBOSESETTINGS: Before OneSettings default snapshot max count: -1
2026-09-23 22:08:27, Info                  [0x000000] VERBOSESETTINGS: After OneSettings default snapshot max count: -1
2026-09-23 22:08:27, Info                  [0x000000] VERBOSESETTINGS: Before OneSettings default snapshot max timespan: 4320
2026-09-23 22:08:27, Info                  [0x000000] VERBOSESETTINGS: After OneSettings default snapshot max timespan: 4320
2026-09-23 22:08:27, Info                  [0x000000] VERBOSESETTINGS: Before OneSettings default snapshot global size (MiB): 3072
2026-09-23 22:08:27, Info                  [0x000000] VERBOSESETTINGS: After OneSettings default snapshot global size (MiB): 3072
2026-09-23 22:08:27, Info                  [0x000000] VERBOSESETTINGS: Before OneSettings default snapshot global size percentage: 2
2026-09-23 22:08:27, Info                  [0x000000] VERBOSESETTINGS: After OneSettings default snapshot global size percentage: 2
2026-09-23 22:08:27, Info                  [0x000000] VERBOSESETTINGS: Before OneSettings default snapshot global size min value (MiB): 2048
2026-09-23 22:08:27, Info                  [0x000000] VERBOSESETTINGS: After OneSettings default snapshot global size min value (MiB): 2048
2026-09-23 22:08:27, Info                  [0x000000] VERBOSESETTINGS: Before OneSettings default snapshot global size max value (MiB): 51200
2026-09-23 22:08:27, Info                  [0x000000] VERBOSESETTINGS: After OneSettings default snapshot global size max value (MiB): 51200
2026-09-23 22:08:27, Info                  [0x000000] Total bytes on volume C:\WINDOWS: 1967930736640
2026-09-23 22:08:27, Info                  [0x000000] DetectManagedStatus: OS Edition: Professional
2026-09-23 22:08:27, Info                  [0x000000] DetectManagedStatus: Professional edition detected, need to further check managed status
2026-09-23 22:08:27, Info                  [0x000000] DetectDomainJoinStatus: Entra joined status: false
2026-09-23 22:08:27, Info                  [0x000000] DetectDomainJoinStatus: AD joined status: false
2026-09-23 22:08:27, Info                  [0x000000] DetectManagedStatus: Detected device management statuses:
2026-09-23 22:08:27, Info                  [0x000000] DetectManagedStatus:    WU Managed: false
2026-09-23 22:08:27, Info                  [0x000000] DetectManagedStatus:    Domain Joined: false
2026-09-23 22:08:27, Info                  [0x000000] DetectManagedStatus:    MDM Enrolled: false
2026-09-23 22:08:27, Info                  [0x000000] DetectManagedStatus: No management signal detected, consider this is an unmanaged device
2026-09-23 22:08:27, Info                  [0x000000] DefaultEnabled: Device is not managed
2026-09-23 22:08:27, Info                  [0x000000] VERSIONTRACK: Will return settings interface version 2
2026-09-23 22:08:27, Info                  [0x000000] Onesettings: Querying Prod server settings-win.data.microsoft.com
2026-09-23 22:08:27, Info                  [0x000000] CPITRTaskHandler::IsSnapshotCreationAllowed: Snapshot creation is allowed
2026-09-23 22:08:30, Info                  [0x000000] CPITRTaskHandler::Worker: Created snapshot with ID: {9BF3A11F-344E-4534-8818-EDFFB0DB9171}
2026-09-23 22:08:30, Info                  [0x000000] CPITRBase::UpdateScheduledTask: Time from latest snapshot : 0
2026-09-23 22:08:30, Info                  [0x000000] CPITRBase::UpdateScheduledTask: System uptime             : 136
2026-09-23 22:08:30, Info                  [0x000000] CPITRBase::UpdateScheduledTask: Time to next snapshot     : 1440
2026-09-23 22:08:30, Info                  [0x000000] CPITRBase::ReschedulePITRTask: Will reschedule task to start at: 2026-09-24T22:08:30
2026-09-23 22:08:30, Info                  [0x000000] CPITRBase::UpdateScheduledTask: Successfully rescheduled task
2026-09-23 22:08:30, Info                  [0x000000] CPITRBase::UpdateScheduledTask: Successfully set VSS limit to 37535 MB
2026-09-24 11:36:55, Info                  [0x000000] VERBOSESETTINGS: Found edition ID: Professional
2026-09-24 11:36:55, Info                  [0x000000] Onesettings: Querying Prod server settings-win.data.microsoft.com
2026-09-24 11:36:56, Info                  [0x000000] VERBOSESETTINGS: Succeeded in creating OneSetting interface
2026-09-24 11:36:56, Info                  [0x000000] VERBOSESETTINGS: Before OneSettings default ON for client: Yes
2026-09-24 11:36:56, Info                  [0x000000] VERBOSESETTINGS: After OneSettings default ON for client: Yes
2026-09-24 11:36:56, Info                  [0x000000] VERBOSESETTINGS: Before OneSettings default ON for server: No
2026-09-24 11:36:56, Info                  [0x000000] VERBOSESETTINGS: After OneSettings default ON for server: No
2026-09-24 11:36:56, Info                  [0x000000] VERBOSESETTINGS: Before OneSettings default minimum volume size (GiB): 200
2026-09-24 11:36:56, Info                  [0x000000] VERBOSESETTINGS: After OneSettings default minimum volume size (GiB): 200
2026-09-24 11:36:56, Info                  [0x000000] VERBOSESETTINGS: Before OneSettings default reboot delay: 30
2026-09-24 11:36:56, Info                  [0x000000] VERBOSESETTINGS: After OneSettings default reboot delay: 30
2026-09-24 11:36:56, Info                  [0x000000] VERBOSESETTINGS: Before OneSettings default snapshot interval: 1440
2026-09-24 11:36:56, Info                  [0x000000] VERBOSESETTINGS: After OneSettings default snapshot interval: 1440
2026-09-24 11:36:56, Info                  [0x000000] VERBOSESETTINGS: Before OneSettings default snapshot max count: -1
2026-09-24 11:36:56, Info                  [0x000000] VERBOSESETTINGS: After OneSettings default snapshot max count: -1
2026-09-24 11:36:56, Info                  [0x000000] VERBOSESETTINGS: Before OneSettings default snapshot max timespan: 4320
2026-09-24 11:36:56, Info                  [0x000000] VERBOSESETTINGS: After OneSettings default snapshot max timespan: 4320
2026-09-24 11:36:56, Info                  [0x000000] VERBOSESETTINGS: Before OneSettings default snapshot global size (MiB): 3072
2026-09-24 11:36:56, Info                  [0x000000] VERBOSESETTINGS: After OneSettings default snapshot global size (MiB): 3072
2026-09-24 11:36:56, Info                  [0x000000] VERBOSESETTINGS: Before OneSettings default snapshot global size percentage: 2
2026-09-24 11:36:56, Info                  [0x000000] VERBOSESETTINGS: After OneSettings default snapshot global size percentage: 2
2026-09-24 11:36:56, Info                  [0x000000] VERBOSESETTINGS: Before OneSettings default snapshot global size min value (MiB): 2048
2026-09-24 11:36:56, Info                  [0x000000] VERBOSESETTINGS: After OneSettings default snapshot global size min value (MiB): 2048
2026-09-24 11:36:56, Info                  [0x000000] VERBOSESETTINGS: Before OneSettings default snapshot global size max value (MiB): 51200
2026-09-24 11:36:56, Info                  [0x000000] VERBOSESETTINGS: After OneSettings default snapshot global size max value (MiB): 51200
2026-09-24 11:36:56, Info                  [0x000000] Total bytes on volume C:\WINDOWS: 1967930736640
2026-09-24 11:36:56, Info                  [0x000000] DetectManagedStatus: OS Edition: Professional
2026-09-24 11:36:56, Info                  [0x000000] DetectManagedStatus: Professional edition detected, need to further check managed status
2026-09-24 11:36:56, Info                  [0x000000] DetectDomainJoinStatus: Entra joined status: false
2026-09-24 11:36:56, Info                  [0x000000] DetectDomainJoinStatus: AD joined status: false
2026-09-24 11:36:56, Info                  [0x000000] DetectManagedStatus: Detected device management statuses:
2026-09-24 11:36:56, Info                  [0x000000] DetectManagedStatus:    WU Managed: false
2026-09-24 11:36:56, Info                  [0x000000] DetectManagedStatus:    Domain Joined: false
2026-09-24 11:36:56, Info                  [0x000000] DetectManagedStatus:    MDM Enrolled: false
2026-09-24 11:36:56, Info                  [0x000000] DetectManagedStatus: No management signal detected, consider this is an unmanaged device
2026-09-24 11:36:56, Info                  [0x000000] DefaultEnabled: Device is not managed
2026-09-24 11:36:56, Info                  [0x000000] VERSIONTRACK: Will return settings interface version 2
2026-09-24 11:36:56, Info                  [0x000000] Onesettings: Querying Prod server settings-win.data.microsoft.com
2026-09-24 11:36:56, Info                  [0x000000] CPITRTaskHandler::IsSnapshotCreationAllowed: Snapshot creation is allowed
2026-09-24 11:36:58, Info                  [0x000000] CPITRTaskHandler::Worker: Created snapshot with ID: {42C770A5-417F-4E8D-8EF6-F7BE24617571}
2026-09-24 11:36:59, Info                  [0x000000] CPITRBase::UpdateScheduledTask: Time from latest snapshot : 0
2026-09-24 11:36:59, Info                  [0x000000] CPITRBase::UpdateScheduledTask: System uptime             : 45
2026-09-24 11:36:59, Info                  [0x000000] CPITRBase::UpdateScheduledTask: Time to next snapshot     : 1440
2026-09-24 11:36:59, Info                  [0x000000] CPITRBase::ReschedulePITRTask: Will reschedule task to start at: 2026-09-25T11:36:59
2026-09-24 11:36:59, Info                  [0x000000] CPITRBase::UpdateScheduledTask: Successfully rescheduled task
2026-09-24 11:36:59, Info                  [0x000000] CPITRBase::UpdateScheduledTask: Successfully set VSS limit to 37535 MB
