{"mean":{"confidence_interval":{"confidence_level":0.95,"lower_bound":-0.0010010236040496048,"upper_bound":0.011738339219157163},"point_estimate":0.005553336881568116,"standard_error":0.0032455259106669732},"median":{"confidence_interval":{"confidence_level":0.95,"lower_bound":0.0005947815817306523,"upper_bound":0.010535645729007781},"point_estimate":0.005748361526542123,"standard_error":0.0024984410880957435}}