{"mean":{"confidence_interval":{"confidence_level":0.95,"lower_bound":-0.005325636109745313,"upper_bound":0.00965919689029973},"point_estimate":0.0025290368905392935,"standard_error":0.0038328479834550955},"median":{"confidence_interval":{"confidence_level":0.95,"lower_bound":0.0018333788150497465,"upper_bound":0.01206290274743016},"point_estimate":0.006137893511132475,"standard_error":0.0025419245845931682}}