{"mean":{"confidence_interval":{"confidence_level":0.95,"lower_bound":-0.03619893590991996,"upper_bound":-0.0295563254169729},"point_estimate":-0.033050099299338,"standard_error":0.0016930619002547805},"median":{"confidence_interval":{"confidence_level":0.95,"lower_bound":-0.03809445081535956,"upper_bound":-0.032033071478485574},"point_estimate":-0.03523144409448431,"standard_error":0.0015797191366786602}}