{"mean":{"confidence_interval":{"confidence_level":0.95,"lower_bound":-0.0212184256259078,"upper_bound":-0.00022041364575245184},"point_estimate":-0.009402293080964075,"standard_error":0.005382697169486097},"median":{"confidence_interval":{"confidence_level":0.95,"lower_bound":-0.009406306516672291,"upper_bound":-0.0023290805709156315},"point_estimate":-0.005772518752925948,"standard_error":0.0017629394730373726}}