{"mean":{"confidence_interval":{"confidence_level":0.95,"lower_bound":-0.033469598195408665,"upper_bound":-0.002784796293849022},"point_estimate":-0.018541177610478243,"standard_error":0.0077796855446021435},"median":{"confidence_interval":{"confidence_level":0.95,"lower_bound":-0.028193877725685823,"upper_bound":0.002255306801430601},"point_estimate":-0.013306542491708484,"standard_error":0.007689737457363891}}