{"mean":{"confidence_interval":{"confidence_level":0.95,"lower_bound":-0.02008576159964846,"upper_bound":-0.008671442801487225},"point_estimate":-0.013723232633062299,"standard_error":0.0029287495419038274},"median":{"confidence_interval":{"confidence_level":0.95,"lower_bound":-0.01097599227007895,"upper_bound":-0.005158454804328305},"point_estimate":-0.008451230746099103,"standard_error":0.0014459312999263833}}