{"mean":{"confidence_interval":{"confidence_level":0.95,"lower_bound":-0.009706281874955557,"upper_bound":-0.0018504507599640346},"point_estimate":-0.005790595568268886,"standard_error":0.001995962037813952},"median":{"confidence_interval":{"confidence_level":0.95,"lower_bound":-0.00421215292088184,"upper_bound":-0.00110750399700986},"point_estimate":-0.0031604189540498373,"standard_error":0.0008249825684906414}}