{"mean":{"confidence_interval":{"confidence_level":0.95,"lower_bound":0.052204440533546115,"upper_bound":0.06744053859825919},"point_estimate":0.06054493575185549,"standard_error":0.0038997941538742695},"median":{"confidence_interval":{"confidence_level":0.95,"lower_bound":0.06294663940598129,"upper_bound":0.06813455051529038},"point_estimate":0.06516996391381347,"standard_error":0.0013526097905388456}}