{"mean":{"confidence_interval":{"confidence_level":0.95,"lower_bound":-0.03870306667941906,"upper_bound":-0.014188858285573562},"point_estimate":-0.026270389041162523,"standard_error":0.006252196453941907},"median":{"confidence_interval":{"confidence_level":0.95,"lower_bound":-0.01782831157897702,"upper_bound":-0.009762282281899237},"point_estimate":-0.013278435442575898,"standard_error":0.002203664748285621}}