{"mean":{"confidence_interval":{"confidence_level":0.95,"lower_bound":-0.004590920358864148,"upper_bound":-0.0008356311226904722},"point_estimate":-0.0026800257048889,"standard_error":0.0009609494008995295},"median":{"confidence_interval":{"confidence_level":0.95,"lower_bound":-0.0048802078171193974,"upper_bound":-0.0007296523810370603},"point_estimate":-0.003138448141115413,"standard_error":0.0010853313194676103}}