{"mean":{"confidence_interval":{"confidence_level":0.95,"lower_bound":-0.0006043573931556685,"upper_bound":0.008871332513714638},"point_estimate":0.0040623341818408765,"standard_error":0.002402621270660733},"median":{"confidence_interval":{"confidence_level":0.95,"lower_bound":0.0009905221773995887,"upper_bound":0.005644141562639593},"point_estimate":0.002594889990256144,"standard_error":0.0012519546001109768}}