{"mean":{"confidence_interval":{"confidence_level":0.95,"lower_bound":-0.0072751983115767384,"upper_bound":-0.0014734113467704212},"point_estimate":-0.004332561987299366,"standard_error":0.001482366994405145},"median":{"confidence_interval":{"confidence_level":0.95,"lower_bound":-0.003654120535232286,"upper_bound":0.0020412868076347124},"point_estimate":-0.0003783661823204554,"standard_error":0.0013922099318583172}}