{"mean":{"confidence_interval":{"confidence_level":0.95,"lower_bound":-0.05522446152409903,"upper_bound":-0.025728872095597356},"point_estimate":-0.03859896815271957,"standard_error":0.0076414279314662},"median":{"confidence_interval":{"confidence_level":0.95,"lower_bound":-0.029338099746915258,"upper_bound":-0.025826928842660513},"point_estimate":-0.027336518377785057,"standard_error":0.000909613587418831}}