{"mean":{"confidence_interval":{"confidence_level":0.95,"lower_bound":-0.0014695304524979824,"upper_bound":0.0017224051236592874},"point_estimate":0.00013000270961871507,"standard_error":0.0008081694154047024},"median":{"confidence_interval":{"confidence_level":0.95,"lower_bound":-0.0009018437163149651,"upper_bound":0.0019981709031841976},"point_estimate":0.0009557961288906291,"standard_error":0.0007519591487014556}}