{"mean":{"confidence_interval":{"confidence_level":0.95,"lower_bound":-0.016134057300190054,"upper_bound":0.0028385624900776705},"point_estimate":-0.006713277173608145,"standard_error":0.004835010125348179},"median":{"confidence_interval":{"confidence_level":0.95,"lower_bound":-0.014337399343160532,"upper_bound":0.005278272683453853},"point_estimate":-0.003907265092046752,"standard_error":0.0050997803786173015}}