{"mean":{"confidence_interval":{"confidence_level":0.95,"lower_bound":-0.0005959139282330658,"upper_bound":0.004195879377967192},"point_estimate":0.0016848976452732423,"standard_error":0.0012303840571997477},"median":{"confidence_interval":{"confidence_level":0.95,"lower_bound":-0.0006632881459586182,"upper_bound":0.00263143970939117},"point_estimate":0.0002713671742926582,"standard_error":0.0008353878436745861}}