{"mean":{"confidence_interval":{"confidence_level":0.95,"lower_bound":-0.009931545372229466,"upper_bound":0.000016943125321075542},"point_estimate":-0.0047488936717535735,"standard_error":0.002542998676864902},"median":{"confidence_interval":{"confidence_level":0.95,"lower_bound":-0.002944812095635463,"upper_bound":0.0018134777961791304},"point_estimate":-0.0007356582201630824,"standard_error":0.001271167897854654}}