{"mean":{"confidence_interval":{"confidence_level":0.95,"lower_bound":-0.05300531432794021,"upper_bound":-0.04061713217752539},"point_estimate":-0.047208859176895435,"standard_error":0.0031517358625301997},"median":{"confidence_interval":{"confidence_level":0.95,"lower_bound":-0.050340281739177595,"upper_bound":-0.0403993295723688},"point_estimate":-0.047044113733298976,"standard_error":0.0025726903906411747}}