{"mean":{"confidence_interval":{"confidence_level":0.95,"lower_bound":-0.007854915401764771,"upper_bound":0.0036875876075645225},"point_estimate":-0.002117893475109933,"standard_error":0.0029436429574649812},"median":{"confidence_interval":{"confidence_level":0.95,"lower_bound":-0.009501794813994602,"upper_bound":0.0026847708264738923},"point_estimate":-0.004831133305119084,"standard_error":0.0033069827622980784}}