{"mean":{"confidence_interval":{"confidence_level":0.95,"lower_bound":-0.010129923568490268,"upper_bound":0.004165903581814334},"point_estimate":-0.0034642638389046354,"standard_error":0.0036131869954305956},"median":{"confidence_interval":{"confidence_level":0.95,"lower_bound":-0.010509252007322,"upper_bound":0.0010249090909135875},"point_estimate":-0.005805892492561249,"standard_error":0.002904498051765103}}