{"mean":{"confidence_interval":{"confidence_level":0.95,"lower_bound":-0.004906523230999248,"upper_bound":0.003908626831334903},"point_estimate":-0.0008531356376829669,"standard_error":0.0022452544428566055},"median":{"confidence_interval":{"confidence_level":0.95,"lower_bound":-0.004681751015964464,"upper_bound":-0.0006335425388251878},"point_estimate":-0.0034880466938550514,"standard_error":0.0010108158303353853}}