{"mean":{"confidence_interval":{"confidence_level":0.95,"lower_bound":-0.059865269989599026,"upper_bound":-0.03810394552176692},"point_estimate":-0.04887859494623992,"standard_error":0.005576495093789795},"median":{"confidence_interval":{"confidence_level":0.95,"lower_bound":-0.05787645439986844,"upper_bound":-0.03807454692184338},"point_estimate":-0.0501376983738312,"standard_error":0.004720146164397093}}