{"mean":{"confidence_interval":{"confidence_level":0.95,"lower_bound":-0.03495977825698343,"upper_bound":-0.029856459580363592},"point_estimate":-0.032325390961232436,"standard_error":0.001308179375191396},"median":{"confidence_interval":{"confidence_level":0.95,"lower_bound":-0.03389359243186052,"upper_bound":-0.029780198171764916},"point_estimate":-0.031967316141488844,"standard_error":0.0010765565992731257}}