{"mean":{"confidence_interval":{"confidence_level":0.95,"lower_bound":-0.00023769670908156646,"upper_bound":0.0055835856768205435},"point_estimate":0.0026212622544690145,"standard_error":0.0015080330259453793},"median":{"confidence_interval":{"confidence_level":0.95,"lower_bound":-0.0004612443331356575,"upper_bound":0.003572300087290259},"point_estimate":0.0015632709972241976,"standard_error":0.0010220861950587389}}