{"mean":{"confidence_interval":{"confidence_level":0.95,"lower_bound":-0.012650563606427889,"upper_bound":0.004622310778405656},"point_estimate":-0.0038040004994613907,"standard_error":0.004407047344969688},"median":{"confidence_interval":{"confidence_level":0.95,"lower_bound":0.00028414025879408555,"upper_bound":0.006553113068754612},"point_estimate":0.003773661366369918,"standard_error":0.0016549162599973424}}