{"mean":{"confidence_interval":{"confidence_level":0.95,"lower_bound":-0.009605793018539296,"upper_bound":-0.0008062431837448868},"point_estimate":-0.004923974288670974,"standard_error":0.002243674035469441},"median":{"confidence_interval":{"confidence_level":0.95,"lower_bound":-0.002900058998092203,"upper_bound":0.0006707365628295658},"point_estimate":-0.0010961233818491678,"standard_error":0.0009204338705017612}}