{"mean":{"confidence_interval":{"confidence_level":0.95,"lower_bound":-0.005471024727493406,"upper_bound":0.002119355958067818},"point_estimate":-0.0014283672828010463,"standard_error":0.0019288785503111313},"median":{"confidence_interval":{"confidence_level":0.95,"lower_bound":-0.0013652697236326006,"upper_bound":0.002177953126342169},"point_estimate":0.0005766796342996372,"standard_error":0.0009215231694495816}}